1422885434596,54.8,1.0,
1422885439597,54.8,1.0,
1422885444592,54.8,1.0,
1422885449596,51.5,1.0,
1422885454597,51.5,1.0,
1422885459596,51.5,1.0,
1422885464593,51.5,1.0,
1422885469594,92.9,1.0,
1422885474599,92.9,1.0,
1422885479603,92.9,1.0,
1422885484598,92.9,1.0,
1422885489602,92.9,1.0,
1422885494600,92.9,1.0,
1422885499602,92.9,1.0,
1422885504602,92.9,1.0,
1422885509603,92.9,1.0,
1422885514601,92.9,1.0,
1422885519601,92.9,1.0,
1422885524607,92.9,1.0,
1422885529601,79.1,1.0,
1422885534606,79.1,1.0,
1422885539601,79.1,1.0,
1422885544602,79.1,1.0,
1422885549602,85.4,1.0,
1422885554602,85.4,1.0,
1422885559604,85.4,1.0,
1422885564603,85.4,1.0,
1422885569603,86.0,1.0,
1422885574603,86.0,1.0,EventProcessingUnit,ScaleOut,
1422885579605,86.0,1.0,EventProcessingUnit,ScaleOut,
1422885584605,86.0,1.0,EventProcessingUnit,ScaleOut,
1422885589608,90.0,1.0,EventProcessingUnit,ScaleOut,
1422885594612,90.0,1.0,EventProcessingUnit,ScaleOut,
1422885599606,90.0,1.0,EventProcessingUnit,ScaleOut,
1422885604609,90.0,1.0,EventProcessingUnit,ScaleOut,
1422885609606,87.0,1.0,EventProcessingUnit,ScaleOut,
1422885614607,87.0,1.0,EventProcessingUnit,ScaleOut,
1422885619607,87.0,1.0,EventProcessingUnit,ScaleOut,
1422885624607,87.0,1.0,EventProcessingUnit,ScaleOut,
1422885629608,87.2,1.0,EventProcessingUnit,ScaleOut,
1422885634608,87.2,1.0,EventProcessingUnit,ScaleOut,
1422885639608,87.2,1.0,EventProcessingUnit,ScaleOut,
1422885644608,87.2,1.0,EventProcessingUnit,ScaleOut,
1422885649609,91.3,1.0,EventProcessingUnit,ScaleOut,
1422885654609,91.3,1.0,EventProcessingUnit,ScaleOut,
1422885659609,91.3,1.0,EventProcessingUnit,ScaleOut,
1422885664610,91.3,1.0,EventProcessingUnit,ScaleOut,
1422885669610,86.9,1.0,EventProcessingUnit,ScaleOut,
1422885674613,86.9,1.0,EventProcessingUnit,ScaleOut,
1422885679612,86.9,1.0,EventProcessingUnit,ScaleOut,
1422885684616,86.9,1.0,EventProcessingUnit,ScaleOut,
1422885689624,88.2,1.0,EventProcessingUnit,ScaleOut,
1422885694612,88.2,1.0,EventProcessingUnit,ScaleOut,
1422885699612,88.2,1.0,EventProcessingUnit,ScaleOut,
1422885704612,88.2,1.0,EventProcessingUnit,ScaleOut,
1422885709615,85.7,1.0,EventProcessingUnit,ScaleOut,
1422885714614,85.7,1.0,EventProcessingUnit,ScaleOut,
1422885719613,85.7,1.0,EventProcessingUnit,ScaleOut,
1422885724613,85.7,1.0,EventProcessingUnit,ScaleOut,
1422885729615,88.0,1.0,EventProcessingUnit,ScaleOut,
1422885734614,88.0,1.0,EventProcessingUnit,ScaleOut,
1422885739642,88.0,1.0,EventProcessingUnit,ScaleOut,
1422885744619,88.0,1.0,EventProcessingUnit,ScaleOut,
1422885749622,87.2,1.0,EventProcessingUnit,ScaleOut,
1422885754620,87.2,1.0,EventProcessingUnit,ScaleOut,
1422885759620,87.2,1.0,EventProcessingUnit,ScaleOut,
1422885764620,87.2,1.0,EventProcessingUnit,ScaleOut,
1422885769621,91.0,1.0,EventProcessingUnit,ScaleOut,
1422885774621,91.0,1.0,EventProcessingUnit,ScaleOut,
1422885779622,91.0,1.0,EventProcessingUnit,ScaleOut,
1422885784627,91.0,1.0,EventProcessingUnit,ScaleOut,
1422885789622,91.9,1.0,EventProcessingUnit,ScaleOut,
1422885794643,91.9,1.0,EventProcessingUnit,ScaleOut,
1422885799622,91.9,1.0,EventProcessingUnit,ScaleOut,
1422885804623,91.9,1.0,EventProcessingUnit,ScaleOut,
1422885809623,87.0,1.0,EventProcessingUnit,ScaleOut,
1422885814623,87.0,1.0,EventProcessingUnit,ScaleOut,
1422885819623,87.0,1.0,EventProcessingUnit,ScaleOut,
1422885824625,87.0,1.0,
1422885829624,93.0,1.0,
1422885834640,93.0,1.0,
1422885839625,93.0,1.0,
1422885844627,93.0,1.0,
1422885849627,91.9,1.0,
1422885854626,91.9,1.0,
1422885859630,91.9,1.0,
1422885864628,91.9,1.0,
1422885869627,92.4,1.0,
1422885874630,92.4,1.0,
1422885879628,92.4,1.0,
1422885884628,92.4,1.0,
1422885889631,80.6,1.0,
1422885894639,80.6,1.0,
1422885899633,80.6,1.0,
1422885904633,80.6,1.0,
1422885909634,89.8,1.0,
1422885914633,89.8,1.0,
1422885919642,89.8,1.0,
1422885924636,89.8,1.0,
1422885929641,84.4,1.0,
1422885934637,84.4,1.0,
1422885939636,84.4,1.0,
1422885944638,84.4,1.0,
1422885949638,91.0,1.0,
1422885954638,91.0,1.0,
1422885959637,91.0,1.0,
1422885964638,91.0,1.0,
1422885969638,84.6,1.0,
1422885974638,84.6,1.0,EventProcessingUnit,ScaleIn,
1422885979640,84.6,1.0,EventProcessingUnit,ScaleIn,
1422885984641,84.6,1.0,EventProcessingUnit,ScaleIn,
1422885989639,88.8,1.0,
1422885994639,88.8,1.0,
1422885999646,88.8,1.0,
1422886004640,88.8,1.0,
1422886009640,88.8,1.0,
1422886014657,88.8,1.0,
1422886019642,88.8,1.0,
1422886024648,88.8,1.0,
1422886029649,92.0,1.0,
1422886034650,92.0,1.0,
1422886039651,92.0,1.0,
1422886044650,92.0,1.0,
1422886049652,91.5,1.0,
1422886054650,91.5,1.0,
1422886059651,91.5,1.0,
1422886064649,91.5,1.0,
1422886069652,91.5,1.0,
1422886074654,91.5,1.0,
1422886079653,91.5,1.0,
1422886084655,91.5,1.0,
1422886089653,92.3,1.0,
1422886094657,92.3,1.0,
1422886099655,92.3,1.0,
1422886104657,92.3,1.0,
1422886109661,91.0,1.0,
1422886114658,91.0,1.0,
1422886119656,91.0,1.0,
1422886124657,91.0,1.0,
1422886129657,92.4,1.0,
1422886134657,92.4,1.0,DataNodeUnit,ScaleOut,
1422886139659,92.4,1.0,DataNodeUnit,ScaleOut,
1422886144657,92.4,1.0,DataNodeUnit,ScaleOut,
1422886149660,89.7,1.0,DataNodeUnit,ScaleOut,
1422886154660,89.7,1.0,DataNodeUnit,ScaleOut,
1422886159658,89.7,1.0,DataNodeUnit,ScaleOut,
1422886164660,89.7,1.0,DataNodeUnit,ScaleOut,
1422886169658,92.1,1.0,DataNodeUnit,ScaleOut,
1422886174661,92.1,1.0,DataNodeUnit,ScaleOut,
1422886179660,92.1,1.0,DataNodeUnit,ScaleOut,
1422886184660,92.1,1.0,DataNodeUnit,ScaleOut,
1422886189664,93.4,1.0,DataNodeUnit,ScaleOut,
1422886194663,93.4,1.0,DataNodeUnit,ScaleOut,
1422886199663,93.4,1.0,DataNodeUnit,ScaleOut,
1422886204661,93.4,1.0,DataNodeUnit,ScaleOut,
1422886209663,83.0,1.0,DataNodeUnit,ScaleOut,
1422886214662,83.0,1.0,DataNodeUnit,ScaleOut,
1422886219662,83.0,1.0,DataNodeUnit,ScaleOut,
1422886224673,83.0,1.0,DataNodeUnit,ScaleOut,
1422886229664,90.5,1.0,DataNodeUnit,ScaleOut,
1422886234663,90.5,1.0,DataNodeUnit,ScaleOut,
1422886239664,90.5,1.0,DataNodeUnit,ScaleOut,
1422886244675,90.5,1.0,DataNodeUnit,ScaleOut,
1422886249677,86.5,1.0,DataNodeUnit,ScaleOut,
1422886254666,86.5,1.0,DataNodeUnit,ScaleOut,
1422886259667,86.5,1.0,
1422886264667,86.5,1.0,
1422886269667,91.9,1.0,
1422886274666,91.9,1.0,
1422886279673,91.9,1.0,
1422886284671,91.9,1.0,
1422886289670,91.0,1.0,
1422886294672,91.0,1.0,
1422886299672,91.0,1.0,
1422886304675,91.0,1.0,
1422886309672,91.8,1.0,
1422886314670,91.8,1.0,
1422886319671,91.8,1.0,
1422886324680,91.8,1.0,
1422886329671,91.8,1.0,
1422886334671,91.8,1.0,
1422886339675,91.8,1.0,
1422886344674,91.8,1.0,
1422886349672,93.6,1.0,
1422886354673,93.6,1.0,
1422886359672,93.6,1.0,
1422886364673,93.6,1.0,
1422886369673,91.4,1.0,
1422886374674,91.4,1.0,
1422886379673,91.4,1.0,
1422886384674,91.4,1.0,
1422886389674,94.4,1.0,
1422886394675,94.4,1.0,
1422886399677,94.4,1.0,DataNodeUnit,ScaleOut,
1422886404678,94.4,1.0,DataNodeUnit,ScaleOut,
1422886409677,94.4,1.0,DataNodeUnit,ScaleOut,
1422886414675,94.4,1.0,DataNodeUnit,ScaleOut,
1422886419678,94.4,1.0,DataNodeUnit,ScaleOut,
1422886424677,94.4,1.0,DataNodeUnit,ScaleOut,
1422886429677,89.1,1.0,DataNodeUnit,ScaleOut,
1422886434678,89.1,1.0,DataNodeUnit,ScaleOut,
1422886439677,89.1,1.0,DataNodeUnit,ScaleOut,
1422886444677,89.1,1.0,DataNodeUnit,ScaleOut,
1422886449680,95.2,1.0,DataNodeUnit,ScaleOut,
1422886454678,95.2,1.0,DataNodeUnit,ScaleOut,
1422886459681,95.2,1.0,DataNodeUnit,ScaleOut,
1422886464680,95.2,1.0,DataNodeUnit,ScaleOut,
1422886469683,88.6,1.0,DataNodeUnit,ScaleOut,
1422886474681,88.6,1.0,DataNodeUnit,ScaleOut,
1422886479681,88.6,1.0,DataNodeUnit,ScaleOut,
1422886484681,88.6,1.0,DataNodeUnit,ScaleOut,
1422886489684,91.3,1.0,DataNodeUnit,ScaleOut,
1422886494685,91.3,1.0,DataNodeUnit,ScaleOut,
1422886499682,91.3,1.0,DataNodeUnit,ScaleOut,
1422886504682,91.3,1.0,DataNodeUnit,ScaleOut,
1422886509682,91.3,1.0,DataNodeUnit,ScaleOut,
1422886514686,91.3,1.0,DataNodeUnit,ScaleOut,
1422886519682,91.3,1.0,
1422886524685,91.3,1.0,
1422886529684,90.9,1.0,
1422886534688,90.9,1.0,
1422886539704,90.9,1.0,
1422886544684,90.9,1.0,
1422886549684,90.9,1.0,
1422886554686,90.9,1.0,
1422886559687,90.9,1.0,
1422886564685,90.9,1.0,
1422886569685,91.6,1.0,
1422886574686,91.6,1.0,
1422886579687,91.6,1.0,
1422886584689,91.6,1.0,
1422886589689,95.8,1.0,
1422886594689,95.8,1.0,
1422886599690,95.8,1.0,
1422886604689,95.8,1.0,
1422886609691,91.5,1.0,
1422886614690,91.5,1.0,
1422886619690,91.5,1.0,
1422886624691,91.5,1.0,
1422886629692,95.4,1.0,
1422886634689,95.4,1.0,
1422886639693,95.4,1.0,
1422886644692,95.4,1.0,
1422886649691,90.0,1.0,
1422886654690,90.0,1.0,
1422886659691,90.0,1.0,
1422886664693,90.0,1.0,
1422886669691,94.7,1.0,
1422886674692,94.7,1.0,
1422886679692,94.7,1.0,
1422886684699,94.7,1.0,
1422886689694,93.3,1.0,
1422886694693,93.3,1.0,
1422886699695,93.3,1.0,
1422886704695,93.3,1.0,
1422886709706,93.3,1.0,
1422886714703,93.3,1.0,DataNodeUnit,ScaleOut,
1422886719703,93.3,1.0,DataNodeUnit,ScaleOut,
1422886724702,93.3,1.0,DataNodeUnit,ScaleOut,
1422886729704,91.6,1.0,DataNodeUnit,ScaleOut,
1422886734703,91.6,1.0,DataNodeUnit,ScaleOut,
1422886739702,91.6,1.0,DataNodeUnit,ScaleOut,
1422886744704,91.6,1.0,DataNodeUnit,ScaleOut,
1422886749706,94.9,1.0,DataNodeUnit,ScaleOut,
1422886754704,94.9,1.0,DataNodeUnit,ScaleOut,
1422886759705,94.9,1.0,DataNodeUnit,ScaleOut,
1422886764705,94.9,1.0,DataNodeUnit,ScaleOut,
1422886769707,94.9,1.0,DataNodeUnit,ScaleOut,
1422886774706,94.9,1.0,DataNodeUnit,ScaleOut,
1422886779705,94.9,1.0,DataNodeUnit,ScaleOut,
1422886784706,94.9,1.0,DataNodeUnit,ScaleOut,
1422886789709,90.9,1.0,DataNodeUnit,ScaleOut,
1422886794710,90.9,1.0,DataNodeUnit,ScaleOut,
1422886799707,90.9,1.0,DataNodeUnit,ScaleOut,
1422886804709,90.9,1.0,DataNodeUnit,ScaleOut,
1422886809709,90.9,1.0,DataNodeUnit,ScaleOut,
1422886814710,90.9,1.0,DataNodeUnit,ScaleOut,
1422886819709,90.9,1.0,DataNodeUnit,ScaleOut,
1422886824709,90.9,1.0,DataNodeUnit,ScaleOut,
1422886829709,91.8,1.0,DataNodeUnit,ScaleOut,
1422886834733,91.8,1.0,DataNodeUnit,ScaleOut,
1422886839721,91.8,1.0,DataNodeUnit,ScaleOut,
1422886844723,91.8,1.0,
1422886849724,93.8,1.0,
1422886854726,93.8,1.0,
1422886859726,93.8,1.0,
1422886864723,93.8,1.0,
1422886869728,92.4,1.0,
1422886874728,92.4,1.0,
1422886879727,92.4,1.0,
1422886884728,92.4,1.0,
1422886889728,92.4,1.0,
1422886894729,92.4,1.0,
1422886899728,92.4,1.0,
1422886904727,92.4,1.0,
1422886909732,91.7,1.0,
1422886914730,91.7,1.0,
1422886919730,91.7,1.0,
1422886924730,91.7,1.0,
1422886929732,96.3,1.0,
1422886934733,96.3,1.0,
1422886939730,96.3,1.0,
1422886944731,96.3,1.0,
1422886949731,96.3,1.0,
1422886954736,96.3,1.0,
1422886959735,96.3,1.0,
1422886964765,96.3,1.0,
1422886969765,92.0,1.0,
1422886974774,92.0,1.0,
1422886979765,92.0,1.0,
1422886984765,92.0,1.0,
1422886989764,95.0,1.0,
1422886994765,95.0,1.0,
1422886999765,95.0,1.0,
1422887004765,95.0,1.0,
1422887009765,91.0,1.0,
1422887014766,91.0,1.0,
1422887019768,91.0,1.0,
1422887024768,91.0,1.0,
1422887029770,95.8,1.0,
1422887034769,95.8,1.0,
1422887039811,95.8,1.0,
1422887044769,95.8,1.0,
1422887049769,93.6,1.0,
1422887054770,93.6,1.0,
1422887059771,93.6,1.0,
1422887064772,93.6,1.0,
1422887069771,96.1,1.0,
1422887074772,96.1,1.0,
1422887079770,96.1,1.0,
1422887084771,96.1,1.0,
1422887089773,91.1,1.0,
1422887094773,91.1,1.0,
1422887099774,91.1,1.0,
1422887104775,91.1,1.0,
1422887109774,96.0,1.0,
1422887114775,96.0,1.0,
1422887119782,96.0,1.0,
1422887124773,96.0,1.0,
1422887129775,96.0,1.0,
1422887134775,96.0,1.0,DataNodeUnit,ScaleOut,
1422887139781,96.0,1.0,DataNodeUnit,ScaleOut,
1422887144775,96.0,1.0,DataNodeUnit,ScaleOut,
1422887149776,90.9,1.0,DataNodeUnit,ScaleOut,
1422887154778,90.9,1.0,DataNodeUnit,ScaleOut,
1422887159776,90.9,1.0,DataNodeUnit,ScaleOut,
1422887164777,90.9,1.0,DataNodeUnit,ScaleOut,
1422887169777,95.4,1.0,DataNodeUnit,ScaleOut,
1422887174779,95.4,1.0,DataNodeUnit,ScaleOut,
1422887179778,95.4,1.0,DataNodeUnit,ScaleOut,
1422887184777,95.4,1.0,DataNodeUnit,ScaleOut,
1422887189779,91.5,1.0,DataNodeUnit,ScaleOut,
1422887194780,91.5,1.0,DataNodeUnit,ScaleOut,
1422887199780,91.5,1.0,DataNodeUnit,ScaleOut,
1422887204779,91.5,1.0,DataNodeUnit,ScaleOut,
1422887209784,95.8,1.0,DataNodeUnit,ScaleOut,
1422887214779,95.8,1.0,DataNodeUnit,ScaleOut,
1422887219779,95.8,1.0,DataNodeUnit,ScaleOut,
1422887224780,95.8,1.0,DataNodeUnit,ScaleOut,
1422887229816,92.7,1.0,DataNodeUnit,ScaleOut,
1422887234785,92.7,1.0,DataNodeUnit,ScaleOut,
1422887239784,92.7,1.0,DataNodeUnit,ScaleOut,
1422887244784,92.7,1.0,DataNodeUnit,ScaleOut,
1422887249785,96.1,1.0,DataNodeUnit,ScaleOut,
1422887254783,96.1,1.0,DataNodeUnit,ScaleOut,
1422887259785,96.1,1.0,DataNodeUnit,ScaleOut,
1422887264791,96.1,1.0,
1422887269786,89.4,1.0,
1422887274786,89.4,1.0,
1422887279789,89.4,1.0,
1422887284786,89.4,1.0,
1422887289787,95.8,1.0,
1422887294822,95.8,1.0,
1422887299787,95.8,1.0,
1422887304787,95.8,1.0,
1422887309789,95.8,1.0,
1422887314788,95.8,1.0,
1422887319790,95.8,1.0,
1422887324792,95.8,1.0,
1422887329791,90.9,1.0,
1422887334792,90.9,1.0,
1422887339790,90.9,1.0,
1422887344791,90.9,1.0,
1422887349793,96.2,1.0,
1422887354792,96.2,1.0,
1422887359791,96.2,1.0,
1422887364794,96.2,1.0,
1422887369792,92.3,1.0,
1422887374794,92.3,1.0,
1422887379797,92.3,1.0,
1422887384795,92.3,1.0,
1422887389806,94.8,1.0,
1422887394794,94.8,1.0,
1422887399796,94.8,1.0,
1422887404797,94.8,1.0,
1422887409798,93.0,1.0,
1422887414797,93.0,1.0,
1422887419797,93.0,1.0,
1422887424798,93.0,1.0,
1422887429797,94.6,1.0,
1422887434800,94.6,1.0,
1422887439804,94.6,1.0,
1422887444800,94.6,1.0,
1422887449801,90.9,1.0,
1422887454801,90.9,1.0,
1422887459804,90.9,1.0,
1422887464804,90.9,1.0,
1422887469808,96.4,1.0,
1422887474806,96.4,1.0,
1422887479824,96.4,1.0,
1422887484806,96.4,1.0,
1422887489806,90.3,1.0,
1422887494807,90.3,1.0,
1422887499808,90.3,1.0,
1422887504807,90.3,1.0,
1422887509807,96.1,1.0,
1422887514808,96.1,1.0,
1422887519808,96.1,1.0,EventProcessingUnit,ScaleOut,
1422887524811,96.1,1.0,EventProcessingUnit,ScaleOut,
1422887529810,93.1,1.0,EventProcessingUnit,ScaleOut,
1422887534809,93.1,1.0,EventProcessingUnit,ScaleOut,
1422887539810,93.1,1.0,EventProcessingUnit,ScaleOut,
1422887544810,93.1,1.0,EventProcessingUnit,ScaleOut,
1422887549809,95.8,1.0,EventProcessingUnit,ScaleOut,
1422887554815,95.8,1.0,EventProcessingUnit,ScaleOut,
1422887559810,95.8,1.0,EventProcessingUnit,ScaleOut,
1422887564811,95.8,1.0,EventProcessingUnit,ScaleOut,
1422887569811,92.2,1.0,EventProcessingUnit,ScaleOut,
1422887574811,92.2,1.0,EventProcessingUnit,ScaleOut,
1422887579814,92.2,1.0,EventProcessingUnit,ScaleOut,
1422887584827,92.2,1.0,EventProcessingUnit,ScaleOut,
1422887589813,96.2,1.0,EventProcessingUnit,ScaleOut,
1422887594813,96.2,1.0,EventProcessingUnit,ScaleOut,
1422887599813,96.2,1.0,EventProcessingUnit,ScaleOut,
1422887604813,96.2,1.0,EventProcessingUnit,ScaleOut,
1422887609815,96.2,1.0,EventProcessingUnit,ScaleOut,
1422887614820,96.2,1.0,EventProcessingUnit,ScaleOut,
1422887619817,96.2,1.0,EventProcessingUnit,ScaleOut,
1422887624818,96.2,1.0,EventProcessingUnit,ScaleOut,
1422887629818,90.2,1.0,EventProcessingUnit,ScaleOut,
1422887634817,90.2,1.0,EventProcessingUnit,ScaleOut,
1422887639820,90.2,1.0,EventProcessingUnit,ScaleOut,
1422887644821,90.2,1.0,EventProcessingUnit,ScaleOut,
1422887649820,96.2,1.0,EventProcessingUnit,ScaleOut,
1422887654819,96.2,1.0,EventProcessingUnit,ScaleOut,
1422887659821,96.2,1.0,EventProcessingUnit,ScaleOut,
1422887664819,96.2,1.0,EventProcessingUnit,ScaleOut,
1422887669819,89.1,1.0,EventProcessingUnit,ScaleOut,
1422887674822,89.1,1.0,EventProcessingUnit,ScaleOut,
1422887679822,89.1,1.0,EventProcessingUnit,ScaleOut,
1422887684821,89.1,1.0,EventProcessingUnit,ScaleOut,
1422887689823,96.0,1.0,EventProcessingUnit,ScaleOut,
1422887694822,96.0,1.0,EventProcessingUnit,ScaleOut,
1422887699824,96.0,1.0,EventProcessingUnit,ScaleOut,
1422887704821,96.0,1.0,EventProcessingUnit,ScaleOut,
1422887709823,94.0,1.0,EventProcessingUnit,ScaleOut,
1422887714823,94.0,1.0,EventProcessingUnit,ScaleOut,
1422887719823,94.0,1.0,EventProcessingUnit,ScaleOut,
1422887724823,94.0,1.0,EventProcessingUnit,ScaleOut,
1422887729823,95.3,1.0,EventProcessingUnit,ScaleOut,
1422887734824,95.3,1.0,EventProcessingUnit,ScaleOut,
1422887739823,95.3,1.0,EventProcessingUnit,ScaleOut,
1422887744824,95.3,1.0,
1422887749827,90.7,1.0,
1422887754824,90.7,1.0,
1422887759826,90.7,1.0,
1422887764825,90.7,1.0,
1422887769829,96.5,1.0,
1422887774828,96.5,1.0,
1422887779827,96.5,1.0,
1422887784828,96.5,1.0,
1422887789827,96.5,1.0,
1422887794829,96.5,1.0,
1422887799828,96.5,1.0,
1422887804828,96.5,1.0,
1422887809828,90.9,1.0,
1422887814830,90.9,1.0,
1422887819829,90.9,1.0,
1422887824829,90.9,1.0,
1422887829831,95.5,1.0,
1422887834842,95.5,1.0,
1422887839832,95.5,1.0,
1422887844832,95.5,1.0,
1422887849834,88.1,1.0,
1422887854834,88.1,1.0,
1422887859840,88.1,1.0,
1422887864833,88.1,1.0,DataNodeUnit,ScaleOut,
1422887869835,94.9,1.0,DataNodeUnit,ScaleOut,
1422887874834,94.9,1.0,DataNodeUnit,ScaleOut,
1422887879835,94.9,1.0,DataNodeUnit,ScaleOut,
1422887884835,94.9,1.0,DataNodeUnit,ScaleOut,
1422887889835,89.5,1.0,DataNodeUnit,ScaleOut,
1422887894836,89.5,1.0,DataNodeUnit,ScaleOut,
1422887899836,89.5,1.0,DataNodeUnit,ScaleOut,
1422887904837,89.5,1.0,DataNodeUnit,ScaleOut,
1422887909838,94.6,1.0,DataNodeUnit,ScaleOut,
1422887914836,94.6,1.0,DataNodeUnit,ScaleOut,
1422887919839,94.6,1.0,DataNodeUnit,ScaleOut,
1422887924838,94.6,1.0,DataNodeUnit,ScaleOut,
1422887929839,88.2,1.0,DataNodeUnit,ScaleOut,
1422887934837,88.2,1.0,DataNodeUnit,ScaleOut,
1422887939838,88.2,1.0,DataNodeUnit,ScaleOut,
1422887944839,88.2,1.0,DataNodeUnit,ScaleOut,
1422887949838,95.9,1.0,DataNodeUnit,ScaleOut,
1422887954841,95.9,1.0,DataNodeUnit,ScaleOut,
1422887959840,95.9,1.0,DataNodeUnit,ScaleOut,
1422887964841,95.9,1.0,DataNodeUnit,ScaleOut,
1422887969844,95.9,1.0,DataNodeUnit,ScaleOut,
1422887974844,95.9,1.0,DataNodeUnit,ScaleOut,
1422887979841,95.9,1.0,DataNodeUnit,ScaleOut,
1422887984843,95.9,1.0,DataNodeUnit,ScaleOut,
1422887989843,89.7,1.0,DataNodeUnit,ScaleOut,
1422887994842,89.7,1.0,DataNodeUnit,ScaleOut,
1422887999843,89.7,1.0,
1422888004843,89.7,1.0,
1422888009845,94.3,1.0,
1422888014843,94.3,1.0,
1422888019844,94.3,1.0,
1422888024845,94.3,1.0,
1422888029845,89.0,1.0,
1422888034844,89.0,1.0,
1422888039845,89.0,1.0,
1422888044846,89.0,1.0,
1422888049846,92.7,1.0,
1422888054846,92.7,1.0,
1422888059847,92.7,1.0,
1422888064847,92.7,1.0,
1422888069862,91.2,1.0,
1422888074849,91.2,1.0,
1422888079847,91.2,1.0,
1422888084850,91.2,1.0,
1422888089848,94.9,1.0,
1422888094849,94.9,1.0,
1422888099848,94.9,1.0,
1422888104849,94.9,1.0,EventProcessingUnit,ScaleOut,
1422888109851,90.4,1.0,EventProcessingUnit,ScaleOut,
1422888114849,90.4,1.0,EventProcessingUnit,ScaleOut,
1422888119853,90.4,1.0,EventProcessingUnit,ScaleOut,
1422888124850,90.4,1.0,EventProcessingUnit,ScaleOut,
1422888129851,95.9,1.0,EventProcessingUnit,ScaleOut,
1422888134853,95.9,1.0,EventProcessingUnit,ScaleOut,
1422888139859,95.9,1.0,EventProcessingUnit,ScaleOut,
1422888144852,95.9,1.0,EventProcessingUnit,ScaleOut,
1422888149871,89.7,1.0,EventProcessingUnit,ScaleOut,
1422888154870,89.7,1.0,EventProcessingUnit,ScaleOut,
1422888159871,89.7,1.0,EventProcessingUnit,ScaleOut,
1422888164871,89.7,1.0,EventProcessingUnit,ScaleOut,
1422888169875,89.7,1.0,EventProcessingUnit,ScaleOut,
1422888174871,89.7,1.0,EventProcessingUnit,ScaleOut,
1422888179872,89.7,1.0,EventProcessingUnit,ScaleOut,
1422888184873,89.7,1.0,EventProcessingUnit,ScaleOut,
1422888189872,93.3,1.0,EventProcessingUnit,ScaleOut,
1422888194874,93.3,1.0,EventProcessingUnit,ScaleOut,
1422888199874,93.3,1.0,EventProcessingUnit,ScaleOut,
1422888204874,93.3,1.0,EventProcessingUnit,ScaleOut,
1422888209874,95.5,1.0,EventProcessingUnit,ScaleOut,
1422888214875,95.5,1.0,EventProcessingUnit,ScaleOut,
1422888219877,95.5,1.0,EventProcessingUnit,ScaleOut,
1422888224879,95.5,1.0,EventProcessingUnit,ScaleOut,
1422888229876,95.5,1.0,EventProcessingUnit,ScaleOut,
1422888234889,95.5,1.0,EventProcessingUnit,ScaleOut,
1422888239880,95.5,1.0,EventProcessingUnit,ScaleOut,
1422888244878,95.5,1.0,EventProcessingUnit,ScaleOut,
1422888249878,90.2,1.0,EventProcessingUnit,ScaleOut,
1422888254878,90.2,1.0,EventProcessingUnit,ScaleOut,
1422888259879,90.2,1.0,EventProcessingUnit,ScaleOut,
1422888264880,90.2,1.0,EventProcessingUnit,ScaleOut,
1422888269885,95.0,1.0,EventProcessingUnit,ScaleOut,
1422888274881,95.0,1.0,EventProcessingUnit,ScaleOut,
1422888279880,95.0,1.0,EventProcessingUnit,ScaleOut,
1422888284880,95.0,1.0,EventProcessingUnit,ScaleOut,
1422888289880,85.9,1.0,EventProcessingUnit,ScaleOut,
1422888294880,85.9,1.0,EventProcessingUnit,ScaleOut,
1422888299881,85.9,1.0,EventProcessingUnit,ScaleOut,
1422888304892,85.9,1.0,EventProcessingUnit,ScaleOut,
1422888309893,96.4,1.0,EventProcessingUnit,ScaleOut,
1422888314893,96.4,1.0,EventProcessingUnit,ScaleOut,
1422888319893,96.4,1.0,EventProcessingUnit,ScaleOut,
1422888324893,96.4,1.0,EventProcessingUnit,ScaleOut,
1422888329894,89.9,1.0,EventProcessingUnit,ScaleOut,
1422888334894,89.9,1.0,EventProcessingUnit,ScaleOut,
1422888339894,89.9,1.0,EventProcessingUnit,ScaleOut,
1422888344895,89.9,1.0,EventProcessingUnit,ScaleOut,
1422888349898,95.6,1.0,EventProcessingUnit,ScaleOut,
1422888354896,95.6,1.0,EventProcessingUnit,ScaleOut,
1422888359896,95.6,1.0,EventProcessingUnit,ScaleOut,
1422888364896,95.6,1.0,EventProcessingUnit,ScaleOut,
1422888369900,93.4,1.0,EventProcessingUnit,ScaleOut,
1422888374899,93.4,1.0,EventProcessingUnit,ScaleOut,
1422888379900,93.4,1.0,
1422888384898,93.4,1.0,
1422888389898,94.8,1.0,
1422888394899,94.8,1.0,
1422888399899,94.8,1.0,
1422888404899,94.8,1.0,
1422888409907,88.6,1.0,
1422888414906,88.6,1.0,
1422888419899,88.6,1.0,
1422888424910,88.6,1.0,
1422888429902,95.8,1.0,
1422888434901,95.8,1.0,
1422888439901,95.8,1.0,
1422888444902,95.8,1.0,
1422888449902,95.8,1.0,
1422888454902,95.8,1.0,
1422888459904,95.8,1.0,
1422888464920,95.8,1.0,
1422888469906,87.5,1.0,
1422888474905,87.5,1.0,
1422888479907,87.5,1.0,
1422888484907,87.5,1.0,
1422888489907,87.5,1.0,
1422888494909,87.5,1.0,
1422888499908,87.5,1.0,
1422888504910,87.5,1.0,EventProcessingUnit,ScaleIn,
1422888509908,87.5,1.0,EventProcessingUnit,ScaleIn,
1422888514909,87.5,1.0,EventProcessingUnit,ScaleIn,
1422888519910,87.5,1.0,
1422888524910,87.5,1.0,
1422888529909,93.5,1.0,
1422888534910,93.5,1.0,
1422888539910,93.5,1.0,
1422888544910,93.5,1.0,
1422888549911,91.6,1.0,
1422888554911,91.6,1.0,
1422888559911,91.6,1.0,
1422888564912,91.6,1.0,
1422888569912,96.3,1.0,
1422888574914,96.3,1.0,
1422888579916,96.3,1.0,
1422888584914,96.3,1.0,
1422888589914,94.1,1.0,
1422888594914,94.1,1.0,
1422888599914,94.1,1.0,
1422888604919,94.1,1.0,
1422888609917,91.4,1.0,
1422888614915,91.4,1.0,
1422888619916,91.4,1.0,
1422888624916,91.4,1.0,
1422888629917,94.4,1.0,
1422888634920,94.4,1.0,DataNodeUnit,ScaleIn,
1422888639917,94.4,1.0,DataNodeUnit,ScaleIn,
1422888644917,94.4,1.0,DataNodeUnit,ScaleIn,
1422888649917,87.6,1.0,DataNodeUnit,ScaleIn,
1422888654919,87.6,1.0,
1422888659925,87.6,1.0,
1422888664918,87.6,1.0,
1422888669918,96.4,1.0,
1422888674920,96.4,1.0,
1422888679920,96.4,1.0,
1422888684920,96.4,1.0,
1422888689922,93.0,1.0,
1422888694920,93.0,1.0,
1422888699920,93.0,1.0,
1422888704921,93.0,1.0,
1422888709922,93.0,1.0,
1422888714922,93.0,1.0,EventProcessingUnit,ScaleOut,
1422888719923,93.0,1.0,EventProcessingUnit,ScaleOut,
1422888724923,93.0,1.0,EventProcessingUnit,ScaleOut,
1422888729923,91.6,1.0,EventProcessingUnit,ScaleOut,
1422888734923,91.6,1.0,EventProcessingUnit,ScaleOut,
1422888739924,91.6,1.0,EventProcessingUnit,ScaleOut,
1422888744923,91.6,1.0,EventProcessingUnit,ScaleOut,
1422888749924,96.0,1.0,EventProcessingUnit,ScaleOut,
1422888754929,96.0,1.0,EventProcessingUnit,ScaleOut,
1422888759927,96.0,1.0,EventProcessingUnit,ScaleOut,
1422888764928,96.0,1.0,EventProcessingUnit,ScaleOut,
1422888769928,94.2,1.0,EventProcessingUnit,ScaleOut,
1422888774927,94.2,1.0,EventProcessingUnit,ScaleOut,
1422888779928,94.2,1.0,EventProcessingUnit,ScaleOut,
1422888784928,94.2,1.0,EventProcessingUnit,ScaleOut,
1422888789930,94.2,1.0,EventProcessingUnit,ScaleOut,
1422888794930,94.2,1.0,EventProcessingUnit,ScaleOut,
1422888799931,94.2,1.0,EventProcessingUnit,ScaleOut,
1422888804930,94.2,1.0,EventProcessingUnit,ScaleOut,
1422888809930,94.3,1.0,EventProcessingUnit,ScaleOut,
1422888814930,94.3,1.0,EventProcessingUnit,ScaleOut,
1422888819932,94.3,1.0,EventProcessingUnit,ScaleOut,
1422888824954,94.3,1.0,EventProcessingUnit,ScaleOut,
1422888829931,89.8,1.0,EventProcessingUnit,ScaleOut,
1422888834934,89.8,1.0,EventProcessingUnit,ScaleOut,
1422888839933,89.8,1.0,EventProcessingUnit,ScaleOut,
1422888844931,89.8,1.0,EventProcessingUnit,ScaleOut,
1422888849933,94.3,1.0,EventProcessingUnit,ScaleOut,
1422888854933,94.3,1.0,EventProcessingUnit,ScaleOut,
1422888859933,94.3,1.0,EventProcessingUnit,ScaleOut,
1422888864934,94.3,1.0,EventProcessingUnit,ScaleOut,
1422888869934,91.9,1.0,EventProcessingUnit,ScaleOut,
1422888874934,91.9,1.0,EventProcessingUnit,ScaleOut,
1422888879934,91.9,1.0,EventProcessingUnit,ScaleOut,
1422888884936,91.9,1.0,EventProcessingUnit,ScaleOut,
1422888889934,95.3,1.0,EventProcessingUnit,ScaleOut,
1422888894934,95.3,1.0,EventProcessingUnit,ScaleOut,
1422888899935,95.3,1.0,EventProcessingUnit,ScaleOut,
1422888904935,95.3,1.0,EventProcessingUnit,ScaleOut,
1422888909942,91.0,1.0,EventProcessingUnit,ScaleOut,
1422888914935,91.0,1.0,EventProcessingUnit,ScaleOut,
1422888919939,91.0,1.0,EventProcessingUnit,ScaleOut,
1422888924937,91.0,1.0,EventProcessingUnit,ScaleOut,
1422888929936,95.0,1.0,EventProcessingUnit,ScaleOut,
1422888934937,95.0,1.0,EventProcessingUnit,ScaleOut,
1422888939938,95.0,1.0,EventProcessingUnit,ScaleOut,
1422888944937,95.0,1.0,EventProcessingUnit,ScaleOut,
1422888949938,89.1,1.0,EventProcessingUnit,ScaleOut,
1422888954938,89.1,1.0,EventProcessingUnit,ScaleOut,
1422888959939,89.1,1.0,EventProcessingUnit,ScaleOut,
1422888964940,89.1,1.0,EventProcessingUnit,ScaleOut,
1422888969940,91.1,1.0,EventProcessingUnit,ScaleOut,
1422888974942,91.1,1.0,EventProcessingUnit,ScaleOut,
1422888979941,91.1,1.0,EventProcessingUnit,ScaleOut,
1422888984940,91.1,1.0,EventProcessingUnit,ScaleOut,
1422888989944,95.0,1.0,EventProcessingUnit,ScaleOut,
1422888994945,95.0,1.0,EventProcessingUnit,ScaleOut,
1422888999943,95.0,1.0,EventProcessingUnit,ScaleOut,
1422889004945,95.0,1.0,EventProcessingUnit,ScaleOut,
1422889009944,90.6,1.0,EventProcessingUnit,ScaleOut,
1422889014945,90.6,1.0,EventProcessingUnit,ScaleOut,
1422889019944,90.6,1.0,EventProcessingUnit,ScaleOut,
1422889024946,90.6,1.0,EventProcessingUnit,ScaleOut,
1422889029945,94.2,1.0,EventProcessingUnit,ScaleOut,
1422889034945,94.2,1.0,EventProcessingUnit,ScaleOut,
1422889039947,94.2,1.0,EventProcessingUnit,ScaleOut,
1422889044947,94.2,1.0,EventProcessingUnit,ScaleOut,
1422889049946,94.2,1.0,EventProcessingUnit,ScaleOut,
1422889054947,94.2,1.0,EventProcessingUnit,ScaleOut,
1422889059947,94.2,1.0,EventProcessingUnit,ScaleOut,
1422889064947,94.2,1.0,EventProcessingUnit,ScaleOut,
1422889069948,95.7,1.0,EventProcessingUnit,ScaleOut,
1422889074949,95.7,1.0,EventProcessingUnit,ScaleOut,
1422889079956,95.7,1.0,EventProcessingUnit,ScaleOut,
1422889084956,95.7,1.0,EventProcessingUnit,ScaleOut,
1422889089958,90.3,1.0,EventProcessingUnit,ScaleOut,
1422889094957,90.3,1.0,EventProcessingUnit,ScaleOut,
1422889099958,90.3,1.0,EventProcessingUnit,ScaleOut,
1422889104958,90.3,1.0,EventProcessingUnit,ScaleOut,
1422889109958,95.9,1.0,EventProcessingUnit,ScaleOut,
1422889114959,95.9,1.0,EventProcessingUnit,ScaleOut,
1422889119961,95.9,1.0,
1422889124960,95.9,1.0,
1422889129960,95.0,1.0,
1422889134960,95.0,1.0,
1422889139962,95.0,1.0,
1422889144963,95.0,1.0,
1422889149964,95.0,1.0,
1422889154963,95.0,1.0,
1422889159963,95.0,1.0,
1422889164963,95.0,1.0,
1422889169964,95.0,1.0,
1422889174966,95.0,1.0,
1422889179964,95.0,1.0,
1422889184965,95.0,1.0,
1422889189965,91.6,1.0,
1422889194965,91.6,1.0,
1422889199975,91.6,1.0,
1422889204968,91.6,1.0,
1422889209968,92.9,1.0,
1422889214968,92.9,1.0,EventProcessingUnit,ScaleOut,
1422889219968,92.9,1.0,EventProcessingUnit,ScaleOut,
1422889224969,92.9,1.0,EventProcessingUnit,ScaleOut,
1422889229970,89.3,1.0,EventProcessingUnit,ScaleOut,
1422889234971,89.3,1.0,EventProcessingUnit,ScaleOut,
1422889239971,89.3,1.0,EventProcessingUnit,ScaleOut,
1422889244972,89.3,1.0,EventProcessingUnit,ScaleOut,
1422889249970,95.9,1.0,EventProcessingUnit,ScaleOut,
1422889254972,95.9,1.0,EventProcessingUnit,ScaleOut,
1422889259975,95.9,1.0,EventProcessingUnit,ScaleOut,
1422889264970,95.9,1.0,EventProcessingUnit,ScaleOut,
1422889269973,85.1,1.0,EventProcessingUnit,ScaleOut,
1422889274971,85.1,1.0,EventProcessingUnit,ScaleOut,
1422889279974,85.1,1.0,EventProcessingUnit,ScaleOut,
1422889284973,85.1,1.0,EventProcessingUnit,ScaleOut,
1422889289972,95.0,1.0,EventProcessingUnit,ScaleOut,
1422889294973,95.0,1.0,EventProcessingUnit,ScaleOut,
1422889299974,95.0,1.0,EventProcessingUnit,ScaleOut,
1422889304979,95.0,1.0,EventProcessingUnit,ScaleOut,
1422889309975,92.1,1.0,EventProcessingUnit,ScaleOut,
1422889314976,92.1,1.0,EventProcessingUnit,ScaleOut,
1422889319975,92.1,1.0,EventProcessingUnit,ScaleOut,
1422889324976,92.1,1.0,EventProcessingUnit,ScaleOut,
1422889329974,93.1,1.0,EventProcessingUnit,ScaleOut,
1422889334975,93.1,1.0,EventProcessingUnit,ScaleOut,
1422889339976,93.1,1.0,EventProcessingUnit,ScaleOut,
1422889344980,93.1,1.0,EventProcessingUnit,ScaleOut,
1422889349975,93.1,1.0,EventProcessingUnit,ScaleOut,
1422889354976,93.1,1.0,EventProcessingUnit,ScaleOut,
1422889359976,93.1,1.0,EventProcessingUnit,ScaleOut,
1422889364985,93.1,1.0,EventProcessingUnit,ScaleOut,
1422889369984,90.7,1.0,EventProcessingUnit,ScaleOut,
1422889374978,90.7,1.0,EventProcessingUnit,ScaleOut,
1422889379978,90.7,1.0,EventProcessingUnit,ScaleOut,
1422889384978,90.7,1.0,EventProcessingUnit,ScaleOut,
1422889389981,94.6,1.0,EventProcessingUnit,ScaleOut,
1422889394978,94.6,1.0,EventProcessingUnit,ScaleOut,
1422889399981,94.6,1.0,EventProcessingUnit,ScaleOut,
1422889404980,94.6,1.0,EventProcessingUnit,ScaleOut,
1422889409995,87.9,1.0,EventProcessingUnit,ScaleOut,
1422889414979,87.9,1.0,EventProcessingUnit,ScaleOut,
1422889419979,87.9,1.0,EventProcessingUnit,ScaleOut,
1422889424982,87.9,1.0,EventProcessingUnit,ScaleOut,
1422889429982,95.0,1.0,EventProcessingUnit,ScaleOut,
1422889434981,95.0,1.0,EventProcessingUnit,ScaleOut,
1422889439981,95.0,1.0,EventProcessingUnit,ScaleOut,
1422889444981,95.0,1.0,EventProcessingUnit,ScaleOut,
1422889449984,95.0,1.0,EventProcessingUnit,ScaleOut,
1422889454981,95.0,1.0,EventProcessingUnit,ScaleOut,
1422889459983,95.0,1.0,EventProcessingUnit,ScaleOut,
1422889464983,95.0,1.0,EventProcessingUnit,ScaleOut,
1422889469984,91.8,1.0,EventProcessingUnit,ScaleOut,
1422889474983,91.8,1.0,EventProcessingUnit,ScaleOut,
1422889479983,91.8,1.0,EventProcessingUnit,ScaleOut,
1422889484983,91.8,1.0,EventProcessingUnit,ScaleOut,
1422889489984,91.8,1.0,EventProcessingUnit,ScaleOut,
1422889494985,91.8,1.0,EventProcessingUnit,ScaleOut,
1422889499985,91.8,1.0,EventProcessingUnit,ScaleOut,
1422889505007,91.8,1.0,
1422889509987,92.7,1.0,
1422889514990,92.7,1.0,
1422889519987,92.7,1.0,
1422889524988,92.7,1.0,
1422889529991,92.7,1.0,
1422889534992,92.7,1.0,
1422889539988,92.7,1.0,
1422889544992,92.7,1.0,
1422889549989,92.7,1.0,
1422889554989,92.7,1.0,
1422889559997,92.7,1.0,
1422889564990,92.7,1.0,
1422889569990,94.1,1.0,
1422889574990,94.1,1.0,
1422889579990,94.1,1.0,
1422889585037,94.1,1.0,
1422889589993,88.3,1.0,
1422889594993,88.3,1.0,
1422889599993,88.3,1.0,
1422889604992,88.3,1.0,
1422889609994,94.9,1.0,
1422889614994,94.9,1.0,
1422889619996,94.9,1.0,
1422889624994,94.9,1.0,
1422889629994,92.2,1.0,
1422889634996,92.2,1.0,
1422889639995,92.2,1.0,
1422889644997,92.2,1.0,
1422889649996,89.8,1.0,DataNodeUnit,ScaleOut,
1422889654996,89.8,1.0,DataNodeUnit,ScaleOut,
1422889659998,89.8,1.0,DataNodeUnit,ScaleOut,
1422889665000,89.8,1.0,DataNodeUnit,ScaleOut,
1422889669997,93.5,1.0,DataNodeUnit,ScaleOut,
1422889674999,93.5,1.0,DataNodeUnit,ScaleOut,
1422889679998,93.5,1.0,DataNodeUnit,ScaleOut,
1422889684998,93.5,1.0,DataNodeUnit,ScaleOut,
1422889690000,91.8,1.0,DataNodeUnit,ScaleOut,
1422889694999,91.8,1.0,DataNodeUnit,ScaleOut,
1422889700001,91.8,1.0,DataNodeUnit,ScaleOut,
1422889704999,91.8,1.0,DataNodeUnit,ScaleOut,
1422889709998,93.8,1.0,DataNodeUnit,ScaleOut,
1422889714998,93.8,1.0,DataNodeUnit,ScaleOut,
1422889719999,93.8,1.0,DataNodeUnit,ScaleOut,
1422889725001,93.8,1.0,DataNodeUnit,ScaleOut,
1422889729999,88.3,1.0,DataNodeUnit,ScaleOut,
1422889734999,88.3,1.0,DataNodeUnit,ScaleOut,
1422889740014,88.3,1.0,DataNodeUnit,ScaleOut,
1422889745002,88.3,1.0,DataNodeUnit,ScaleOut,
1422889750001,94.1,1.0,DataNodeUnit,ScaleOut,
1422889755001,94.1,1.0,DataNodeUnit,ScaleOut,
1422889760005,94.1,1.0,DataNodeUnit,ScaleOut,
1422889765002,94.1,1.0,DataNodeUnit,ScaleOut,
1422889770004,79.6,1.0,DataNodeUnit,ScaleOut,
1422889775017,79.6,1.0,DataNodeUnit,ScaleOut,
1422889780010,79.6,1.0,DataNodeUnit,ScaleOut,
1422889785007,79.6,1.0,DataNodeUnit,ScaleOut,
1422889790008,87.8,1.0,DataNodeUnit,ScaleOut,
1422889795007,87.8,1.0,DataNodeUnit,ScaleOut,
1422889800009,87.8,1.0,DataNodeUnit,ScaleOut,
1422889805007,87.8,1.0,DataNodeUnit,ScaleOut,
1422889810009,92.2,1.0,
1422889815008,92.2,1.0,
1422889820010,92.2,1.0,
1422889825034,92.2,1.0,
1422889830012,92.1,1.0,
1422889835015,92.1,1.0,
1422889840011,92.1,1.0,
1422889845010,92.1,1.0,
1422889850009,84.6,1.0,
1422889855037,84.6,1.0,
1422889860012,84.6,1.0,
1422889865070,84.6,1.0,
1422889870033,94.4,1.0,
1422889875030,94.4,1.0,
1422889880031,94.4,1.0,
1422889885031,94.4,1.0,DataNodeUnit,ScaleOut,
1422889890031,91.7,1.0,DataNodeUnit,ScaleOut,
1422889895032,91.7,1.0,DataNodeUnit,ScaleOut,
1422889900034,91.7,1.0,DataNodeUnit,ScaleOut,
1422889905033,91.7,1.0,DataNodeUnit,ScaleOut,
1422889910032,89.2,1.0,DataNodeUnit,ScaleOut,
1422889915034,89.2,1.0,DataNodeUnit,ScaleOut,
1422889920033,89.2,1.0,DataNodeUnit,ScaleOut,
1422889925036,89.2,1.0,DataNodeUnit,ScaleOut,
1422889930033,89.2,1.0,DataNodeUnit,ScaleOut,
1422889935041,89.2,1.0,DataNodeUnit,ScaleOut,
1422889940037,89.2,1.0,DataNodeUnit,ScaleOut,
1422889945035,89.2,1.0,DataNodeUnit,ScaleOut,
1422889950037,89.2,1.0,DataNodeUnit,ScaleOut,
1422889955037,89.2,1.0,DataNodeUnit,ScaleOut,
1422889960035,89.2,1.0,DataNodeUnit,ScaleOut,
1422889965036,89.2,1.0,DataNodeUnit,ScaleOut,
1422889970037,89.2,1.0,DataNodeUnit,ScaleOut,
1422889975037,89.2,1.0,DataNodeUnit,ScaleOut,
1422889980039,89.2,1.0,DataNodeUnit,ScaleOut,
1422889985041,89.2,1.0,
1422889990038,90.6,1.0,
1422889995049,90.6,1.0,
1422890000038,90.6,1.0,
1422890005041,90.6,1.0,
1422890010041,90.6,1.0,
1422890015038,90.6,1.0,
1422890020041,90.6,1.0,
1422890025040,90.6,1.0,
1422890030055,90.6,1.0,
1422890035041,90.6,1.0,
1422890040048,90.6,1.0,
1422890045048,90.6,1.0,
1422890050045,90.6,1.0,
1422890055046,90.6,1.0,
1422890060044,90.6,1.0,
1422890065044,90.6,1.0,
1422890070044,90.6,1.0,
1422890075047,90.6,1.0,
1422890080048,90.6,1.0,
1422890085045,90.6,1.0,
1422890090052,88.9,1.0,
1422890095050,88.9,1.0,
1422890100051,88.9,1.0,
1422890105053,88.9,1.0,
1422890110054,90.9,1.0,
1422890115055,90.9,1.0,
1422890120056,90.9,1.0,
1422890125053,90.9,1.0,
1422890130074,92.2,1.0,
1422890135053,92.2,1.0,
1422890140052,92.2,1.0,
1422890145056,92.2,1.0,
1422890150056,94.2,1.0,
1422890155055,94.2,1.0,
1422890160057,94.2,1.0,
1422890165058,94.2,1.0,
1422890170057,96.0,1.0,
1422890175054,96.0,1.0,
1422890180059,96.0,1.0,
1422890185057,96.0,1.0,
1422890190055,96.0,1.0,
1422890195057,96.0,1.0,
1422890200057,96.0,1.0,
1422890205059,96.0,1.0,
1422890210058,92.5,1.0,
1422890215060,92.5,1.0,
1422890220059,92.5,1.0,
1422890225060,92.5,1.0,
1422890230061,97.4,1.0,
1422890235063,97.4,1.0,
1422890240059,97.4,1.0,
1422890245060,97.4,1.0,
1422890250062,89.6,1.0,
1422890255062,89.6,1.0,
1422890260061,89.6,1.0,
1422890265064,89.6,1.0,
1422890270062,97.2,1.0,
1422890275063,97.2,1.0,
1422890280065,97.2,1.0,
1422890285081,97.2,1.0,
1422890290068,94.4,1.0,
1422890295065,94.4,1.0,
1422890300068,94.4,1.0,
1422890305063,94.4,1.0,
1422890310063,92.5,1.0,
1422890315067,92.5,1.0,
1422890320068,92.5,1.0,
1422890325068,92.5,1.0,
1422890330065,94.7,1.0,
1422890335066,94.7,1.0,
1422890340066,94.7,1.0,
1422890345067,94.7,1.0,
1422890350068,94.7,1.0,
1422890355075,94.7,1.0,
1422890360069,94.7,1.0,
1422890365067,94.7,1.0,
1422890370069,94.6,1.0,
1422890375070,94.6,1.0,
1422890380068,94.6,1.0,
1422890385070,94.6,1.0,
1422890390070,89.9,1.0,
1422890395071,89.9,1.0,
1422890400072,89.9,1.0,
1422890405072,89.9,1.0,
1422890410071,97.2,1.0,
1422890415073,97.2,1.0,
1422890420071,97.2,1.0,
1422890425071,97.2,1.0,
1422890430075,86.3,1.0,
1422890435084,86.3,1.0,
1422890440074,86.3,1.0,
1422890445073,86.3,1.0,
1422890450075,95.6,1.0,
1422890455076,95.6,1.0,
1422890460074,95.6,1.0,
1422890465074,95.6,1.0,
1422890470074,95.6,1.0,
1422890475074,95.6,1.0,
1422890480075,95.6,1.0,
1422890485079,95.6,1.0,
1422890490076,95.6,1.0,
1422890495078,95.6,1.0,
1422890500075,95.6,1.0,
1422890505078,95.6,1.0,
1422890510076,95.6,1.0,
1422890515076,95.6,1.0,
1422890520080,95.6,1.0,
1422890525089,95.6,1.0,
1422890530083,96.1,1.0,
1422890535083,96.1,1.0,
1422890540080,96.1,1.0,
1422890545099,96.1,1.0,
1422890550079,92.8,1.0,
1422890555078,92.8,1.0,
1422890560080,92.8,1.0,
1422890565082,92.8,1.0,
1422890570080,93.0,1.0,
1422890575083,93.0,1.0,
1422890580082,93.0,1.0,
1422890585081,93.0,1.0,
1422890590081,94.9,1.0,
1422890595081,94.9,1.0,
1422890600085,94.9,1.0,
1422890605082,94.9,1.0,
1422890610085,94.9,1.0,
1422890615082,94.9,1.0,
1422890620083,94.9,1.0,
1422890625085,94.9,1.0,
1422890630084,94.9,1.0,
1422890635083,94.9,1.0,
1422890640083,94.9,1.0,
1422890645083,94.9,1.0,
1422890650084,96.4,1.0,
1422890655084,96.4,1.0,
1422890660086,96.4,1.0,
1422890665086,96.4,1.0,
1422890670085,97.4,1.0,
1422890675085,97.4,1.0,
1422890680085,97.4,1.0,
1422890685088,97.4,1.0,
1422890690086,86.8,1.0,
1422890695086,86.8,1.0,
1422890700088,86.8,1.0,
1422890705088,86.8,1.0,
1422890710087,97.1,1.0,
1422890715087,97.1,1.0,
1422890720092,97.1,1.0,
1422890725091,97.1,1.0,
1422890730091,94.2,1.0,
1422890735097,94.2,1.0,
1422890740100,94.2,1.0,
1422890745089,94.2,1.0,
1422890750091,84.7,1.0,
1422890782795,1.0,
1422890787740,96.4,1.0,
1422890792734,86.7,1.0,
1422890797742,86.7,1.0,
1422890802741,86.7,1.0,
1422890807760,86.7,1.0,
1422890812737,91.3,1.0,
1422890817745,91.3,1.0,
1422890822751,91.3,1.0,
1422890827762,91.3,1.0,
1422890832934,96.0,1.0,
1422890837934,96.0,1.0,DataNodeUnit,ScaleIn,EventProcessingUnit,ScaleIn,
1422890842999,96.0,1.0,DataNodeUnit,ScaleIn,EventProcessingUnit,ScaleIn,
1422890847997,96.0,1.0,DataNodeUnit,ScaleIn,EventProcessingUnit,ScaleIn,
1422892934469,57.7,1.0,
1422892939471,57.7,1.0,
1422892944471,57.7,1.0,
1422892949469,43.6,1.0,
1422892954469,43.6,1.0,
1422892959472,43.6,1.0,
1422892964473,43.6,1.0,
1422892969472,91.3,1.0,
1422892974473,91.3,1.0,
1422892979480,91.3,1.0,
1422892984479,91.3,1.0,
1422892989481,91.3,1.0,
1422892994480,91.3,1.0,
1422892999481,91.3,1.0,
1422893004482,91.3,1.0,
1422893009497,91.6,1.0,
1422893014493,91.6,1.0,
1422893019485,91.6,1.0,
1422893024485,91.6,1.0,
1422893029484,91.3,1.0,
1422893034485,91.3,1.0,
1422893039486,91.3,1.0,
1422893044485,91.3,1.0,
1422893049489,93.0,1.0,
1422893054487,93.0,1.0,
1422893059485,93.0,1.0,
1422893064489,93.0,1.0,
1422893069515,91.6,1.0,
1422893074503,91.6,1.0,
1422893079505,91.6,1.0,
1422893084505,91.6,1.0,
1422893089503,95.1,1.0,
1422893094504,95.1,1.0,
1422893099506,95.1,1.0,
1422893104503,95.1,1.0,
1422893109505,93.5,1.0,
1422893114504,93.5,1.0,
1422893119505,93.5,1.0,
1422893124506,93.5,1.0,
1422893129508,93.5,1.0,
1422893134508,93.5,1.0,
1422893139507,93.5,1.0,
1422893144508,93.5,1.0,
1422893149508,97.0,1.0,
1422893154507,97.0,1.0,
1422893159506,97.0,1.0,
1422893164508,97.0,1.0,
1422893169509,94.4,1.0,
1422893174507,94.4,1.0,
1422893179509,94.4,1.0,
1422893184511,94.4,1.0,
1422893189509,97.9,1.0,
1422893194509,97.9,1.0,
1422893199509,97.9,1.0,
1422893204509,97.9,1.0,
1422893209520,94.4,1.0,
1422893214510,94.4,1.0,
1422893219512,94.4,1.0,
1422893224512,94.4,1.0,
1422893229510,95.5,1.0,
1422893234512,95.5,1.0,
1422893239522,95.5,1.0,
1422893244520,95.5,1.0,
1422893249521,94.6,1.0,
1422893254525,94.6,1.0,
1422893259523,94.6,1.0,
1422893264521,94.6,1.0,
1422893269521,97.7,1.0,
1422893274523,97.7,1.0,
1422893279523,97.7,1.0,
1422893284523,97.7,1.0,
1422893289523,97.7,1.0,
1422893294523,97.7,1.0,
1422893299524,97.7,1.0,
1422893304525,97.7,1.0,
1422893309524,94.0,1.0,
1422893314525,94.0,1.0,
1422893319526,94.0,1.0,
1422893324525,94.0,1.0,
1422893329526,98.4,1.0,
1422893334525,98.4,1.0,
1422893339526,98.4,1.0,
1422893344526,98.4,1.0,
1422893349526,96.1,1.0,
1422893354526,96.1,1.0,
1422893359529,96.1,1.0,
1422893364528,96.1,1.0,
1422893369528,97.5,1.0,
1422893374527,97.5,1.0,
1422893379529,97.5,1.0,
1422893384528,97.5,1.0,
1422893389529,92.9,1.0,
1422893394530,92.9,1.0,
1422893399529,92.9,1.0,
1422893404531,92.9,1.0,
1422893409531,96.8,1.0,
1422893414530,96.8,1.0,
1422893419529,96.8,1.0,
1422893424532,96.8,1.0,
1422893429532,93.5,1.0,
1422893434531,93.5,1.0,EventProcessingUnit,ScaleOut,
1422893439531,93.5,1.0,EventProcessingUnit,ScaleOut,
1422893444532,93.5,1.0,EventProcessingUnit,ScaleOut,
1422893449533,97.7,1.0,EventProcessingUnit,ScaleOut,
1422893454533,97.7,1.0,EventProcessingUnit,ScaleOut,
1422893459534,97.7,1.0,EventProcessingUnit,ScaleOut,
1422893464534,97.7,1.0,EventProcessingUnit,ScaleOut,
1422893469535,97.7,1.0,EventProcessingUnit,ScaleOut,
1422893474533,97.7,1.0,EventProcessingUnit,ScaleOut,
1422893479534,97.7,1.0,EventProcessingUnit,ScaleOut,
1422893484535,97.7,1.0,EventProcessingUnit,ScaleOut,
1422893489534,95.2,1.0,EventProcessingUnit,ScaleOut,
1422893494536,95.2,1.0,EventProcessingUnit,ScaleOut,
1422893499536,95.2,1.0,EventProcessingUnit,ScaleOut,
1422893504535,95.2,1.0,EventProcessingUnit,ScaleOut,
1422893509537,96.8,1.0,EventProcessingUnit,ScaleOut,
1422893514536,96.8,1.0,EventProcessingUnit,ScaleOut,
1422893519538,96.8,1.0,EventProcessingUnit,ScaleOut,
1422893524536,96.8,1.0,EventProcessingUnit,ScaleOut,
1422893529538,96.2,1.0,EventProcessingUnit,ScaleOut,
1422893534537,96.2,1.0,EventProcessingUnit,ScaleOut,
1422893539538,96.2,1.0,EventProcessingUnit,ScaleOut,
1422893544538,96.2,1.0,EventProcessingUnit,ScaleOut,
1422893549541,95.8,1.0,EventProcessingUnit,ScaleOut,
1422893554540,95.8,1.0,EventProcessingUnit,ScaleOut,
1422893559540,95.8,1.0,EventProcessingUnit,ScaleOut,
1422893564540,95.8,1.0,EventProcessingUnit,ScaleOut,
1422893569541,94.5,1.0,EventProcessingUnit,ScaleOut,
1422893574539,94.5,1.0,EventProcessingUnit,ScaleOut,
1422893579539,94.5,1.0,EventProcessingUnit,ScaleOut,
1422893584540,94.5,1.0,EventProcessingUnit,ScaleOut,
1422893589540,98.0,1.0,EventProcessingUnit,ScaleOut,
1422893594541,98.0,1.0,EventProcessingUnit,ScaleOut,
1422893599541,98.0,1.0,EventProcessingUnit,ScaleOut,
1422893604542,98.0,1.0,EventProcessingUnit,ScaleOut,
1422893609542,91.0,1.0,EventProcessingUnit,ScaleOut,
1422893614542,91.0,1.0,EventProcessingUnit,ScaleOut,
1422893619543,91.0,1.0,EventProcessingUnit,ScaleOut,
1422893624543,91.0,1.0,EventProcessingUnit,ScaleOut,
1422893629542,96.9,1.0,EventProcessingUnit,ScaleOut,
1422893634543,96.9,1.0,EventProcessingUnit,ScaleOut,
1422893639544,96.9,1.0,EventProcessingUnit,ScaleOut,
1422893644543,96.9,1.0,EventProcessingUnit,ScaleOut,
1422893649545,96.9,1.0,EventProcessingUnit,ScaleOut,
1422893654544,96.9,1.0,EventProcessingUnit,ScaleOut,
1422893659546,96.9,1.0,EventProcessingUnit,ScaleOut,
1422893664544,96.9,1.0,EventProcessingUnit,ScaleOut,
1422893669544,93.9,1.0,EventProcessingUnit,ScaleOut,
1422893674546,93.9,1.0,EventProcessingUnit,ScaleOut,
1422893679546,93.9,1.0,EventProcessingUnit,ScaleOut,
1422893684546,93.9,1.0,EventProcessingUnit,ScaleOut,
1422893689547,97.9,1.0,EventProcessingUnit,ScaleOut,
1422893694547,97.9,1.0,EventProcessingUnit,ScaleOut,
1422893699547,97.9,1.0,EventProcessingUnit,ScaleOut,
1422893704546,97.9,1.0,EventProcessingUnit,ScaleOut,
1422893709549,94.6,1.0,EventProcessingUnit,ScaleOut,
1422893714548,94.6,1.0,EventProcessingUnit,ScaleOut,
1422893719548,94.6,1.0,EventProcessingUnit,ScaleOut,
1422893724548,94.6,1.0,EventProcessingUnit,ScaleOut,
1422893729549,97.8,1.0,EventProcessingUnit,ScaleOut,
1422893734549,97.8,1.0,EventProcessingUnit,ScaleOut,
1422893739548,97.8,1.0,EventProcessingUnit,ScaleOut,
1422893744550,97.8,1.0,
1422893749549,94.4,1.0,
1422893754549,94.4,1.0,
1422893759550,94.4,1.0,
1422893764550,94.4,1.0,
1422893769550,98.0,1.0,
1422893774550,98.0,1.0,
1422893779551,98.0,1.0,
1422893784551,98.0,1.0,
1422893789551,98.0,1.0,
1422893794553,98.0,1.0,
1422893799552,98.0,1.0,
1422893804552,98.0,1.0,
1422893809553,95.4,1.0,
1422893814553,95.4,1.0,
1422893819553,95.4,1.0,
1422893824553,95.4,1.0,
1422893829554,97.7,1.0,
1422893834553,97.7,1.0,
1422893839562,97.7,1.0,
1422893844554,97.7,1.0,
1422893849555,95.0,1.0,
1422893854555,95.0,1.0,
1422893859559,95.0,1.0,
1422893864556,95.0,1.0,
1422893869556,97.9,1.0,
1422893874556,97.9,1.0,
1422893879556,97.9,1.0,
1422893884558,97.9,1.0,
1422893889558,96.4,1.0,
1422893894557,96.4,1.0,
1422893899558,96.4,1.0,
1422893904558,96.4,1.0,
1422893909558,97.7,1.0,
1422893914558,97.7,1.0,
1422893919559,97.7,1.0,
1422893924559,97.7,1.0,
1422893929559,97.7,1.0,
1422893934560,97.7,1.0,
1422893939560,97.7,1.0,
1422893944560,97.7,1.0,
1422893949560,97.8,1.0,
1422893954562,97.8,1.0,
1422893959561,97.8,1.0,
1422893964561,97.8,1.0,
1422893969562,97.8,1.0,
1422893974562,97.8,1.0,
1422893979562,97.8,1.0,
1422893984562,97.8,1.0,
1422893989565,94.1,1.0,
1422893994563,94.1,1.0,
1422893999563,94.1,1.0,
1422894004564,94.1,1.0,
1422894009567,98.2,1.0,
1422894014564,98.2,1.0,
1422894019564,98.2,1.0,
1422894024565,98.2,1.0,
1422894029565,94.3,1.0,
1422894034565,94.3,1.0,
1422894039567,94.3,1.0,
1422894044566,94.3,1.0,
1422894049567,98.0,1.0,
1422894054566,98.0,1.0,
1422894059567,98.0,1.0,
1422894064568,98.0,1.0,
1422894069568,93.0,1.0,
1422894074568,93.0,1.0,
1422894079568,93.0,1.0,
1422894084568,93.0,1.0,
1422894089569,98.4,1.0,
1422894094569,98.4,1.0,
1422894099569,98.4,1.0,
1422894104577,98.4,1.0,
1422894109570,93.8,1.0,
1422894114570,93.8,1.0,
1422894119570,93.8,1.0,
1422894124570,93.8,1.0,
1422894129572,97.9,1.0,
1422894134571,97.9,1.0,
1422894139571,97.9,1.0,
1422894144573,97.9,1.0,
1422894149573,97.9,1.0,
1422894154572,97.9,1.0,EventProcessingUnit,ScaleOut,
1422894159572,97.9,1.0,EventProcessingUnit,ScaleOut,
1422894164573,97.9,1.0,EventProcessingUnit,ScaleOut,
1422894169573,94.1,1.0,EventProcessingUnit,ScaleOut,
1422894174573,94.1,1.0,EventProcessingUnit,ScaleOut,
1422894179574,94.1,1.0,EventProcessingUnit,ScaleOut,
1422894184574,94.1,1.0,EventProcessingUnit,ScaleOut,
1422894189575,98.5,1.0,EventProcessingUnit,ScaleOut,
1422894194574,98.5,1.0,EventProcessingUnit,ScaleOut,
1422894199575,98.5,1.0,EventProcessingUnit,ScaleOut,
1422894204575,98.5,1.0,EventProcessingUnit,ScaleOut,
1422894209576,94.7,1.0,EventProcessingUnit,ScaleOut,
1422894214576,94.7,1.0,EventProcessingUnit,ScaleOut,
1422894219578,94.7,1.0,EventProcessingUnit,ScaleOut,
1422894224576,94.7,1.0,EventProcessingUnit,ScaleOut,
1422894229576,97.7,1.0,EventProcessingUnit,ScaleOut,
1422894234577,97.7,1.0,EventProcessingUnit,ScaleOut,
1422894239578,97.7,1.0,EventProcessingUnit,ScaleOut,
1422894244578,97.7,1.0,EventProcessingUnit,ScaleOut,
1422894249579,96.0,1.0,EventProcessingUnit,ScaleOut,
1422894254587,96.0,1.0,EventProcessingUnit,ScaleOut,
1422894259582,96.0,1.0,EventProcessingUnit,ScaleOut,
1422894264583,96.0,1.0,EventProcessingUnit,ScaleOut,
1422894269585,98.5,1.0,EventProcessingUnit,ScaleOut,
1422894274584,98.5,1.0,EventProcessingUnit,ScaleOut,
1422894279584,98.5,1.0,EventProcessingUnit,ScaleOut,
1422894284586,98.5,1.0,EventProcessingUnit,ScaleOut,
1422894289584,94.5,1.0,EventProcessingUnit,ScaleOut,
1422894294598,94.5,1.0,EventProcessingUnit,ScaleOut,
1422894299597,94.5,1.0,EventProcessingUnit,ScaleOut,
1422894304599,94.5,1.0,EventProcessingUnit,ScaleOut,
1422894309599,98.7,1.0,EventProcessingUnit,ScaleOut,
1422894314599,98.7,1.0,EventProcessingUnit,ScaleOut,
1422894319599,98.7,1.0,EventProcessingUnit,ScaleOut,
1422894324601,98.7,1.0,EventProcessingUnit,ScaleOut,
1422894329600,97.2,1.0,EventProcessingUnit,ScaleOut,
1422894334600,97.2,1.0,EventProcessingUnit,ScaleOut,
1422894339602,97.2,1.0,EventProcessingUnit,ScaleOut,
1422894344600,97.2,1.0,EventProcessingUnit,ScaleOut,
1422894349600,94.3,1.0,EventProcessingUnit,ScaleOut,
1422894354602,94.3,1.0,EventProcessingUnit,ScaleOut,
1422894359603,94.3,1.0,EventProcessingUnit,ScaleOut,
1422894364602,94.3,1.0,EventProcessingUnit,ScaleOut,
1422894369604,98.4,1.0,EventProcessingUnit,ScaleOut,
1422894374602,98.4,1.0,EventProcessingUnit,ScaleOut,
1422894379603,98.4,1.0,EventProcessingUnit,ScaleOut,
1422894384604,98.4,1.0,EventProcessingUnit,ScaleOut,
1422894389605,95.6,1.0,EventProcessingUnit,ScaleOut,
1422894394603,95.6,1.0,
1422894399603,95.6,1.0,
1422894404603,95.6,1.0,
1422894409605,95.6,1.0,
1422894414604,95.6,1.0,
1422894419604,95.6,1.0,
1422894424607,95.6,1.0,
1422894429606,97.2,1.0,
1422894434606,97.2,1.0,
1422894439605,97.2,1.0,
1422894444607,97.2,1.0,
1422894449607,98.8,1.0,
1422894454606,98.8,1.0,
1422894459607,98.8,1.0,
1422894464609,98.8,1.0,
1422894469608,96.9,1.0,
1422894474609,96.9,1.0,
1422894479611,96.9,1.0,
1422894484611,96.9,1.0,
1422894489610,93.2,1.0,
1422894494612,93.2,1.0,
1422894499611,93.2,1.0,
1422894504611,93.2,1.0,
1422894509611,96.9,1.0,
1422894514611,96.9,1.0,
1422894519612,96.9,1.0,
1422894524614,96.9,1.0,
1422894529615,91.9,1.0,
1422894534613,91.9,1.0,
1422894539612,91.9,1.0,
1422894544612,91.9,1.0,
1422894549615,95.4,1.0,EventProcessingUnit,ScaleOut,
1422894554613,95.4,1.0,EventProcessingUnit,ScaleOut,
1422894559614,95.4,1.0,EventProcessingUnit,ScaleOut,
1422894564616,95.4,1.0,EventProcessingUnit,ScaleOut,
1422894569615,98.3,1.0,EventProcessingUnit,ScaleOut,
1422894574616,98.3,1.0,EventProcessingUnit,ScaleOut,
1422894579616,98.3,1.0,EventProcessingUnit,ScaleOut,
1422894584615,98.3,1.0,EventProcessingUnit,ScaleOut,
1422894589617,98.3,1.0,EventProcessingUnit,ScaleOut,
1422894594615,98.3,1.0,EventProcessingUnit,ScaleOut,
1422894599617,98.3,1.0,EventProcessingUnit,ScaleOut,
1422894604616,98.3,1.0,EventProcessingUnit,ScaleOut,
1422894609616,94.7,1.0,EventProcessingUnit,ScaleOut,
1422894614617,94.7,1.0,EventProcessingUnit,ScaleOut,
1422894619617,94.7,1.0,EventProcessingUnit,ScaleOut,
1422894624618,94.7,1.0,EventProcessingUnit,ScaleOut,
1422894629618,97.7,1.0,EventProcessingUnit,ScaleOut,
1422894634625,97.7,1.0,EventProcessingUnit,ScaleOut,
1422894639624,97.7,1.0,EventProcessingUnit,ScaleOut,
1422894644624,97.7,1.0,EventProcessingUnit,ScaleOut,
1422894649624,92.5,1.0,EventProcessingUnit,ScaleOut,
1422894654626,92.5,1.0,EventProcessingUnit,ScaleOut,
1422894659625,92.5,1.0,EventProcessingUnit,ScaleOut,
1422894664626,92.5,1.0,EventProcessingUnit,ScaleOut,
1422894669627,98.6,1.0,EventProcessingUnit,ScaleOut,
1422894674627,98.6,1.0,EventProcessingUnit,ScaleOut,
1422894679627,98.6,1.0,EventProcessingUnit,ScaleOut,
1422894684629,98.6,1.0,EventProcessingUnit,ScaleOut,
1422894689628,94.3,1.0,EventProcessingUnit,ScaleOut,
1422894694627,94.3,1.0,EventProcessingUnit,ScaleOut,
1422894699629,94.3,1.0,EventProcessingUnit,ScaleOut,
1422894704633,94.3,1.0,EventProcessingUnit,ScaleOut,
1422894709632,98.4,1.0,EventProcessingUnit,ScaleOut,
1422894714634,98.4,1.0,EventProcessingUnit,ScaleOut,
1422894719633,98.4,1.0,EventProcessingUnit,ScaleOut,
1422894724634,98.4,1.0,EventProcessingUnit,ScaleOut,
1422894729633,96.5,1.0,EventProcessingUnit,ScaleOut,
1422894734634,96.5,1.0,EventProcessingUnit,ScaleOut,
1422894739634,96.5,1.0,EventProcessingUnit,ScaleOut,
1422894744634,96.5,1.0,EventProcessingUnit,ScaleOut,
1422894749634,97.8,1.0,EventProcessingUnit,ScaleOut,
1422894754635,97.8,1.0,EventProcessingUnit,ScaleOut,
1422894759635,97.8,1.0,EventProcessingUnit,ScaleOut,
1422894764636,97.8,1.0,EventProcessingUnit,ScaleOut,
1422894769636,93.5,1.0,EventProcessingUnit,ScaleOut,
1422894774638,93.5,1.0,EventProcessingUnit,ScaleOut,
1422894779636,93.5,1.0,EventProcessingUnit,ScaleOut,
1422894784638,93.5,1.0,EventProcessingUnit,ScaleOut,
1422894789637,97.4,1.0,EventProcessingUnit,ScaleOut,
1422894794637,97.4,1.0,EventProcessingUnit,ScaleOut,
1422894799639,97.4,1.0,EventProcessingUnit,ScaleOut,
1422894804642,97.4,1.0,EventProcessingUnit,ScaleOut,
1422894809639,98.5,1.0,EventProcessingUnit,ScaleOut,
1422894814640,98.5,1.0,EventProcessingUnit,ScaleOut,
1422894819658,98.5,1.0,EventProcessingUnit,ScaleOut,
1422894824649,98.5,1.0,EventProcessingUnit,ScaleOut,
1422894829649,94.3,1.0,EventProcessingUnit,ScaleOut,
1422894834650,94.3,1.0,
1422894839652,94.3,1.0,
1422894844673,94.3,1.0,
1422894849673,97.3,1.0,
1422894854674,97.3,1.0,
1422894859674,97.3,1.0,
1422894864674,97.3,1.0,
1422894869673,93.1,1.0,
1422894874675,93.1,1.0,
1422894879676,93.1,1.0,
1422894884675,93.1,1.0,
1422894889676,98.2,1.0,
1422894894674,98.2,1.0,
1422894899675,98.2,1.0,
1422894904676,98.2,1.0,
1422894909675,92.5,1.0,
1422894914676,92.5,1.0,
1422894919677,92.5,1.0,
1422894924678,92.5,1.0,
1422894929676,98.5,1.0,
1422894934678,98.5,1.0,
1422894939679,98.5,1.0,
1422894944679,98.5,1.0,
1422894949680,98.0,1.0,
1422894954679,98.0,1.0,
1422894959682,98.0,1.0,
1422894964681,98.0,1.0,
1422894969682,91.9,1.0,
1422894974681,91.9,1.0,
1422894979680,91.9,1.0,
1422894984682,91.9,1.0,
1422894989683,97.8,1.0,
1422894994681,97.8,1.0,
1422894999682,97.8,1.0,
1422895004683,97.8,1.0,
1422895009682,94.1,1.0,
1422895014684,94.1,1.0,
1422895019684,94.1,1.0,
1422895024684,94.1,1.0,
1422895029683,98.7,1.0,
1422895034685,98.7,1.0,
1422895039687,98.7,1.0,
1422895044686,98.7,1.0,
1422895049684,93.9,1.0,
1422895054687,93.9,1.0,
1422895059686,93.9,1.0,
1422895064686,93.9,1.0,
1422895069686,98.4,1.0,
1422895074687,98.4,1.0,
1422895079688,98.4,1.0,
1422895084691,98.4,1.0,
1422895089688,92.8,1.0,
1422895094689,92.8,1.0,
1422895099687,92.8,1.0,
1422895104687,92.8,1.0,
1422895109690,97.8,1.0,
1422895114688,97.8,1.0,
1422895119690,97.8,1.0,
1422895124691,97.8,1.0,EventProcessingUnit,ScaleOut,
1422895129691,97.8,1.0,EventProcessingUnit,ScaleOut,
1422895134692,97.8,1.0,EventProcessingUnit,ScaleOut,
1422895139691,97.8,1.0,EventProcessingUnit,ScaleOut,
1422895144691,97.8,1.0,EventProcessingUnit,ScaleOut,
1422895149691,95.1,1.0,EventProcessingUnit,ScaleOut,
1422895154691,95.1,1.0,EventProcessingUnit,ScaleOut,
1422895159694,95.1,1.0,EventProcessingUnit,ScaleOut,
1422895164692,95.1,1.0,EventProcessingUnit,ScaleOut,
1422895169692,98.8,1.0,EventProcessingUnit,ScaleOut,
1422895174693,98.8,1.0,EventProcessingUnit,ScaleOut,
1422895179693,98.8,1.0,EventProcessingUnit,ScaleOut,
1422895184695,98.8,1.0,EventProcessingUnit,ScaleOut,
1422895189693,92.8,1.0,EventProcessingUnit,ScaleOut,
1422895194694,92.8,1.0,EventProcessingUnit,ScaleOut,
1422895199694,92.8,1.0,EventProcessingUnit,ScaleOut,
1422895204695,92.8,1.0,EventProcessingUnit,ScaleOut,
1422895209702,98.0,1.0,EventProcessingUnit,ScaleOut,
1422895214698,98.0,1.0,EventProcessingUnit,ScaleOut,
1422895219697,98.0,1.0,EventProcessingUnit,ScaleOut,
1422895224697,98.0,1.0,EventProcessingUnit,ScaleOut,
1422895229700,92.8,1.0,EventProcessingUnit,ScaleOut,
1422895234698,92.8,1.0,EventProcessingUnit,ScaleOut,
1422895239699,92.8,1.0,EventProcessingUnit,ScaleOut,
1422895244698,92.8,1.0,EventProcessingUnit,ScaleOut,
1422895249701,97.1,1.0,EventProcessingUnit,ScaleOut,
1422895254699,97.1,1.0,EventProcessingUnit,ScaleOut,
1422895259700,97.1,1.0,EventProcessingUnit,ScaleOut,
1422895264701,97.1,1.0,EventProcessingUnit,ScaleOut,
1422895269700,98.6,1.0,EventProcessingUnit,ScaleOut,
1422895274702,98.6,1.0,EventProcessingUnit,ScaleOut,
1422895279700,98.6,1.0,EventProcessingUnit,ScaleOut,
1422895284704,98.6,1.0,EventProcessingUnit,ScaleOut,
1422895289703,91.6,1.0,EventProcessingUnit,ScaleOut,
1422895294703,91.6,1.0,EventProcessingUnit,ScaleOut,
1422895299702,91.6,1.0,EventProcessingUnit,ScaleOut,
1422895304702,91.6,1.0,EventProcessingUnit,ScaleOut,
1422895309703,98.6,1.0,EventProcessingUnit,ScaleOut,
1422895314704,98.6,1.0,EventProcessingUnit,ScaleOut,
1422895319703,98.6,1.0,EventProcessingUnit,ScaleOut,
1422895324703,98.6,1.0,EventProcessingUnit,ScaleOut,
1422895329703,95.6,1.0,EventProcessingUnit,ScaleOut,
1422895334705,95.6,1.0,EventProcessingUnit,ScaleOut,
1422895339704,95.6,1.0,EventProcessingUnit,ScaleOut,
1422895344706,95.6,1.0,EventProcessingUnit,ScaleOut,
1422895349706,98.3,1.0,EventProcessingUnit,ScaleOut,
1422895354732,98.3,1.0,EventProcessingUnit,ScaleOut,
1422895359732,98.3,1.0,EventProcessingUnit,ScaleOut,
1422895364732,98.3,1.0,EventProcessingUnit,ScaleOut,
1422895369732,93.9,1.0,EventProcessingUnit,ScaleOut,
1422895374733,93.9,1.0,EventProcessingUnit,ScaleOut,
1422895379732,93.9,1.0,EventProcessingUnit,ScaleOut,
1422895384732,93.9,1.0,EventProcessingUnit,ScaleOut,
1422895389735,97.5,1.0,EventProcessingUnit,ScaleOut,
1422895394734,97.5,1.0,EventProcessingUnit,ScaleOut,
1422895399735,97.5,1.0,EventProcessingUnit,ScaleOut,
1422895404735,97.5,1.0,EventProcessingUnit,ScaleOut,
1422895409734,94.7,1.0,EventProcessingUnit,ScaleOut,
1422895414735,94.7,1.0,EventProcessingUnit,ScaleOut,
1422895419734,94.7,1.0,EventProcessingUnit,ScaleOut,
1422895424736,94.7,1.0,
1422895429735,98.3,1.0,
1422895434737,98.3,1.0,
1422895439738,98.3,1.0,
1422895444736,98.3,1.0,
1422895449736,94.4,1.0,
1422895454737,94.4,1.0,
1422895459738,94.4,1.0,
1422895464738,94.4,1.0,
1422895469738,98.5,1.0,
1422895474738,98.5,1.0,
1422895479738,98.5,1.0,
1422895484738,98.5,1.0,
1422895489738,98.5,1.0,
1422895494739,98.5,1.0,
1422895499739,98.5,1.0,
1422895504739,98.5,1.0,
1422895509740,95.0,1.0,
1422895514740,95.0,1.0,
1422895519740,95.0,1.0,
1422895524745,95.0,1.0,
1422895529741,96.9,1.0,
1422895534743,96.9,1.0,
1422895539743,96.9,1.0,
1422895544742,96.9,1.0,
1422895549744,92.5,1.0,
1422895554742,92.5,1.0,
1422895559747,92.5,1.0,
1422895564746,92.5,1.0,
1422895569747,93.9,1.0,
1422895574747,93.9,1.0,
1422895579747,93.9,1.0,
1422895584747,93.9,1.0,
1422895589747,98.2,1.0,
1422895594747,98.2,1.0,
1422895599749,98.2,1.0,
1422895604750,98.2,1.0,
1422895609748,96.6,1.0,
1422895614750,96.6,1.0,
1422895619749,96.6,1.0,
1422895624749,96.6,1.0,
1422895629750,96.6,1.0,
1422895634750,96.6,1.0,
1422895639751,96.6,1.0,
1422895644750,96.6,1.0,
1422895649751,95.5,1.0,
1422895654751,95.5,1.0,
1422895659751,95.5,1.0,
1422895664751,95.5,1.0,
1422895669753,95.5,1.0,
1422895674752,95.5,1.0,
1422895679754,95.5,1.0,
1422895684753,95.5,1.0,
1422895689754,96.4,1.0,
1422895694754,96.4,1.0,
1422895699753,96.4,1.0,
1422895704754,96.4,1.0,
1422895709755,95.0,1.0,
1422895714754,95.0,1.0,
1422895719755,95.0,1.0,
1422895724755,95.0,1.0,
1422895729757,97.0,1.0,
1422895734756,97.0,1.0,
1422895739757,97.0,1.0,
1422895744756,97.0,1.0,
1422895749757,93.5,1.0,
1422895754758,93.5,1.0,
1422895759757,93.5,1.0,
1422895764757,93.5,1.0,
1422895769757,98.7,1.0,
1422895774758,98.7,1.0,
1422895779760,98.7,1.0,
1422895784759,98.7,1.0,
1422895789760,96.9,1.0,
1422895794759,96.9,1.0,
1422895799759,96.9,1.0,
1422895804760,96.9,1.0,
1422895809760,96.9,1.0,
1422895814762,96.9,1.0,
1422895819761,96.9,1.0,
1422895824764,96.9,1.0,
1422895829763,96.9,1.0,
1422895834761,96.9,1.0,
1422895839764,96.9,1.0,
1422895844763,96.9,1.0,
1422895849764,94.4,1.0,
1422895854799,94.4,1.0,
1422895859763,94.4,1.0,
1422895864763,94.4,1.0,
1422895869763,94.4,1.0,
1422895874766,94.4,1.0,
1422895879766,94.4,1.0,
1422895882152,94.4,1.0,
1422895887152,94.4,1.0,DataNodeUnit,ScaleIn,EventProcessingUnit,ScaleIn,
1422895892153,94.4,1.0,DataNodeUnit,ScaleIn,EventProcessingUnit,ScaleIn,
1422895897162,94.4,1.0,DataNodeUnit,ScaleIn,EventProcessingUnit,ScaleIn,
