1423258615142,99.3,1.0,
1423258620143,68.1,1.0,0.0,0.0,0.0,
1423258625143,68.1,1.0,0.0,42.0,68.0,
1423258630143,68.1,1.0,1.0,22.0,13.0,
1423258635144,68.1,1.0,4.0,61.0,30.0,
1423258640145,47.1,1.0,0.0,61.0,36.0,
1423258645144,47.1,1.0,0.0,61.0,36.0,
1423258650145,47.1,1.0,0.0,61.0,36.0,
1423258655147,47.1,1.0,0.0,61.0,36.0,
1423258660146,47.1,1.0,0.0,61.0,36.0,
1423258665162,72.4,1.0,0.0,81.0,14.0,
1423258670166,72.4,1.0,0.0,18.0,14.0,
1423258675168,72.4,1.0,0.0,18.0,14.0,
1423258680165,71.8,1.0,1.0,46.0,12.0,
1423258685164,71.8,1.0,0.0,85.0,12.0,
1423258690168,71.8,1.0,0.0,23.0,14.0,
1423258695166,71.8,1.0,0.0,3.0,12.0,
1423258700165,78.8,1.0,1.0,63.0,13.0,
1423258705166,78.8,1.0,0.0,65.0,12.0,
1423258710172,78.8,1.0,0.0,9.0,23.0,
1423258715166,78.8,1.0,1.0,12.0,12.0,
1423258720174,78.8,1.0,1.0,76.0,13.0,
1423258725172,78.8,1.0,1.0,85.0,12.0,
1423258730176,78.8,1.0,0.0,42.0,14.0,
1423258735176,78.8,1.0,1.0,24.0,11.0,
1423258740189,81.3,1.0,2.0,85.0,21.0,
1423258745183,81.3,1.0,0.0,40.0,12.0,
1423258750184,81.3,1.0,2.0,26.0,16.0,
1423258755190,81.3,1.0,4.0,86.0,25.0,
1423258760191,72.1,1.0,0.0,35.0,12.0,
1423258765191,72.1,1.0,1.0,12.0,12.0,
1423258770193,72.1,1.0,1.0,32.0,12.0,
1423258775192,72.1,1.0,2.0,87.0,12.0,
1423258780200,77.5,1.0,0.0,40.0,11.0,
1423258785206,77.5,1.0,0.0,31.0,12.0,
1423258790206,77.5,1.0,1.0,36.0,11.0,
1423258795206,77.5,1.0,0.0,76.0,13.0,
1423258800207,77.5,1.0,0.0,69.0,17.0,
1423258805214,77.5,1.0,0.0,10.0,15.0,
1423258810218,77.5,1.0,2.0,58.0,19.0,
1423258815222,77.5,1.0,0.0,70.0,14.0,
1423258820222,82.0,1.0,0.0,4.0,12.0,
1423258825223,82.0,1.0,1.0,60.0,12.0,
1423258830224,82.0,1.0,0.0,64.0,11.0,
1423258835224,82.0,1.0,0.0,2.0,11.0,
1423258840231,84.8,1.0,1.0,62.0,11.0,
1423258845233,84.8,1.0,0.0,67.0,11.0,
1423258850234,84.8,1.0,0.0,7.0,11.0,
1423258855234,84.8,1.0,1.0,58.0,12.0,
1423258860236,83.9,1.0,0.0,69.0,16.0,
1423258865236,83.9,1.0,0.0,21.0,11.0,
1423258870243,83.9,1.0,2.0,45.0,11.0,
1423258875247,83.9,1.0,0.0,82.0,13.0,
1423258880249,85.1,1.0,0.0,71.0,11.0,
1423258885256,85.1,1.0,0.0,8.0,11.0,
1423258890259,85.1,1.0,1.0,57.0,13.0,
1423258895264,85.1,1.0,2.0,49.0,20.0,
1423258900261,85.1,1.0,2.0,49.0,20.0,
1423258905261,85.1,1.0,2.0,49.0,20.0,
1423258910265,85.1,1.0,2.0,49.0,20.0,
1423258915271,85.1,1.0,2.0,49.0,20.0,
1423258920274,85.1,1.0,1.0,71.0,12.0,
1423258925278,85.1,1.0,1.0,89.0,12.0,
1423258930281,85.1,1.0,1.0,89.0,12.0,
1423258935291,85.1,1.0,0.0,37.0,11.0,
1423258940295,80.3,1.0,1.0,26.0,12.0,
1423258945296,80.3,1.0,1.0,89.0,11.0,
1423258950300,80.3,1.0,0.0,35.0,10.0,
1423258955301,80.3,1.0,2.0,29.0,12.0,
1423258960299,85.7,1.0,1.0,79.0,11.0,
1423258965298,85.7,1.0,1.0,14.0,11.0,
1423258970305,85.7,1.0,1.0,14.0,11.0,
1423258975306,85.7,1.0,1.0,78.0,14.0,
1423258980306,85.7,1.0,0.0,50.0,12.0,
1423258985314,85.7,1.0,1.0,15.0,11.0,
1423258990322,85.7,1.0,1.0,79.0,11.0,
1423258995323,85.7,1.0,0.0,46.0,12.0,
1423259000325,85.7,1.0,0.0,0.0,0.0,
1423259005323,85.7,1.0,1.0,79.0,13.0,
1423259010323,85.7,1.0,0.0,30.0,28.0,
1423259015325,85.7,1.0,1.0,87.0,29.0,
1423259020325,80.9,1.0,0.0,20.0,88.0,
1423259025325,80.9,1.0,9.0,90.0,80.0,
1423259030327,80.9,1.0,3.0,20.0,30.0,
1423259035327,80.9,1.0,2.0,84.0,27.0,
1423259040329,80.9,1.0,4.0,28.0,35.0,
1423259045329,80.9,1.0,1.0,86.0,16.0,
1423259050328,80.9,1.0,1.0,47.0,20.0,
1423259055326,80.9,1.0,3.0,84.0,14.0,
1423259060332,80.9,1.0,2.0,48.0,18.0,
1423259065331,80.9,1.0,1.0,82.0,13.0,
1423259070330,80.9,1.0,3.0,57.0,17.0,
1423259075332,80.9,1.0,0.0,85.0,115.0,
1423259080332,85.6,1.0,0.0,0.0,0.0,
1423259085336,85.6,1.0,3.0,82.0,15.0,
1423259090331,85.6,1.0,1.0,81.0,13.0,
1423259095332,80.1,1.0,1.0,80.0,13.0,
1423259100336,80.1,1.0,1.0,80.0,13.0,
1423259105333,80.1,1.0,1.0,39.0,12.0,
1423259110337,80.1,1.0,0.0,45.0,15.0,
1423259115342,80.1,1.0,3.0,84.0,20.0,
1423259120345,78.2,1.0,2.0,87.0,22.0,
1423259125348,78.2,1.0,1.0,80.0,14.0,
1423259130349,78.2,1.0,1.0,86.0,17.0,
1423259135347,78.2,1.0,2.0,80.0,15.0,
1423259140351,78.2,1.0,2.0,27.0,14.0,
1423259145357,78.2,1.0,0.0,53.0,14.0,
1423259150360,78.2,1.0,1.0,83.0,13.0,
1423259155362,78.2,1.0,1.0,87.0,14.0,
1423259160362,78.2,1.0,0.0,85.0,17.0,
1423259165362,78.2,1.0,2.0,80.0,14.0,
1423259170365,78.2,1.0,1.0,75.0,14.0,
1423259175375,78.2,1.0,0.0,13.0,14.0,
1423259180371,80.7,1.0,0.0,80.0,15.0,
1423259185371,80.7,1.0,2.0,90.0,36.0,
1423259190376,80.7,1.0,18.0,90.0,308.0,
1423259195379,80.7,1.0,2.0,80.0,14.0,
1423259200376,79.1,1.0,2.0,77.0,13.0,
1423259205376,79.1,1.0,1.0,75.0,13.0,
1423259210379,79.1,1.0,0.0,5.0,12.0,
1423259215378,79.1,1.0,0.0,69.0,14.0,
1423259220388,79.1,1.0,1.0,85.0,17.0,
1423259225390,79.1,1.0,0.0,81.0,14.0,
1423259230396,79.1,1.0,1.0,79.0,15.0,
1423259235396,79.1,1.0,1.0,77.0,12.0,
1423259240395,80.1,1.0,1.0,30.0,16.0,
1423259245399,80.1,1.0,0.0,52.0,12.0,
1423259250415,80.1,1.0,2.0,82.0,14.0,
1423259255408,80.1,1.0,2.0,82.0,15.0,
1423259260406,80.1,1.0,1.0,84.0,18.0,
1423259265406,80.1,1.0,1.0,81.0,13.0,
1423259270409,80.1,1.0,1.0,74.0,14.0,
1423259275408,80.1,1.0,1.0,5.0,12.0,
1423259280430,81.0,1.0,0.0,65.0,15.0,
1423259285408,81.0,1.0,1.0,88.0,17.0,
1423259290409,81.0,1.0,2.0,82.0,14.0,
1423259295409,81.0,1.0,2.0,82.0,14.0,
1423259300416,81.0,1.0,2.0,32.0,15.0,
1423259305422,81.0,1.0,0.0,39.0,14.0,
1423259310422,81.0,1.0,0.0,39.0,14.0,
1423259315431,81.0,1.0,0.0,0.0,0.0,
1423259320439,85.9,1.0,1.0,12.0,14.0,
1423259325446,85.9,1.0,0.0,71.0,13.0,
1423259330454,85.9,1.0,0.0,0.0,0.0,
1423259335457,85.9,1.0,1.0,81.0,14.0,
1423259340457,82.6,1.0,1.0,88.0,17.0,
1423259345463,82.6,1.0,2.0,77.0,13.0,
1423259350470,82.6,1.0,1.0,82.0,14.0,
1423259355475,82.6,1.0,2.0,76.0,13.0,
1423259360482,77.3,1.0,2.0,84.0,16.0,
1423259365487,77.3,1.0,0.0,78.0,14.0,
1423259370492,77.3,1.0,0.0,16.0,16.0,
1423259375495,77.3,1.0,0.0,0.0,0.0,
1423259380499,83.7,1.0,5.0,89.0,35.0,
1423259385508,83.7,1.0,0.0,0.0,0.0,
1423259390508,83.7,1.0,0.0,0.0,0.0,
1423259395513,83.7,1.0,0.0,0.0,0.0,
1423259400517,95.8,1.0,0.0,0.0,0.0,
1423259405525,95.8,1.0,0.0,0.0,0.0,
1423259410527,95.8,1.0,2.0,63.0,11.0,
1423259415534,95.8,1.0,2.0,63.0,11.0,
1423259420536,95.8,1.0,2.0,63.0,11.0,
1423259425541,95.8,1.0,2.0,63.0,11.0,
1423259430548,95.8,1.0,2.0,63.0,11.0,
1423259435548,71.0,1.0,90.0,44.0,3101.0,
1423259440552,71.0,1.0,90.0,44.0,3101.0,
1423259445561,71.0,1.0,121.0,32.0,7047.0,
1423259450565,71.0,1.0,134.0,23.0,11177.0,
1423259455573,71.0,1.0,163.0,0.0,326261.0,
1423259460577,68.4,1.0,199.0,57.0,7128.0,
1423259465596,68.4,1.0,200.0,21.0,165537.0,
1423259470589,68.4,1.0,200.0,44.0,10503.0,
1423259475592,68.4,1.0,199.0,20.0,23621.0,
1423259480593,71.7,1.0,200.0,31.0,544701.0,
1423259485600,71.7,1.0,199.0,44.0,537124.0,
1423259490602,71.7,1.0,199.0,8.0,14274.0,
1423259495603,71.7,1.0,200.0,19.0,99182.0,
1423259500604,71.7,1.0,200.0,19.0,99182.0,
1423259505611,71.7,1.0,200.0,19.0,99182.0,
1423259510612,71.7,1.0,200.0,0.0,13553.0,
1423259515631,71.7,1.0,200.0,0.0,13553.0,
1423259520619,71.7,1.0,200.0,0.0,13553.0,
1423259525621,71.7,1.0,199.0,0.0,106483.0,
1423259530621,71.7,1.0,199.0,0.0,106483.0,
1423259535620,71.7,1.0,199.0,0.0,106483.0,
1423259540626,63.3,1.0,197.0,0.0,33563.0,
1423259545626,63.3,1.0,197.0,0.0,33563.0,
1423259550628,63.3,1.0,197.0,0.0,33563.0,
1423259555628,63.3,1.0,199.0,0.0,13213.0,
1423259560633,63.3,1.0,199.0,0.0,13213.0,
1423259565631,63.3,1.0,199.0,0.0,13213.0,
1423259570629,74.2,1.0,200.0,20.0,509613.0,EventProcessingUnit,ScaleOut,
1423259575633,74.2,1.0,200.0,20.0,509613.0,EventProcessingUnit,ScaleOut,
1423259580644,74.2,1.0,200.0,20.0,509613.0,EventProcessingUnit,ScaleOut,
1423259585633,74.2,1.0,200.0,20.0,509613.0,EventProcessingUnit,ScaleOut,
1423259590631,74.2,1.0,200.0,20.0,509613.0,EventProcessingUnit,ScaleOut,
1423259595632,74.2,1.0,200.0,20.0,509613.0,EventProcessingUnit,ScaleOut,
1423259600632,74.2,1.0,200.0,20.0,509613.0,EventProcessingUnit,ScaleOut,
1423259605632,74.2,1.0,200.0,20.0,509613.0,EventProcessingUnit,ScaleOut,
1423259610635,74.2,1.0,200.0,20.0,509613.0,EventProcessingUnit,ScaleOut,
1423259615632,74.2,1.0,200.0,20.0,509613.0,EventProcessingUnit,ScaleOut,
1423259620634,74.2,1.0,200.0,20.0,509613.0,EventProcessingUnit,ScaleOut,
1423259625633,74.2,1.0,200.0,20.0,509613.0,EventProcessingUnit,ScaleOut,
1423259630634,74.2,1.0,200.0,20.0,509613.0,EventProcessingUnit,ScaleOut,
1423259635636,74.2,1.0,200.0,20.0,509613.0,EventProcessingUnit,ScaleOut,
1423259640637,74.2,1.0,200.0,20.0,509613.0,EventProcessingUnit,ScaleOut,
1423259645635,74.2,1.0,200.0,20.0,509613.0,EventProcessingUnit,ScaleOut,
1423259650640,74.2,1.0,200.0,20.0,509613.0,EventProcessingUnit,ScaleOut,
1423259655638,74.2,1.0,200.0,20.0,509613.0,EventProcessingUnit,ScaleOut,
1423259660640,74.2,1.0,200.0,20.0,509613.0,EventProcessingUnit,ScaleOut,
1423259665643,74.2,1.0,200.0,20.0,509613.0,EventProcessingUnit,ScaleOut,
1423259670644,74.2,1.0,200.0,20.0,509613.0,EventProcessingUnit,ScaleOut,
1423259675646,74.2,1.0,200.0,20.0,509613.0,EventProcessingUnit,ScaleOut,
1423259680643,74.2,1.0,200.0,20.0,509613.0,EventProcessingUnit,ScaleOut,
1423259685651,74.2,1.0,200.0,20.0,509613.0,EventProcessingUnit,ScaleOut,
1423259690647,74.2,1.0,200.0,20.0,509613.0,EventProcessingUnit,ScaleOut,
1423259695649,74.2,1.0,200.0,20.0,509613.0,EventProcessingUnit,ScaleOut,
1423259700647,74.2,1.0,199.0,-1.0,521165.0,EventProcessingUnit,ScaleOut,
1423259705648,74.2,1.0,199.0,-1.0,521165.0,EventProcessingUnit,ScaleOut,
1423259710647,1.0,EventProcessingUnit,ScaleOut,
1423259715647,78.2,1.0,199.0,43.0,17546.0,EventProcessingUnit,ScaleOut,
1423259720650,78.2,1.0,199.0,43.0,17546.0,EventProcessingUnit,ScaleOut,
1423259725650,78.2,1.0,199.0,43.0,17546.0,EventProcessingUnit,ScaleOut,
1423259730649,78.2,1.0,199.0,43.0,17546.0,EventProcessingUnit,ScaleOut,
1423259735649,78.2,1.0,199.0,43.0,17546.0,EventProcessingUnit,ScaleOut,
1423259740658,78.2,1.0,199.0,43.0,17546.0,EventProcessingUnit,ScaleOut,
1423259745649,78.2,1.0,199.0,43.0,17546.0,EventProcessingUnit,ScaleOut,
1423259750651,78.2,1.0,199.0,43.0,17546.0,EventProcessingUnit,ScaleOut,
1423259755652,78.2,1.0,199.0,43.0,17546.0,EventProcessingUnit,ScaleOut,
1423259760652,78.2,1.0,199.0,43.0,17546.0,EventProcessingUnit,ScaleOut,
1423259765653,78.2,1.0,199.0,43.0,17546.0,EventProcessingUnit,ScaleOut,
1423259770651,78.2,1.0,199.0,43.0,17546.0,EventProcessingUnit,ScaleOut,
1423259775651,78.2,1.0,199.0,43.0,17546.0,EventProcessingUnit,ScaleOut,
1423259780652,78.2,1.0,199.0,43.0,17546.0,EventProcessingUnit,ScaleOut,
1423259785653,78.2,1.0,199.0,43.0,17546.0,EventProcessingUnit,ScaleOut,
1423259790657,78.2,1.0,199.0,43.0,17546.0,EventProcessingUnit,ScaleOut,
1423259795657,78.2,1.0,199.0,43.0,17546.0,EventProcessingUnit,ScaleOut,
1423259800662,78.2,1.0,199.0,43.0,17546.0,EventProcessingUnit,ScaleOut,
1423259805666,78.2,1.0,199.0,19.0,521676.0,EventProcessingUnit,ScaleOut,
1423259810673,78.2,1.0,199.0,19.0,521676.0,EventProcessingUnit,ScaleOut,
1423259815676,78.2,1.0,199.0,19.0,521676.0,EventProcessingUnit,ScaleOut,
1423259820679,78.2,1.0,199.0,19.0,521676.0,EventProcessingUnit,ScaleOut,
1423259825683,78.2,1.0,199.0,19.0,521676.0,EventProcessingUnit,ScaleOut,
1423259830687,78.2,1.0,199.0,0.0,9803.0,EventProcessingUnit,ScaleOut,
1423259835690,78.2,1.0,199.0,0.0,9803.0,EventProcessingUnit,ScaleOut,
1423259840689,78.2,1.0,199.0,0.0,9803.0,EventProcessingUnit,ScaleOut,
1423259845691,79.3,1.0,198.0,43.0,47944.0,EventProcessingUnit,ScaleOut,
1423259850692,79.3,1.0,199.0,46.0,24452.0,EventProcessingUnit,ScaleOut,
1423259855692,79.3,1.0,199.0,46.0,24452.0,EventProcessingUnit,ScaleOut,
1423259860697,79.3,1.0,199.0,46.0,24452.0,EventProcessingUnit,ScaleOut,
1423259865700,79.3,1.0,200.0,18.0,256241.0,EventProcessingUnit,ScaleOut,
1423259870697,77.3,1.0,198.0,0.0,10003.0,EventProcessingUnit,ScaleOut,
1423259875703,77.3,1.0,198.0,0.0,10003.0,EventProcessingUnit,ScaleOut,
1423259880707,77.3,1.0,198.0,0.0,10003.0,EventProcessingUnit,ScaleOut,
1423259885711,77.3,1.0,198.0,0.0,10003.0,EventProcessingUnit,ScaleOut,
1423259890712,77.3,1.0,198.0,0.0,10003.0,EventProcessingUnit,ScaleOut,
1423259895712,77.3,1.0,198.0,0.0,10003.0,EventProcessingUnit,ScaleOut,
1423259900715,77.3,1.0,198.0,0.0,10003.0,EventProcessingUnit,ScaleOut,
1423259905719,77.3,1.0,198.0,0.0,10003.0,EventProcessingUnit,ScaleOut,
1423259910723,77.3,1.0,198.0,0.0,10003.0,EventProcessingUnit,ScaleOut,
1423259915728,77.3,1.0,198.0,0.0,10003.0,EventProcessingUnit,ScaleOut,
1423259920732,77.3,1.0,198.0,0.0,10003.0,EventProcessingUnit,ScaleOut,
1423259925736,77.3,1.0,198.0,0.0,10003.0,EventProcessingUnit,ScaleOut,
1423259930740,77.3,1.0,198.0,0.0,10003.0,EventProcessingUnit,ScaleOut,
1423259935746,77.3,1.0,198.0,0.0,10003.0,EventProcessingUnit,ScaleOut,
1423259940750,77.3,1.0,198.0,0.0,22118.0,EventProcessingUnit,ScaleOut,
1423259945766,78.7,1.0,199.0,43.0,505758.0,EventProcessingUnit,ScaleOut,
1423259950758,78.7,1.0,199.0,43.0,505758.0,EventProcessingUnit,ScaleOut,
1423259955758,78.7,1.0,199.0,43.0,505758.0,EventProcessingUnit,ScaleOut,
1423259960765,78.7,1.0,199.0,43.0,505758.0,EventProcessingUnit,ScaleOut,
1423259965770,78.7,1.0,199.0,43.0,505758.0,EventProcessingUnit,ScaleOut,
1423259970771,78.7,1.0,199.0,43.0,505758.0,EventProcessingUnit,ScaleOut,
1423259975779,78.7,1.0,199.0,43.0,505758.0,EventProcessingUnit,ScaleOut,
1423259980780,78.7,1.0,199.0,43.0,505758.0,EventProcessingUnit,ScaleOut,
1423259985795,78.7,1.0,199.0,43.0,505758.0,EventProcessingUnit,ScaleOut,
1423259990794,78.7,1.0,199.0,43.0,505758.0,EventProcessingUnit,ScaleOut,
1423259995794,78.7,1.0,199.0,43.0,505758.0,EventProcessingUnit,ScaleOut,
1423260000798,78.7,1.0,199.0,43.0,505758.0,EventProcessingUnit,ScaleOut,
1423260005800,78.7,1.0,199.0,43.0,505758.0,EventProcessingUnit,ScaleOut,
1423260010809,78.7,1.0,199.0,43.0,505758.0,EventProcessingUnit,ScaleOut,
1423260015809,78.7,1.0,199.0,43.0,505758.0,EventProcessingUnit,ScaleOut,
1423260020814,78.7,1.0,199.0,43.0,505758.0,EventProcessingUnit,ScaleOut,
1423260025816,78.7,1.0,199.0,43.0,505758.0,EventProcessingUnit,ScaleOut,
1423260030817,78.7,1.0,198.0,16.0,530827.0,EventProcessingUnit,ScaleOut,
1423260035818,78.7,1.0,198.0,16.0,530827.0,EventProcessingUnit,ScaleOut,
1423260040819,78.7,1.0,198.0,16.0,530827.0,EventProcessingUnit,ScaleOut,
1423260045823,78.7,1.0,198.0,16.0,530827.0,EventProcessingUnit,ScaleOut,
1423260050831,78.7,1.0,198.0,16.0,530827.0,EventProcessingUnit,ScaleOut,
1423260055833,78.7,1.0,198.0,16.0,530827.0,EventProcessingUnit,ScaleOut,
1423260060833,78.7,1.0,200.0,0.0,11154.0,EventProcessingUnit,ScaleOut,
1423260065835,78.7,1.0,200.0,0.0,11154.0,EventProcessingUnit,ScaleOut,
1423260070833,78.7,1.0,200.0,0.0,11154.0,EventProcessingUnit,ScaleOut,
1423260075833,78.7,1.0,200.0,0.0,11154.0,EventProcessingUnit,ScaleOut,
1423260080833,78.7,1.0,200.0,0.0,11154.0,EventProcessingUnit,ScaleOut,
1423260085836,78.7,1.0,200.0,0.0,11154.0,
1423260090835,78.7,1.0,200.0,0.0,11154.0,
1423260095837,78.7,1.0,200.0,0.0,11154.0,
1423260100837,1.0,
1423260105838,78.7,1.0,200.0,0.0,11154.0,
1423260110838,78.7,1.0,200.0,0.0,11154.0,
1423260115838,78.7,1.0,200.0,0.0,11154.0,
1423260120838,78.7,1.0,200.0,0.0,11154.0,
1423260125839,78.7,1.0,200.0,0.0,11154.0,
1423260130839,78.7,1.0,200.0,0.0,11154.0,
1423260135839,78.7,1.0,200.0,0.0,11154.0,
1423260140840,78.7,1.0,200.0,0.0,11154.0,
1423260145840,78.7,1.0,200.0,0.0,11154.0,
1423260150838,78.7,1.0,200.0,0.0,11154.0,
1423260155840,78.7,1.0,200.0,0.0,11154.0,
1423260160841,78.7,1.0,200.0,0.0,11154.0,
1423260165839,78.7,1.0,200.0,0.0,11154.0,
1423260170840,78.7,1.0,200.0,0.0,11154.0,
1423260175840,78.7,1.0,200.0,0.0,11154.0,
1423260180840,78.7,1.0,200.0,0.0,11154.0,
1423260185840,78.7,1.0,200.0,0.0,11154.0,
1423260190842,78.7,1.0,200.0,0.0,11154.0,
1423260195843,78.7,1.0,200.0,0.0,11154.0,
1423260200843,78.7,1.0,200.0,0.0,11154.0,
1423260205843,78.7,1.0,200.0,0.0,11154.0,
1423260210849,78.7,1.0,200.0,0.0,11154.0,
1423260215857,78.7,1.0,200.0,0.0,11154.0,
1423260220871,78.7,1.0,200.0,0.0,11154.0,
1423260225866,78.7,1.0,200.0,0.0,11154.0,EventProcessingUnit,ScaleOut,
1423260230866,78.7,1.0,200.0,0.0,11154.0,EventProcessingUnit,ScaleOut,
1423260235875,78.7,1.0,200.0,0.0,11154.0,EventProcessingUnit,ScaleOut,
1423260240875,78.7,1.0,200.0,0.0,11154.0,EventProcessingUnit,ScaleOut,
1423260245883,78.7,1.0,200.0,0.0,11154.0,EventProcessingUnit,ScaleOut,
1423260250887,78.7,1.0,200.0,0.0,11154.0,EventProcessingUnit,ScaleOut,
1423260255907,78.7,1.0,200.0,0.0,11154.0,EventProcessingUnit,ScaleOut,
1423260260895,78.7,1.0,200.0,0.0,11154.0,EventProcessingUnit,ScaleOut,
1423260265898,78.7,1.0,200.0,0.0,11154.0,EventProcessingUnit,ScaleOut,
1423260270911,78.7,1.0,200.0,0.0,11154.0,EventProcessingUnit,ScaleOut,
1423260275901,78.7,1.0,200.0,0.0,11154.0,EventProcessingUnit,ScaleOut,
1423260280906,78.7,1.0,200.0,0.0,11154.0,EventProcessingUnit,ScaleOut,
1423260285913,78.7,1.0,200.0,0.0,11154.0,EventProcessingUnit,ScaleOut,
1423260290921,78.7,1.0,200.0,0.0,11154.0,EventProcessingUnit,ScaleOut,
1423260295929,78.7,1.0,200.0,0.0,11154.0,EventProcessingUnit,ScaleOut,
1423260300937,78.7,1.0,200.0,0.0,11154.0,EventProcessingUnit,ScaleOut,
1423260305939,78.7,1.0,200.0,0.0,11154.0,EventProcessingUnit,ScaleOut,
1423260310944,78.7,1.0,200.0,0.0,11154.0,EventProcessingUnit,ScaleOut,
1423260315952,78.7,1.0,200.0,0.0,11154.0,EventProcessingUnit,ScaleOut,
1423260320960,78.7,1.0,200.0,0.0,11154.0,EventProcessingUnit,ScaleOut,
1423260325969,78.7,1.0,200.0,0.0,11154.0,EventProcessingUnit,ScaleOut,
1423260330973,78.7,1.0,200.0,0.0,11154.0,EventProcessingUnit,ScaleOut,
1423260335977,78.7,1.0,200.0,0.0,11154.0,EventProcessingUnit,ScaleOut,
1423260340978,78.7,1.0,200.0,0.0,11154.0,EventProcessingUnit,ScaleOut,
1423260345978,78.7,1.0,200.0,0.0,11154.0,EventProcessingUnit,ScaleOut,
1423260350979,78.7,1.0,200.0,0.0,11154.0,EventProcessingUnit,ScaleOut,
1423260355990,78.7,1.0,200.0,0.0,11154.0,EventProcessingUnit,ScaleOut,
1423260360996,78.7,1.0,200.0,0.0,11154.0,EventProcessingUnit,ScaleOut,
1423260365997,78.7,1.0,200.0,0.0,11154.0,EventProcessingUnit,ScaleOut,
1423260371001,78.7,1.0,200.0,0.0,11154.0,EventProcessingUnit,ScaleOut,
1423260376002,78.7,1.0,200.0,0.0,11154.0,EventProcessingUnit,ScaleOut,
1423260381010,78.7,1.0,200.0,0.0,11154.0,EventProcessingUnit,ScaleOut,
1423260386015,78.7,1.0,200.0,0.0,11154.0,EventProcessingUnit,ScaleOut,
1423260391019,78.7,1.0,200.0,0.0,11154.0,EventProcessingUnit,ScaleOut,
1423260396026,78.7,1.0,200.0,0.0,11154.0,EventProcessingUnit,ScaleOut,
1423260401030,78.7,1.0,200.0,0.0,11154.0,EventProcessingUnit,ScaleOut,
1423260406036,78.7,1.0,200.0,0.0,11154.0,EventProcessingUnit,ScaleOut,
1423260411045,78.7,1.0,200.0,0.0,11154.0,EventProcessingUnit,ScaleOut,
1423260416050,78.7,1.0,200.0,0.0,11154.0,EventProcessingUnit,ScaleOut,
1423260421056,78.7,1.0,200.0,0.0,11154.0,EventProcessingUnit,ScaleOut,
1423260426059,78.7,1.0,200.0,0.0,11154.0,EventProcessingUnit,ScaleOut,
1423260431060,78.7,1.0,200.0,0.0,11154.0,EventProcessingUnit,ScaleOut,
1423260436068,78.7,1.0,200.0,0.0,11154.0,EventProcessingUnit,ScaleOut,
1423260441073,78.7,1.0,200.0,0.0,11154.0,EventProcessingUnit,ScaleOut,
1423260446078,78.7,1.0,200.0,0.0,11154.0,EventProcessingUnit,ScaleOut,
1423260451081,78.7,1.0,200.0,0.0,11154.0,EventProcessingUnit,ScaleOut,
1423260456079,78.7,1.0,200.0,0.0,11154.0,EventProcessingUnit,ScaleOut,
1423260461082,78.7,1.0,200.0,0.0,11154.0,EventProcessingUnit,ScaleOut,
1423260466087,78.7,1.0,200.0,0.0,11154.0,EventProcessingUnit,ScaleOut,
1423260471091,78.7,1.0,200.0,0.0,11154.0,EventProcessingUnit,ScaleOut,
1423260476096,78.7,1.0,200.0,0.0,11154.0,EventProcessingUnit,ScaleOut,
1423260481102,78.7,1.0,200.0,0.0,11154.0,EventProcessingUnit,ScaleOut,
1423260486106,78.7,1.0,200.0,0.0,11154.0,EventProcessingUnit,ScaleOut,
1423260491113,78.7,1.0,200.0,0.0,11154.0,EventProcessingUnit,ScaleOut,
1423260496116,78.7,1.0,200.0,0.0,11154.0,EventProcessingUnit,ScaleOut,
1423260501121,78.7,1.0,200.0,0.0,11154.0,EventProcessingUnit,ScaleOut,
1423260506125,78.7,1.0,200.0,0.0,11154.0,EventProcessingUnit,ScaleOut,
1423260511130,78.7,1.0,200.0,0.0,11154.0,EventProcessingUnit,ScaleOut,
1423260516131,78.7,1.0,200.0,0.0,11154.0,
1423260521131,78.7,1.0,200.0,0.0,11154.0,
1423260526132,78.7,1.0,200.0,0.0,11154.0,
1423260531135,78.7,1.0,200.0,0.0,11154.0,
1423260536132,78.7,1.0,200.0,0.0,11154.0,
1423260541134,78.7,1.0,200.0,0.0,11154.0,
1423260546143,78.7,1.0,200.0,0.0,11154.0,
1423260551149,78.7,1.0,200.0,0.0,11154.0,
1423260556155,78.7,1.0,200.0,0.0,11154.0,
1423260561159,78.7,1.0,200.0,0.0,11154.0,
1423260566168,78.7,1.0,200.0,0.0,11154.0,
1423260571170,78.7,1.0,200.0,0.0,11154.0,
1423260576172,78.7,1.0,200.0,0.0,11154.0,
1423260581180,78.7,1.0,200.0,0.0,11154.0,
1423260586187,78.7,1.0,200.0,0.0,11154.0,
1423260591190,78.7,1.0,200.0,0.0,11154.0,
1423260596190,78.7,1.0,200.0,0.0,11154.0,
1423260601190,78.7,1.0,200.0,0.0,11154.0,
1423260606192,78.7,1.0,200.0,0.0,11154.0,
1423260611217,78.7,1.0,200.0,0.0,11154.0,
1423260616224,78.7,1.0,200.0,0.0,11154.0,
1423260621211,78.7,1.0,200.0,0.0,11154.0,
1423260626217,78.7,1.0,200.0,0.0,11154.0,
1423260631221,78.7,1.0,200.0,0.0,11154.0,
1423260636223,78.7,1.0,200.0,0.0,11154.0,
1423260641231,78.7,1.0,200.0,0.0,11154.0,
1423260646237,78.7,1.0,200.0,0.0,11154.0,
1423260651241,78.7,1.0,200.0,0.0,11154.0,
1423260656245,78.7,1.0,200.0,0.0,11154.0,
1423260661252,78.7,1.0,200.0,0.0,11154.0,
1423260666255,78.7,1.0,200.0,0.0,11154.0,
1423260671260,78.7,1.0,200.0,0.0,11154.0,
1423260676262,78.7,1.0,200.0,0.0,11154.0,
1423260681265,78.7,1.0,200.0,0.0,11154.0,
1423260686268,78.7,1.0,200.0,0.0,11154.0,
1423260691283,78.7,1.0,200.0,0.0,11154.0,
1423260696273,78.7,1.0,200.0,0.0,11154.0,
1423260701282,78.7,1.0,200.0,0.0,11154.0,
1423260706287,78.7,1.0,200.0,0.0,11154.0,
1423260711292,78.7,1.0,200.0,0.0,11154.0,
1423260716296,78.7,1.0,200.0,0.0,11154.0,
1423260721297,78.7,1.0,200.0,0.0,11154.0,
1423260726297,78.7,1.0,200.0,0.0,11154.0,
1423260731297,78.7,1.0,200.0,0.0,11154.0,
1423260736309,78.7,1.0,200.0,0.0,11154.0,
1423260741315,78.7,1.0,200.0,0.0,11154.0,
1423260746320,78.7,1.0,200.0,0.0,11154.0,
1423260751324,78.7,1.0,200.0,0.0,11154.0,
1423260756325,78.7,1.0,200.0,0.0,11154.0,
1423260761325,78.7,1.0,200.0,0.0,11154.0,
1423260766337,78.7,1.0,200.0,0.0,11154.0,
1423260771338,78.7,1.0,200.0,0.0,11154.0,
1423260776345,78.7,1.0,200.0,0.0,11154.0,
1423260781355,78.7,1.0,200.0,0.0,11154.0,
1423260786354,78.7,1.0,200.0,0.0,11154.0,
1423260791363,78.7,1.0,200.0,0.0,11154.0,
1423260796366,78.7,1.0,200.0,0.0,11154.0,
1423260801368,78.7,1.0,200.0,0.0,11154.0,
1423260806371,78.7,1.0,200.0,0.0,11154.0,
1423260811373,78.7,1.0,200.0,0.0,11154.0,
1423260816374,78.7,1.0,200.0,0.0,11154.0,
1423260821374,78.7,1.0,200.0,0.0,11154.0,
1423260826379,78.7,1.0,200.0,0.0,11154.0,
1423260831377,78.7,1.0,200.0,0.0,11154.0,
1423260836382,78.7,1.0,200.0,0.0,11154.0,
1423260841387,78.7,1.0,200.0,0.0,11154.0,
1423260846391,78.7,1.0,200.0,0.0,11154.0,
1423260851394,78.7,1.0,200.0,0.0,11154.0,
1423260856395,78.7,1.0,200.0,0.0,11154.0,
1423260861397,78.7,1.0,200.0,0.0,11154.0,
1423260866402,78.7,1.0,200.0,0.0,11154.0,
1423260871408,78.7,1.0,200.0,0.0,11154.0,
1423260876412,78.7,1.0,200.0,0.0,11154.0,
1423260881416,78.7,1.0,200.0,0.0,11154.0,
1423260886417,78.7,1.0,200.0,0.0,11154.0,
1423260891424,78.7,1.0,200.0,0.0,11154.0,
1423260896430,78.7,1.0,200.0,0.0,11154.0,
1423260901437,78.7,1.0,200.0,0.0,11154.0,
1423260906437,78.7,1.0,200.0,0.0,11154.0,
1423260911444,78.7,1.0,200.0,0.0,11154.0,
1423260916449,78.7,1.0,200.0,0.0,11154.0,
1423260921458,78.7,1.0,200.0,0.0,11154.0,
1423260926466,78.7,1.0,200.0,0.0,11154.0,
1423260931470,78.7,1.0,200.0,0.0,11154.0,
1423260936474,78.7,1.0,200.0,0.0,11154.0,
1423260941479,78.7,1.0,200.0,0.0,11154.0,
1423260946480,78.7,1.0,200.0,0.0,11154.0,
1423260975600,1.0,
1423260980614,88.6,1.0,1.0,32.0,10.0,
1423260985602,88.6,1.0,1.0,78.0,11.0,
1423260990602,88.6,1.0,1.0,75.0,11.0,
1423260995599,88.6,1.0,0.0,38.0,10.0,
1423261000607,88.6,1.0,1.0,16.0,10.0,
1423261005614,88.6,1.0,1.0,63.0,10.0,
1423261010617,88.6,1.0,1.0,71.0,11.0,
1423261015622,88.6,1.0,1.0,36.0,10.0,
1423261020626,88.6,1.0,0.0,38.0,10.0,
1423261025631,88.6,1.0,0.0,23.0,10.0,
1423261030636,88.6,1.0,1.0,24.0,10.0,
1423261035641,89.2,1.0,0.0,59.0,11.0,
1423261040643,89.2,1.0,0.0,72.0,11.0,
1423261045645,89.2,1.0,0.0,34.0,10.0,
1423261050644,89.2,1.0,0.0,37.0,10.0,
1423261055667,89.2,1.0,0.0,45.0,10.0,
1423261060658,89.2,1.0,1.0,36.0,10.0,
1423261065662,89.2,1.0,1.0,36.0,10.0,
1423261070662,89.2,1.0,1.0,36.0,10.0,
1423261075671,89.2,1.0,1.0,36.0,10.0,
1423261080679,89.2,1.0,1.0,36.0,10.0,
1423261085680,93.4,1.0,0.0,0.0,0.0,
1423261090686,93.4,1.0,0.0,0.0,0.0,
1423261095691,93.4,1.0,0.0,0.0,0.0,
1423261100688,93.4,1.0,0.0,0.0,0.0,
1423261105694,97.8,1.0,0.0,0.0,0.0,
1423261110703,97.8,1.0,0.0,0.0,0.0,
1423261115712,97.8,1.0,0.0,0.0,0.0,
1423261120715,97.8,1.0,0.0,0.0,0.0,
1423261125722,97.8,1.0,0.0,0.0,0.0,
1423261130725,97.8,1.0,0.0,0.0,0.0,
1423261135731,97.8,1.0,0.0,0.0,0.0,
1423261140736,97.8,1.0,0.0,0.0,0.0,
1423261145742,97.8,1.0,0.0,0.0,0.0,
1423261150746,97.8,1.0,0.0,0.0,0.0,
1423261155746,97.8,1.0,0.0,0.0,0.0,
1423261160751,97.8,1.0,0.0,0.0,0.0,
1423261165755,97.8,1.0,0.0,0.0,0.0,
1423261170755,97.8,1.0,0.0,0.0,0.0,
1423261175770,97.8,1.0,0.0,0.0,0.0,
1423261180765,97.8,1.0,0.0,0.0,0.0,
1423261185765,97.8,1.0,0.0,0.0,0.0,
1423261190774,97.8,1.0,0.0,0.0,0.0,
1423261195779,98.3,1.0,0.0,0.0,0.0,
1423261200776,98.3,1.0,0.0,0.0,0.0,
1423261205782,98.3,1.0,0.0,0.0,0.0,
1423261210782,98.3,1.0,0.0,0.0,0.0,
1423261215787,98.3,1.0,0.0,0.0,0.0,
1423261220789,98.3,1.0,0.0,0.0,0.0,
1423261225794,98.3,1.0,0.0,0.0,0.0,
1423261230794,98.3,1.0,0.0,0.0,0.0,
1423261235801,98.3,1.0,0.0,0.0,0.0,
1423261240807,98.3,1.0,0.0,0.0,0.0,
1423261245816,98.3,1.0,0.0,0.0,0.0,
1423261250816,98.3,1.0,0.0,0.0,0.0,
1423261255821,98.3,1.0,0.0,0.0,0.0,
1423261260821,98.3,1.0,0.0,0.0,0.0,
1423261265828,98.3,1.0,0.0,0.0,0.0,
1423261270836,98.3,1.0,0.0,0.0,0.0,
1423261275843,98.3,1.0,0.0,0.0,0.0,
1423261280839,98.3,1.0,0.0,0.0,0.0,
1423261285840,98.4,1.0,0.0,0.0,0.0,
1423261290849,98.4,1.0,0.0,0.0,0.0,
1423261295854,98.4,1.0,0.0,0.0,0.0,
1423261300859,98.4,1.0,0.0,0.0,0.0,
1423261305864,98.4,1.0,0.0,0.0,0.0,
1423261310868,98.4,1.0,0.0,0.0,0.0,
1423261315874,98.4,1.0,0.0,0.0,0.0,
1423261320880,98.4,1.0,0.0,0.0,0.0,
1423261325884,98.4,1.0,0.0,0.0,0.0,
1423261330888,98.4,1.0,0.0,0.0,0.0,
1423297831800,1.0,
1423297836797,98.1,1.0,0.0,0.0,0.0,
1423297841828,98.1,1.0,0.0,0.0,0.0,
1423297846804,98.6,1.0,0.0,0.0,0.0,
1423297851809,98.6,1.0,0.0,0.0,0.0,
1423297856819,98.6,1.0,0.0,0.0,0.0,
1423297861812,98.6,1.0,0.0,0.0,0.0,
1423297866812,98.6,1.0,0.0,0.0,0.0,
1423297871811,98.6,1.0,0.0,0.0,0.0,
1423297876817,98.6,1.0,0.0,0.0,0.0,
1423297881812,98.6,1.0,0.0,0.0,0.0,
1423297886814,98.6,1.0,0.0,0.0,0.0,
1423297891820,98.6,1.0,0.0,0.0,0.0,
1423297896815,98.6,1.0,0.0,0.0,0.0,
1423297901815,98.6,1.0,0.0,0.0,0.0,
1423297906817,98.6,1.0,0.0,0.0,0.0,
1423297911819,98.6,1.0,0.0,0.0,0.0,
1423297916839,98.6,1.0,0.0,0.0,0.0,
1423297921819,98.6,1.0,0.0,0.0,0.0,
1423297926831,98.6,1.0,0.0,0.0,0.0,
1423297931823,98.6,1.0,0.0,0.0,0.0,
1423297936823,98.2,1.0,0.0,0.0,0.0,
1423297941824,98.2,1.0,0.0,0.0,0.0,
1423297946849,98.2,1.0,0.0,0.0,0.0,
1423297951831,98.2,1.0,0.0,0.0,0.0,
1423297956841,98.2,1.0,0.0,0.0,0.0,
1423297961837,98.2,1.0,0.0,0.0,0.0,
1423297966839,98.2,1.0,0.0,0.0,0.0,
1423297971843,98.2,1.0,0.0,0.0,0.0,
1423297976843,98.2,1.0,0.0,0.0,0.0,
1423297981851,98.2,1.0,0.0,0.0,0.0,
1423297986858,98.2,1.0,0.0,0.0,0.0,
1423297991873,98.2,1.0,0.0,0.0,0.0,
1423297996876,98.2,1.0,0.0,0.0,0.0,
1423298001876,98.2,1.0,0.0,0.0,0.0,
1423298006873,98.2,1.0,1.0,34.0,10.0,
1423298011876,98.2,1.0,0.0,65.0,10.0,
1423298016876,98.2,1.0,0.0,11.0,10.0,
1423298021876,98.2,1.0,0.0,44.0,10.0,
1423298026883,90.1,1.0,0.0,80.0,11.0,
1423298031886,90.1,1.0,0.0,35.0,11.0,
1423298036886,90.1,1.0,1.0,19.0,10.0,
1423298041888,90.1,1.0,1.0,73.0,11.0,
1423298046890,90.1,1.0,0.0,56.0,10.0,
1423298051890,90.1,1.0,0.0,15.0,10.0,
1423298056895,90.1,1.0,1.0,38.0,10.0,
1423298061897,90.1,1.0,0.0,85.0,11.0,
1423298066900,90.1,1.0,0.0,30.0,11.0,
1423298071907,90.1,1.0,1.0,24.0,10.0,
1423298076907,90.1,1.0,1.0,81.0,11.0,
1423298081910,90.1,1.0,0.0,44.0,11.0,
1423298086917,90.1,1.0,1.0,5.0,10.0,
1423298091922,90.1,1.0,0.0,68.0,10.0,
1423298096927,90.1,1.0,12.0,93.0,264.0,
1423298101927,90.1,1.0,0.0,58.0,290.0,
1423298106927,86.4,1.0,2.0,31.0,150.0,
1423298111927,86.4,1.0,18.0,61.0,76.0,
1423298116927,86.4,1.0,12.0,93.0,98.0,
1423298121927,86.4,1.0,0.0,86.0,272.0,
1423298126930,86.4,1.0,0.0,49.0,218.0,
1423298131930,86.4,1.0,9.0,42.0,33.0,
1423298136932,86.4,1.0,16.0,76.0,94.0,
1423298141937,86.4,1.0,16.0,76.0,94.0,
1423298146943,86.4,1.0,16.0,76.0,94.0,
1423298151945,86.4,1.0,16.0,76.0,94.0,
1423298156950,86.4,1.0,16.0,76.0,94.0,
1423298161957,84.6,1.0,3.0,69.0,13.0,
1423298166960,84.6,1.0,3.0,69.0,13.0,
1423298171965,84.6,1.0,3.0,69.0,13.0,
1423298176967,84.6,1.0,3.0,69.0,13.0,
1423298181967,85.2,1.0,0.0,85.0,33.0,
1423298186970,85.2,1.0,0.0,85.0,33.0,
1423298191974,85.2,1.0,0.0,58.0,21.0,
1423298196979,85.2,1.0,11.0,42.0,38.0,
1423298201984,85.2,1.0,13.0,92.0,122.0,
1423298206992,87.3,1.0,0.0,28.0,99.0,
1423298212001,87.3,1.0,4.0,23.0,24.0,
1423298217003,87.3,1.0,25.0,93.0,472.0,
1423298222005,87.3,1.0,8.0,93.0,356.0,
1423298227010,85.8,1.0,11.0,20.0,68.0,
1423298232012,85.8,1.0,35.0,93.0,315.0,
1423298237015,85.8,1.0,14.0,93.0,391.0,
1423298242017,85.8,1.0,9.0,18.0,58.0,
1423298247022,83.6,1.0,25.0,86.0,131.0,
1423298252040,83.6,1.0,1.0,69.0,94.0,
1423298257030,83.6,1.0,0.0,0.0,0.0,
1423298262037,83.6,1.0,25.0,93.0,235.0,
1423298267042,86.0,1.0,8.0,91.0,408.0,
1423298272047,86.0,1.0,8.0,91.0,408.0,
1423298277051,86.0,1.0,8.0,91.0,408.0,
1423298282054,86.0,1.0,8.0,91.0,408.0,
1423298287061,86.0,1.0,8.0,91.0,408.0,
1423298292066,82.9,1.0,6.0,90.0,235.0,
1423298297071,82.9,1.0,25.0,87.0,234.0,
1423298302076,86.3,1.0,6.0,86.0,26.0,
1423298307081,86.3,1.0,40.0,93.0,336.0,
1423298312086,86.3,1.0,7.0,92.0,141.0,
1423298317109,86.3,1.0,0.0,0.0,0.0,
1423298322095,86.3,1.0,7.0,59.0,17.0,
1423298327098,86.3,1.0,27.0,91.0,126.0,
1423298332106,86.3,1.0,0.0,0.0,0.0,
1423298336918,86.3,1.0,15.0,92.0,556.0,
1423298341943,86.3,1.0,1.0,85.0,540.0,
1423298346928,85.1,1.0,0.0,0.0,0.0,EventProcessingUnit,ScaleOut,
1423298351934,85.1,1.0,31.0,92.0,575.0,EventProcessingUnit,ScaleOut,
1423298356936,85.1,1.0,0.0,92.0,502.0,EventProcessingUnit,ScaleOut,
1423298361946,85.1,1.0,0.0,0.0,0.0,EventProcessingUnit,ScaleOut,
1423298366951,85.1,1.0,12.0,93.0,134.0,EventProcessingUnit,ScaleOut,
1423298371953,85.1,1.0,20.0,92.0,255.0,EventProcessingUnit,ScaleOut,
1423298376955,85.1,1.0,0.0,0.0,0.0,EventProcessingUnit,ScaleOut,
1423298381959,85.1,1.0,0.0,86.0,452.0,EventProcessingUnit,ScaleOut,
1423298386956,85.1,1.0,39.0,92.0,559.0,EventProcessingUnit,ScaleOut,
1423298391959,85.1,1.0,13.0,92.0,586.0,EventProcessingUnit,ScaleOut,
1423298396965,85.1,1.0,52.0,93.0,577.0,EventProcessingUnit,ScaleOut,
1423298401965,85.1,1.0,24.0,92.0,721.0,EventProcessingUnit,ScaleOut,
1423298406973,82.2,1.0,0.0,0.0,0.0,EventProcessingUnit,ScaleOut,
1423298411973,82.2,1.0,47.0,88.0,243.0,EventProcessingUnit,ScaleOut,
1423298416973,82.2,1.0,70.0,91.0,563.0,EventProcessingUnit,ScaleOut,
1423298421976,82.2,1.0,0.0,0.0,0.0,EventProcessingUnit,ScaleOut,
1423298426981,86.6,1.0,1.0,76.0,645.0,EventProcessingUnit,ScaleOut,
1423298431988,86.6,1.0,18.0,77.0,428.0,EventProcessingUnit,ScaleOut,
1423298437001,86.6,1.0,0.0,0.0,0.0,EventProcessingUnit,ScaleOut,
1423298442006,86.6,1.0,0.0,0.0,0.0,EventProcessingUnit,ScaleOut,
1423298447006,86.6,1.0,0.0,0.0,0.0,EventProcessingUnit,ScaleOut,
1423298452011,86.6,1.0,0.0,0.0,0.0,EventProcessingUnit,ScaleOut,
1423298457023,86.6,1.0,0.0,0.0,0.0,EventProcessingUnit,ScaleOut,
1423298462018,85.4,1.0,0.0,28.0,408.0,EventProcessingUnit,ScaleOut,
1423298467023,85.4,1.0,0.0,28.0,408.0,EventProcessingUnit,ScaleOut,
1423298472025,85.4,1.0,45.0,91.0,596.0,EventProcessingUnit,ScaleOut,
1423298477026,85.4,1.0,13.0,92.0,606.0,EventProcessingUnit,ScaleOut,
1423298482033,85.4,1.0,0.0,80.0,598.0,EventProcessingUnit,ScaleOut,
1423298487031,85.4,1.0,76.0,91.0,525.0,EventProcessingUnit,ScaleOut,
1423298492033,85.4,1.0,50.0,89.0,788.0,EventProcessingUnit,ScaleOut,
1423298497028,85.4,1.0,0.0,0.0,0.0,EventProcessingUnit,ScaleOut,
1423298502031,85.4,1.0,31.0,86.0,858.0,EventProcessingUnit,ScaleOut,
1423298507038,85.4,1.0,3.0,79.0,792.0,EventProcessingUnit,ScaleOut,
1423298512046,85.4,1.0,9.0,79.0,811.0,EventProcessingUnit,ScaleOut,
1423298517048,85.4,1.0,40.0,93.0,698.0,EventProcessingUnit,ScaleOut,
1423298522047,85.4,1.0,22.0,86.0,844.0,EventProcessingUnit,ScaleOut,
1423298527073,82.0,1.0,0.0,14.0,669.0,EventProcessingUnit,ScaleOut,
1423298532057,82.0,1.0,33.0,78.0,111.0,EventProcessingUnit,ScaleOut,
1423298537054,82.0,1.0,53.0,92.0,375.0,EventProcessingUnit,ScaleOut,
1423298542054,82.0,1.0,0.0,0.0,0.0,EventProcessingUnit,ScaleOut,
1423298547052,86.3,1.0,33.0,92.0,199.0,EventProcessingUnit,ScaleOut,
1423298552055,86.3,1.0,33.0,92.0,199.0,EventProcessingUnit,ScaleOut,
1423298557055,86.3,1.0,33.0,92.0,199.0,EventProcessingUnit,ScaleOut,
1423298562057,86.3,1.0,33.0,92.0,199.0,EventProcessingUnit,ScaleOut,
1423298567055,86.3,1.0,33.0,92.0,199.0,EventProcessingUnit,ScaleOut,
1423298572060,86.3,1.0,14.0,77.0,428.0,EventProcessingUnit,ScaleOut,
1423298577062,86.3,1.0,14.0,77.0,428.0,EventProcessingUnit,ScaleOut,
1423298582062,86.3,1.0,14.0,77.0,428.0,EventProcessingUnit,ScaleOut,
1423298587064,86.3,1.0,14.0,77.0,428.0,EventProcessingUnit,ScaleOut,
1423298592064,86.3,1.0,14.0,77.0,428.0,EventProcessingUnit,ScaleOut,
1423298597061,86.3,1.0,14.0,77.0,428.0,EventProcessingUnit,ScaleOut,
1423298602068,86.3,1.0,0.0,50.0,31.0,EventProcessingUnit,ScaleOut,
1423298607065,86.3,1.0,5.0,93.0,143.0,EventProcessingUnit,ScaleOut,
1423298612072,86.3,1.0,3.0,93.0,158.0,EventProcessingUnit,ScaleOut,
1423298617077,86.3,1.0,0.0,0.0,0.0,EventProcessingUnit,ScaleOut,
1423298622080,86.3,1.0,28.0,92.0,182.0,EventProcessingUnit,ScaleOut,
1423298627082,86.3,1.0,17.0,93.0,275.0,EventProcessingUnit,ScaleOut,
1423298632082,86.3,1.0,1.0,93.0,170.0,EventProcessingUnit,ScaleOut,
1423298637095,86.3,1.0,12.0,91.0,53.0,EventProcessingUnit,ScaleOut,
1423298642095,86.3,1.0,43.0,66.0,379.0,EventProcessingUnit,ScaleOut,
1423298647100,82.5,1.0,0.0,19.0,352.0,EventProcessingUnit,ScaleOut,
1423298652102,82.5,1.0,38.0,89.0,192.0,EventProcessingUnit,ScaleOut,
1423298657105,82.5,1.0,64.0,92.0,466.0,EventProcessingUnit,ScaleOut,
1423298662110,82.5,1.0,0.0,16.0,252.0,EventProcessingUnit,ScaleOut,
1423298667112,86.3,1.0,29.0,85.0,164.0,EventProcessingUnit,ScaleOut,
1423298672120,86.3,1.0,44.0,93.0,268.0,EventProcessingUnit,ScaleOut,
1423298677122,86.3,1.0,0.0,0.0,0.0,EventProcessingUnit,ScaleOut,
1423298682122,86.3,1.0,48.0,93.0,269.0,EventProcessingUnit,ScaleOut,
1423298687130,86.3,1.0,30.0,92.0,461.0,EventProcessingUnit,ScaleOut,
1423298692133,86.3,1.0,0.0,0.0,0.0,EventProcessingUnit,ScaleOut,
1423298697140,86.3,1.0,16.0,86.0,290.0,EventProcessingUnit,ScaleOut,
1423298702145,86.3,1.0,34.0,89.0,149.0,EventProcessingUnit,ScaleOut,
1423298707145,86.3,1.0,34.0,89.0,149.0,EventProcessingUnit,ScaleOut,
1423298712148,86.3,1.0,34.0,89.0,149.0,EventProcessingUnit,ScaleOut,
1423298717150,86.3,1.0,34.0,89.0,149.0,EventProcessingUnit,ScaleOut,
1423298722150,86.3,1.0,34.0,89.0,149.0,EventProcessingUnit,ScaleOut,
1423298727153,84.4,1.0,45.0,93.0,282.0,EventProcessingUnit,ScaleOut,
1423298732158,84.4,1.0,45.0,93.0,282.0,EventProcessingUnit,ScaleOut,
1423298737163,84.4,1.0,45.0,93.0,282.0,EventProcessingUnit,ScaleOut,
1423298742168,84.4,1.0,45.0,93.0,282.0,EventProcessingUnit,ScaleOut,
1423298747175,84.4,1.0,45.0,93.0,282.0,EventProcessingUnit,ScaleOut,
1423298752175,84.4,1.0,1.0,66.0,13.0,EventProcessingUnit,ScaleOut,
1423298757178,84.4,1.0,1.0,66.0,13.0,EventProcessingUnit,ScaleOut,
1423298762175,83.3,1.0,0.0,78.0,45.0,EventProcessingUnit,ScaleOut,
1423298767177,83.3,1.0,33.0,92.0,588.0,EventProcessingUnit,ScaleOut,
1423298772180,83.3,1.0,0.0,70.0,55.0,EventProcessingUnit,ScaleOut,
1423298777185,83.3,1.0,5.0,93.0,241.0,EventProcessingUnit,ScaleOut,
1423298782189,83.3,1.0,14.0,83.0,48.0,
1423298787189,84.8,1.0,1.0,50.0,12.0,
1423298792187,84.8,1.0,1.0,46.0,11.0,
1423298797190,84.8,1.0,0.0,0.0,0.0,
1423298802190,84.8,1.0,7.0,72.0,18.0,
1423298807189,89.5,1.0,1.0,81.0,31.0,
1423298812191,89.5,1.0,0.0,41.0,81.0,
1423298817190,89.5,1.0,1.0,53.0,10.0,
1423298822193,89.5,1.0,5.0,76.0,23.0,
1423298827191,87.2,1.0,1.0,78.0,21.0,
1423298832189,87.2,1.0,0.0,75.0,80.0,
1423298837193,87.2,1.0,0.0,84.0,139.0,
1423298842192,87.2,1.0,0.0,79.0,79.0,
1423298847192,87.2,1.0,20.0,92.0,137.0,
1423298852197,87.2,1.0,2.0,93.0,246.0,
1423298857192,87.2,1.0,0.0,0.0,0.0,
1423298862193,87.2,1.0,1.0,39.0,24.0,
1423298867192,89.4,1.0,1.0,47.0,60.0,
1423298872191,89.4,1.0,0.0,82.0,147.0,
1423298877193,89.4,1.0,19.0,78.0,128.0,
1423298882195,89.4,1.0,6.0,93.0,190.0,
1423298887195,86.6,1.0,0.0,56.0,36.0,
1423298892194,86.6,1.0,0.0,38.0,12.0,
1423298897194,86.6,1.0,0.0,32.0,11.0,
1423298902196,86.6,1.0,0.0,3.0,10.0,
1423298907199,89.9,1.0,0.0,29.0,10.0,
1423298912197,89.9,1.0,1.0,70.0,10.0,
1423298917198,89.9,1.0,0.0,34.0,10.0,
1423298922198,89.9,1.0,1.0,5.0,12.0,
1423298927205,89.9,1.0,1.0,30.0,10.0,
1423298932210,89.9,1.0,1.0,65.0,10.0,
1423298937213,89.9,1.0,0.0,35.0,10.0,
1423298942218,89.9,1.0,0.0,13.0,10.0,
1423298947220,91.2,1.0,1.0,29.0,10.0,
1423298952228,91.2,1.0,0.0,67.0,10.0,
1423298957235,91.2,1.0,0.0,37.0,10.0,
1423298962240,91.2,1.0,0.0,8.0,10.0,
1423298967258,91.2,1.0,1.0,41.0,10.0,
1423298972253,91.2,1.0,1.0,72.0,15.0,
1423298977260,91.2,1.0,0.0,49.0,10.0,
1423298982265,91.2,1.0,1.0,47.0,10.0,
1423298987272,91.2,1.0,1.0,45.0,10.0,
1423298992282,91.2,1.0,1.0,70.0,13.0,
1423298997282,91.2,1.0,0.0,72.0,15.0,
1423299002291,91.2,1.0,0.0,45.0,20.0,
1423299007296,87.8,1.0,0.0,24.0,46.0,
1423299012301,87.8,1.0,1.0,17.0,10.0,
1423299017306,87.8,1.0,3.0,65.0,15.0,
1423299022311,87.8,1.0,1.0,85.0,34.0,
1423299027316,87.8,1.0,0.0,49.0,10.0,
1423299032321,87.8,1.0,0.0,41.0,10.0,
1423299037321,87.8,1.0,1.0,52.0,10.0,
1423299042323,87.8,1.0,1.0,69.0,10.0,
1423299047321,87.8,1.0,0.0,56.0,10.0,
1423299052333,87.8,1.0,0.0,41.0,10.0,
1423299057327,87.8,1.0,0.0,41.0,10.0,
1423299062331,87.8,1.0,0.0,41.0,10.0,
1423299067334,87.8,1.0,0.0,41.0,10.0,
1423299072334,87.8,1.0,0.0,41.0,10.0,
1423299077343,87.8,1.0,1.0,77.0,15.0,
1423299082348,87.8,1.0,1.0,77.0,15.0,
1423299087351,87.8,1.0,1.0,77.0,15.0,
1423299092353,87.8,1.0,1.0,77.0,15.0,
1423299097358,91.5,1.0,4.0,27.0,35.0,
1423299102367,91.5,1.0,4.0,27.0,35.0,
1423299107374,87.6,1.0,0.0,79.0,135.0,
1423299112374,87.6,1.0,0.0,79.0,135.0,
1423299117377,87.6,1.0,10.0,23.0,60.0,
1423299122382,87.6,1.0,16.0,93.0,116.0,
1423299127387,85.7,1.0,8.0,93.0,120.0,
1423299132392,85.7,1.0,4.0,19.0,28.0,
1423299137397,85.7,1.0,1.0,79.0,16.0,
1423299142397,85.7,1.0,5.0,91.0,42.0,
1423299147406,88.9,1.0,1.0,10.0,10.0,
1423299152411,88.9,1.0,2.0,44.0,20.0,
1423299157421,88.9,1.0,6.0,62.0,22.0,
1423299162453,88.9,1.0,1.0,5.0,11.0,
1423299167428,88.9,1.0,0.0,61.0,104.0,
1423299172428,88.9,1.0,1.0,57.0,131.0,
1423299177436,88.9,1.0,1.0,10.0,16.0,
1423299182450,88.9,1.0,2.0,93.0,129.0,
1423299187445,88.9,1.0,0.0,0.0,0.0,
1423299192450,88.9,1.0,1.0,4.0,12.0,
1423299197454,88.9,1.0,3.0,93.0,172.0,
1423299202459,88.9,1.0,0.0,64.0,196.0,
1423299207461,91.6,1.0,2.0,3.0,18.0,
1423299212525,91.6,1.0,2.0,73.0,17.0,
1423299217481,91.6,1.0,2.0,86.0,28.0,
1423299222484,91.6,1.0,2.0,86.0,28.0,
1423299227489,91.6,1.0,2.0,86.0,28.0,
1423299232494,91.6,1.0,2.0,86.0,28.0,
1423299237494,91.6,1.0,2.0,86.0,28.0,
1423299242502,86.7,1.0,4.0,90.0,31.0,
1423299247503,86.7,1.0,4.0,90.0,31.0,
1423299252503,86.7,1.0,0.0,46.0,10.0,
1423299257508,86.7,1.0,0.0,12.0,10.0,
1423299262515,86.7,1.0,1.0,22.0,10.0,
1423299267520,88.6,1.0,1.0,62.0,10.0,
1423299272535,88.6,1.0,0.0,46.0,10.0,
1423299277538,88.6,1.0,0.0,8.0,10.0,
1423299282530,88.6,1.0,0.0,8.0,10.0,
1423299287530,88.6,1.0,0.0,8.0,10.0,
1423299292535,88.6,1.0,0.0,8.0,10.0,
1423299297539,88.6,1.0,0.0,8.0,10.0,
1423299302549,90.0,1.0,0.0,65.0,10.0,
1423299307549,90.0,1.0,0.0,65.0,10.0,
1423299312551,90.0,1.0,0.0,34.0,10.0,
1423299317559,90.0,1.0,0.0,7.0,10.0,
1423299322566,90.0,1.0,1.0,43.0,10.0,
1423299326121,90.0,1.0,0.0,62.0,10.0,
1423299331117,90.0,1.0,0.0,23.0,10.0,EventProcessingUnit,ScaleIn,
1423299336146,90.0,1.0,1.0,14.0,10.0,EventProcessingUnit,ScaleIn,
1423299341136,90.0,1.0,1.0,64.0,11.0,EventProcessingUnit,ScaleIn,
1423299346139,90.0,1.0,0.0,63.0,11.0,EventProcessingUnit,ScaleIn,
1423299351140,90.0,1.0,0.0,40.0,10.0,
1423299356141,90.0,1.0,1.0,8.0,11.0,
1423299361141,90.0,1.0,1.0,35.0,10.0,
1423299366142,90.0,1.0,1.0,35.0,10.0,
1423299371143,88.7,1.0,1.0,75.0,11.0,
1423299376196,88.7,1.0,1.0,75.0,11.0,
1423299381197,88.7,1.0,0.0,59.0,11.0,
1423299386228,88.7,1.0,0.0,46.0,10.0,
1423299391245,88.7,1.0,0.0,46.0,10.0,
1423299396240,88.7,1.0,0.0,33.0,10.0,
1423299401243,88.7,1.0,0.0,33.0,10.0,
1423299406241,88.7,1.0,1.0,17.0,10.0,
1423299411243,88.7,1.0,1.0,17.0,10.0,
1423299416262,88.7,1.0,1.0,17.0,10.0,
1423299421261,88.7,1.0,0.0,15.0,10.0,
1423299426262,88.7,1.0,1.0,72.0,11.0,
1423299431261,88.7,1.0,1.0,72.0,11.0,
1423299436265,88.7,1.0,0.0,12.0,10.0,
1423299441263,88.7,1.0,0.0,12.0,10.0,
1423299446267,88.7,1.0,1.0,46.0,10.0,
1423299451269,88.7,1.0,0.0,39.0,11.0,
1423299456274,88.7,1.0,0.0,39.0,11.0,
1423299461269,88.7,1.0,0.0,14.0,10.0,
1423299466271,88.7,1.0,0.0,74.0,11.0,
1423299471277,88.7,1.0,0.0,14.0,10.0,
1423299476283,88.7,1.0,1.0,64.0,11.0,
1423299481288,88.7,1.0,0.0,66.0,10.0,
1423299486290,88.7,1.0,0.0,23.0,10.0,
1423299491293,88.7,1.0,1.0,16.0,10.0,
1423299496295,88.7,1.0,0.0,66.0,10.0,
1423299501303,88.7,1.0,0.0,66.0,10.0,
1423299501773,88.7,1.0,0.0,66.0,10.0,
1423299506766,88.7,1.0,0.0,66.0,10.0,
1423299511798,87.8,1.0,1.0,33.0,10.0,EventProcessingUnit,ScaleIn,
1423299516777,87.8,1.0,1.0,76.0,13.0,EventProcessingUnit,ScaleIn,
1423299521784,87.8,1.0,0.0,58.0,11.0,EventProcessingUnit,ScaleIn,
1423299526787,87.8,1.0,-1.0,-1.0,-1.0,EventProcessingUnit,ScaleIn,
1423300829037,11.2,1.0,
1423300834037,11.2,1.0,
1423300839038,1.0,
1423300844038,55.2,1.0,42.0,31.0,4641.0,
1423300849038,16.7,1.0,14.0,70.0,53.0,
1423300854039,16.7,1.0,14.0,70.0,53.0,
1423300859039,16.7,1.0,0.0,44.0,11.0,
1423300864037,16.7,1.0,7.0,59.0,21.0,
1423300869039,16.7,1.0,7.0,59.0,21.0,
1423300874038,63.6,1.0,0.0,74.0,37.0,
1423300879038,63.6,1.0,1.0,57.0,14.0,
1423300884038,63.6,1.0,1.0,48.0,10.0,
1423300889052,63.6,1.0,1.0,59.0,10.0,
1423300894040,63.6,1.0,0.0,60.0,10.0,
1423300899039,63.6,1.0,0.0,60.0,10.0,
1423300904041,63.6,1.0,1.0,60.0,10.0,
1423300909040,63.6,1.0,1.0,60.0,10.0,
1423300914041,63.6,1.0,1.0,53.0,10.0,
1423300919040,63.6,1.0,1.0,53.0,10.0,
1423300924055,63.6,1.0,1.0,67.0,20.0,
1423300929045,63.6,1.0,1.0,60.0,11.0,
1423300934052,63.6,1.0,0.0,57.0,10.0,
1423300939062,63.6,1.0,1.0,66.0,16.0,
1423300944052,63.6,1.0,0.0,60.0,10.0,
1423300949055,63.6,1.0,0.0,58.0,10.0,
1423300954085,63.6,1.0,2.0,68.0,22.0,
1423300959067,63.6,1.0,0.0,67.0,21.0,
1423300964065,63.6,1.0,0.0,53.0,10.0,
1423300969068,63.6,1.0,3.0,58.0,11.0,
1423300971238,63.6,1.0,3.0,58.0,11.0,
1423300976223,63.6,1.0,3.0,58.0,11.0,
1423300981223,63.6,1.0,3.0,58.0,11.0,
1423300986230,63.6,1.0,3.0,58.0,11.0,
1423300991233,63.6,1.0,0.0,56.0,10.0,
1423300996233,63.6,1.0,0.0,70.0,23.0,
1423301001233,63.6,1.0,0.0,70.0,23.0,
1423301006238,63.6,1.0,0.0,70.0,23.0,
1423301011240,63.6,1.0,0.0,70.0,23.0,
1423301016262,1.0,
1423301021257,63.6,1.0,1.0,36.0,10.0,
1423301026264,63.6,1.0,0.0,0.0,0.0,
1423301031266,63.6,1.0,0.0,0.0,0.0,
1423301036271,63.6,1.0,0.0,0.0,0.0,
1423301041274,63.6,1.0,0.0,0.0,0.0,
1423301046279,63.6,1.0,0.0,0.0,0.0,
1423301051281,1.0,
1423301056286,97.3,1.0,0.0,3.0,10.0,
1423301061286,97.3,1.0,1.0,23.0,10.0,
1423301066286,97.3,1.0,0.0,15.0,10.0,
1423301071291,92.2,1.0,1.0,13.0,10.0,
1423301076293,92.2,1.0,0.0,24.0,10.0,
1423301081303,92.2,1.0,0.0,3.0,10.0,
1423301086310,92.2,1.0,1.0,29.0,10.0,
1423301091315,94.1,1.0,0.0,8.0,10.0,
1423301096320,94.1,1.0,0.0,19.0,10.0,
1423301101325,94.1,1.0,0.0,19.0,10.0,
1423301106327,94.1,1.0,0.0,8.0,10.0,
1423301111332,94.1,1.0,0.0,30.0,10.0,
1423301116337,94.1,1.0,0.0,3.0,10.0,
1423301121342,94.1,1.0,0.0,25.0,10.0,
1423301126345,94.1,1.0,0.0,13.0,10.0,
1423301131342,94.1,1.0,1.0,13.0,10.0,
1423301136342,94.1,1.0,0.0,24.0,10.0,
1423301141342,94.1,1.0,0.0,2.0,11.0,
1423301146347,94.1,1.0,1.0,29.0,10.0,
1423301151350,90.0,1.0,0.0,8.0,10.0,
1423301156352,90.0,1.0,0.0,17.0,10.0,
1423301161359,90.0,1.0,0.0,21.0,10.0,EventProcessingUnit,ScaleIn,
1423301166362,90.0,1.0,1.0,5.0,13.0,EventProcessingUnit,ScaleIn,
1423301171369,93.6,1.0,0.0,32.0,10.0,EventProcessingUnit,ScaleIn,
1423301176377,93.6,1.0,0.0,5.0,10.0,EventProcessingUnit,ScaleIn,
1423301181380,93.6,1.0,0.0,21.0,10.0,
1423301186380,93.6,1.0,0.0,17.0,10.0,
1423301191382,93.6,1.0,0.0,10.0,10.0,
1423301196382,93.6,1.0,0.0,29.0,10.0,
1423301201382,93.6,1.0,0.0,2.0,10.0,
1423301206383,93.6,1.0,0.0,22.0,10.0,
1423301211389,93.6,1.0,0.0,17.0,10.0,
1423301216382,93.6,1.0,1.0,8.0,10.0,
1423301221383,93.6,1.0,0.0,32.0,10.0,
1423301226384,93.6,1.0,0.0,4.0,10.0,
1423301231385,92.6,1.0,1.0,20.0,10.0,
1423301236384,92.6,1.0,0.0,18.0,10.0,
1423301241385,92.6,1.0,0.0,8.0,10.0,
1423301246383,92.6,1.0,0.0,31.0,10.0,
1423301251386,93.8,1.0,0.0,4.0,10.0,
1423301256385,93.8,1.0,0.0,22.0,10.0,
1423301261385,93.8,1.0,0.0,17.0,10.0,
1423301266386,93.8,1.0,0.0,9.0,10.0,
1423301271386,93.8,1.0,0.0,30.0,10.0,
1423301276387,93.8,1.0,0.0,4.0,10.0,
1423301281387,93.8,1.0,1.0,21.0,10.0,
1423301286387,93.8,1.0,0.0,17.0,10.0,
1423301291387,91.1,1.0,1.0,8.0,11.0,
1423301296394,91.1,1.0,0.0,31.0,10.0,
1423301301399,91.1,1.0,0.0,3.0,10.0,
1423301306399,91.1,1.0,1.0,21.0,10.0,
1423301311432,94.2,1.0,0.0,17.0,10.0,
1423301316404,94.2,1.0,1.0,8.0,12.0,
1423301321404,94.2,1.0,0.0,30.0,10.0,
1423301326404,94.2,1.0,0.0,4.0,10.0,
1423301331412,94.2,1.0,1.0,20.0,10.0,
1423301336414,94.2,1.0,0.0,18.0,10.0,
1423301341414,94.2,1.0,0.0,8.0,10.0,
1423301346419,94.2,1.0,1.0,31.0,10.0,
1423301351425,94.2,1.0,1.0,31.0,10.0,
1423301356425,94.2,1.0,1.0,31.0,10.0,
1423301361430,94.2,1.0,1.0,31.0,10.0,EventProcessingUnit,ScaleIn,
1423301366432,94.2,1.0,1.0,31.0,10.0,EventProcessingUnit,ScaleIn,
1423301371435,92.6,1.0,0.0,31.0,10.0,EventProcessingUnit,ScaleIn,
1423301376435,92.6,1.0,0.0,7.0,10.0,EventProcessingUnit,ScaleIn,
1423301381438,92.6,1.0,1.0,30.0,10.0,
1423301386438,92.6,1.0,1.0,30.0,10.0,
1423301391438,92.6,1.0,1.0,30.0,10.0,
1423301396438,92.6,1.0,1.0,30.0,10.0,
1423301401438,92.6,1.0,1.0,30.0,10.0,
1423301406439,92.6,1.0,1.0,30.0,10.0,
1423301411439,92.6,1.0,1.0,30.0,10.0,
1423301416440,92.6,1.0,1.0,30.0,10.0,
1423301421445,92.6,1.0,1.0,30.0,10.0,
1423301426440,92.6,1.0,1.0,30.0,10.0,
1423301431441,92.6,1.0,1.0,30.0,10.0,
1423301436441,92.6,1.0,1.0,30.0,10.0,
1423301441441,92.6,1.0,1.0,30.0,10.0,
1423301446440,92.6,1.0,1.0,30.0,10.0,
1423301451449,92.6,1.0,1.0,30.0,10.0,
1423301456448,92.6,1.0,1.0,30.0,10.0,
1423301461448,92.6,1.0,1.0,30.0,10.0,
1423301466474,92.6,1.0,1.0,30.0,10.0,
1423301471453,92.6,1.0,1.0,30.0,10.0,
1423301476453,92.6,1.0,1.0,30.0,10.0,
1423301481453,92.6,1.0,1.0,30.0,10.0,
1423301486454,92.6,1.0,1.0,30.0,10.0,
1423301491453,92.6,1.0,1.0,30.0,10.0,
1423301496454,92.6,1.0,1.0,30.0,10.0,
1423301501455,92.6,1.0,1.0,30.0,10.0,
1423301506455,92.6,1.0,1.0,30.0,10.0,
1423301511453,92.6,1.0,1.0,30.0,10.0,
1423301516455,92.6,1.0,1.0,30.0,10.0,
1423301521463,92.6,1.0,1.0,30.0,10.0,
1423301526463,92.6,1.0,1.0,30.0,10.0,
1423301531470,92.6,1.0,1.0,30.0,10.0,
1423301536470,92.6,1.0,1.0,30.0,10.0,
1423301541470,92.6,1.0,1.0,30.0,10.0,
1423301546475,92.6,1.0,1.0,30.0,10.0,
1423301551482,92.6,1.0,1.0,30.0,10.0,
1423301556484,92.6,1.0,1.0,30.0,10.0,
1423301561484,92.6,1.0,1.0,30.0,10.0,
1423301566486,92.6,1.0,1.0,30.0,10.0,
1423301571494,92.6,1.0,1.0,30.0,10.0,
1423301576494,92.6,1.0,1.0,30.0,10.0,
1423301581499,92.6,1.0,1.0,30.0,10.0,
1423301586504,92.6,1.0,1.0,30.0,10.0,
1423301591509,92.6,1.0,1.0,30.0,10.0,
1423416026462,1.0,
1423416031466,86.6,1.0,1.0,21.0,10.0,
1423416036459,86.6,1.0,1.0,47.0,10.0,
1423416041496,86.6,1.0,0.0,36.0,10.0,
1423416046471,86.6,1.0,0.0,28.0,10.0,
1423416051473,87.2,1.0,1.0,52.0,10.0,
1423416056474,87.2,1.0,0.0,14.0,10.0,
1423416061481,87.2,1.0,0.0,64.0,10.0,
1423416066491,87.2,1.0,0.0,12.0,10.0,
1423416071519,90.2,1.0,1.0,49.0,10.0,
1423416076492,90.2,1.0,0.0,22.0,10.0,
1423416081492,90.2,1.0,1.0,21.0,10.0,
1423416086486,90.2,1.0,0.0,39.0,10.0,
1423416091491,91.2,1.0,0.0,1.0,10.0,
1423416096491,91.2,1.0,1.0,42.0,10.0,
1423416101709,91.2,1.0,0.0,14.0,10.0,
1423416106713,91.2,1.0,0.0,24.0,10.0,
1423416111862,92.0,1.0,0.0,33.0,10.0,
1423416116661,92.0,1.0,1.0,7.0,10.0,
1423416121960,92.0,1.0,1.0,47.0,10.0,
1423416126728,92.0,1.0,0.0,10.0,10.0,
1423416131986,89.1,1.0,0.0,30.0,10.0,
1423416136864,89.1,1.0,0.0,27.0,10.0,
1423416141970,89.1,1.0,1.0,13.0,10.0,
1423416146932,89.1,1.0,0.0,44.0,10.0,
1423416152101,91.7,1.0,0.0,4.0,10.0,
1423416157035,91.7,1.0,1.0,36.0,10.0,
1423416162054,91.7,1.0,0.0,21.0,10.0,
1423416167016,91.7,1.0,0.0,43.0,10.0,
1423416172019,91.7,1.0,0.0,4.0,10.0,
1423416177152,91.7,1.0,0.0,4.0,10.0,
1423416182214,91.7,1.0,0.0,36.0,10.0,
1423416187210,91.7,1.0,0.0,21.0,10.0,
1423416192305,90.0,1.0,0.0,39.0,10.0,
1423416197351,90.0,1.0,1.0,1.0,16.0,
1423416202267,90.0,1.0,1.0,41.0,10.0,
1423416207282,90.0,1.0,1.0,41.0,10.0,
1423416212320,92.8,1.0,1.0,24.0,10.0,
1423416217285,92.8,1.0,0.0,32.0,10.0,
1423416222342,92.8,1.0,1.0,7.0,11.0,
1423416227396,92.8,1.0,0.0,48.0,10.0,
1423416232522,92.8,1.0,0.0,9.0,10.0,
1423416237341,92.8,1.0,1.0,30.0,10.0,
1423416242360,92.8,1.0,0.0,27.0,10.0,
1423416247363,92.8,1.0,0.0,13.0,10.0,
1423416252365,92.8,1.0,0.0,44.0,10.0,
1423416257380,92.8,1.0,0.0,4.0,10.0,
1423416262399,92.8,1.0,1.0,36.0,10.0,
1423416267400,85.5,1.0,0.0,20.0,10.0,
1423416272404,85.5,1.0,0.0,21.0,10.0,
1423416277444,85.5,1.0,0.0,36.0,10.0,
1423416282470,85.5,1.0,1.0,3.0,12.0,
1423416287498,91.8,1.0,0.0,43.0,10.0,
1423416292471,91.8,1.0,0.0,14.0,10.0,
1423416297514,91.8,1.0,0.0,25.0,10.0,
1423416302547,91.8,1.0,0.0,32.0,10.0,
1423416307577,93.2,1.0,1.0,6.0,11.0,
1423416312607,93.2,1.0,1.0,46.0,10.0,
1423416317574,93.2,1.0,0.0,10.0,10.0,
1423416322584,93.2,1.0,0.0,31.0,10.0,
1423416327590,93.2,1.0,0.0,25.0,10.0,
1423416332622,93.2,1.0,0.0,15.0,10.0,
1423416337641,93.2,1.0,0.0,42.0,10.0,
1423416342697,93.2,1.0,0.0,3.0,10.0,
1423416347739,93.2,1.0,1.0,36.0,10.0,
1423416352763,93.2,1.0,0.0,20.0,10.0,
1423416357723,93.2,1.0,1.0,19.0,10.0,
1423416362732,93.2,1.0,0.0,38.0,10.0,
1423416367777,93.2,1.0,0.0,1.0,10.0,
1423416372793,93.2,1.0,1.0,40.0,10.0,
1423416377908,93.2,1.0,0.0,17.0,10.0,
1423416382917,93.2,1.0,1.0,23.0,10.0,
1423416387951,93.2,1.0,0.0,33.0,10.0,
1423416392965,93.2,1.0,0.0,7.0,10.0,
1423416397950,92.9,1.0,0.0,47.0,10.0,
1423416402973,92.9,1.0,0.0,11.0,10.0,
1423416408016,92.9,1.0,1.0,27.0,10.0,
1423416413043,92.9,1.0,0.0,29.0,10.0,
1423416418043,92.9,1.0,0.0,10.0,10.0,
1423416423027,92.9,1.0,0.0,47.0,10.0,
1423416428174,92.9,1.0,0.0,7.0,10.0,
1423416433064,92.9,1.0,0.0,34.0,10.0,
1423416438061,92.9,1.0,0.0,23.0,10.0,
1423416443080,92.9,1.0,0.0,12.0,10.0,
1423416448079,92.9,1.0,0.0,44.0,10.0,
1423416453137,92.9,1.0,0.0,4.0,10.0,
1423416458214,92.9,1.0,0.0,36.0,10.0,
1423416463190,92.9,1.0,0.0,21.0,10.0,
1423416468353,92.9,1.0,0.0,19.0,10.0,
1423416473390,92.9,1.0,0.0,38.0,10.0,
1423416478443,92.9,1.0,1.0,1.0,17.0,
1423416483437,92.9,1.0,0.0,42.0,10.0,
1423416488743,92.6,1.0,0.0,15.0,10.0,
1423416493484,92.6,1.0,1.0,25.0,10.0,
1423416498409,92.6,1.0,0.0,32.0,10.0,
1423416530739,1.0,
1423416535700,92.6,1.0,0.0,37.0,10.0,
1423416540696,92.6,1.0,0.0,3.0,10.0,
1423416545708,92.6,1.0,1.0,43.0,10.0,
1423416550766,92.6,1.0,0.0,14.0,10.0,
1423416555701,92.6,1.0,0.0,26.0,10.0,
1423416560710,92.6,1.0,0.0,32.0,10.0,
1423416565722,92.6,1.0,0.0,10.0,10.0,
1423416570722,92.6,1.0,0.0,46.0,10.0,
1423416575765,92.6,1.0,0.0,5.0,10.0,
1423416580750,92.9,1.0,1.0,35.0,10.0,
1423416585783,92.9,1.0,0.0,22.0,10.0,
1423416590843,92.9,1.0,1.0,18.0,10.0,
1423416595784,92.9,1.0,0.0,40.0,10.0,
1423416600805,92.9,1.0,1.0,0.0,0.0,
1423416605816,92.9,1.0,1.0,39.0,10.0,
1423416610960,92.9,1.0,0.0,18.0,10.0,
1423416615934,92.9,1.0,0.0,23.0,10.0,
1423416620932,92.9,1.0,0.0,35.0,10.0,
1423416625932,92.9,1.0,1.0,5.0,11.0,
1423416630976,92.9,1.0,0.0,46.0,10.0,
1423416635950,92.9,1.0,0.0,11.0,10.0,
1423416640950,92.9,1.0,1.0,29.0,10.0,
1423416645952,92.9,1.0,0.0,27.0,10.0,
1423416650953,92.9,1.0,0.0,13.0,10.0,
1423416656003,92.9,1.0,0.0,45.0,10.0,
1423416660950,92.9,1.0,0.0,4.0,10.0,
1423416665951,92.9,1.0,0.0,36.0,10.0,
1423416670954,93.1,1.0,0.0,21.0,10.0,
1423416675954,93.1,1.0,0.0,19.0,10.0,
1423416680951,93.1,1.0,0.0,39.0,10.0,
1423416685952,93.1,1.0,0.0,2.0,10.0,
1423416690955,93.1,1.0,1.0,41.0,10.0,
1423416695956,93.1,1.0,0.0,16.0,10.0,
1423416700958,93.1,1.0,0.0,24.0,10.0,
1423416705966,93.1,1.0,0.0,33.0,10.0,
1423416710965,91.8,1.0,1.0,7.0,11.0,
1423416715958,91.8,1.0,0.0,47.0,10.0,
1423416720961,91.8,1.0,0.0,16.0,10.0,
1423416725022,91.8,1.0,1.0,24.0,10.0,
1423416730020,91.8,1.0,0.0,32.0,10.0,
1423416735024,91.8,1.0,0.0,8.0,10.0,
1423416740034,91.8,1.0,0.0,46.0,10.0,
1423416745029,91.8,1.0,0.0,11.0,10.0,
1423416750034,91.8,1.0,0.0,18.0,10.0,
1423416755024,91.8,1.0,0.0,28.0,10.0,
1423416760027,91.8,1.0,1.0,13.0,10.0,
1423416765027,91.8,1.0,0.0,43.0,10.0,
1423416770027,91.8,1.0,0.0,1.0,10.0,
1423416775027,91.8,1.0,1.0,39.0,10.0,
1423416780027,91.8,1.0,1.0,22.0,10.0,
1423416785024,91.8,1.0,0.0,45.0,10.0,
1423416790027,91.0,1.0,0.0,36.0,10.0,
1423416795027,91.0,1.0,1.0,30.0,10.0,
1423416800027,91.0,1.0,0.0,49.0,10.0,
1423416805027,91.0,1.0,1.0,30.0,10.0,
1423416810029,91.0,1.0,1.0,36.0,10.0,
1423416815029,91.0,1.0,1.0,42.0,10.0,
1423416820030,91.0,1.0,1.0,25.0,10.0,
1423416825034,91.0,1.0,0.0,53.0,10.0,
1423416830029,91.0,1.0,0.0,17.0,10.0,
1423416835029,91.0,1.0,1.0,45.0,10.0,
1423416840029,91.0,1.0,0.0,39.0,10.0,
1423416845034,91.0,1.0,1.0,23.0,10.0,
1423416850037,91.0,1.0,0.0,60.0,10.0,
1423416855037,91.0,1.0,1.0,5.0,11.0,
1423416860035,91.0,1.0,1.0,67.0,10.0,
1423416865035,91.0,1.0,0.0,16.0,10.0,
1423416870037,89.8,1.0,1.0,47.0,10.0,
1423416875037,89.8,1.0,0.0,35.0,10.0,
1423416880035,89.8,1.0,1.0,27.0,10.0,
1423416885035,89.8,1.0,0.0,56.0,10.0,
1423416890035,89.8,1.0,0.0,12.0,10.0,
1423416895038,89.8,1.0,1.0,54.0,10.0,
1423416900038,89.8,1.0,1.0,24.0,10.0,
1423416905038,89.8,1.0,1.0,42.0,10.0,
1423416910035,89.8,1.0,1.0,36.0,10.0,
1423416915038,89.8,1.0,1.0,29.0,10.0,
1423416920038,89.8,1.0,1.0,49.0,10.0,
1423416925038,89.8,1.0,0.0,30.0,10.0,
1423416930036,89.8,1.0,0.0,38.0,10.0,
1423416935038,89.8,1.0,0.0,42.0,10.0,
1423416940050,89.8,1.0,1.0,24.0,10.0,
1423416945038,89.8,1.0,1.0,54.0,10.0,
1423416950041,89.8,1.0,0.0,19.0,10.0,
1423416955045,89.8,1.0,1.0,43.0,10.0,
1423416960045,91.0,1.0,0.0,40.0,10.0,
1423416965048,91.0,1.0,1.0,23.0,10.0,
1423416970052,91.0,1.0,0.0,60.0,10.0,
1423416975047,91.0,1.0,1.0,6.0,11.0,
1423416980047,91.0,1.0,1.0,66.0,10.0,
1423416985050,91.0,1.0,0.0,17.0,10.0,
1423416990048,91.0,1.0,1.0,46.0,10.0,
1423416995050,91.0,1.0,0.0,43.0,10.0,
1423417000050,91.0,1.0,2.0,19.0,10.0,
1423417005053,91.0,1.0,1.0,12.0,10.0,
1423417010050,91.0,1.0,0.0,56.0,10.0,
1423417015053,91.0,1.0,1.0,23.0,10.0,
1423417020051,91.0,1.0,0.0,44.0,10.0,
1423417025056,91.0,1.0,0.0,35.0,10.0,
1423417030055,91.0,1.0,0.0,32.0,10.0,
1423417035059,91.0,1.0,1.0,47.0,10.0,
1423417040057,91.0,1.0,0.0,31.0,10.0,
1423417045059,91.0,1.0,0.0,38.0,10.0,
1423417050060,90.6,1.0,0.0,42.0,10.0,
1423417055057,90.6,1.0,0.0,26.0,10.0,
1423417060057,90.6,1.0,0.0,53.0,10.0,
1423417065057,90.6,1.0,0.0,15.0,10.0,
1423417070057,90.6,1.0,0.0,50.0,10.0,
1423417075060,90.6,1.0,0.0,35.0,10.0,
1423417080060,90.6,1.0,0.0,28.0,10.0,
1423417085060,90.6,1.0,0.0,55.0,10.0,
1423417090058,90.6,1.0,1.0,7.0,12.0,
1423417095059,90.6,1.0,1.0,70.0,10.0,
1423417100062,90.6,1.0,0.0,12.0,10.0,
1423417105062,90.6,1.0,1.0,51.0,10.0,
1423417110062,90.6,1.0,0.0,32.0,10.0,
1423417115069,90.6,1.0,1.0,31.0,10.0,
1423417120062,90.6,1.0,0.0,53.0,10.0,
1423417125062,90.6,1.0,1.0,11.0,11.0,
1423417130062,90.6,1.0,0.0,57.0,10.0,
1423417135061,90.6,1.0,0.0,22.0,10.0,
1423417140066,91.4,1.0,1.0,46.0,10.0,
1423417145066,91.4,1.0,0.0,33.0,10.0,
1423417150065,91.4,1.0,1.0,33.0,10.0,
1423417155067,91.4,1.0,0.0,48.0,10.0,
1423417160067,91.4,1.0,1.0,28.0,10.0,
1423417165067,91.4,1.0,1.0,38.0,10.0,
1423417170067,91.4,1.0,0.0,41.0,10.0,
1423417175067,91.4,1.0,0.0,26.0,10.0,
1423417180067,91.4,1.0,0.0,53.0,10.0,
1423417185070,91.4,1.0,0.0,18.0,10.0,
1423417190067,91.4,1.0,1.0,46.0,10.0,
1423417195070,91.4,1.0,0.0,36.0,10.0,
1423417200067,91.4,1.0,0.0,28.0,10.0,
1423417205067,91.4,1.0,0.0,55.0,10.0,
1423417210068,91.4,1.0,0.0,11.0,10.0,
1423417215068,91.4,1.0,1.0,67.0,10.0,
1423417220068,91.4,1.0,0.0,11.0,10.0,
1423417225068,91.4,1.0,1.0,52.0,10.0,
1423417230068,90.7,1.0,0.0,32.0,10.0,
1423417235070,90.7,1.0,1.0,31.0,10.0,
1423417240068,90.7,1.0,0.0,52.0,10.0,
1423417245068,90.7,1.0,0.0,12.0,10.0,
1423417250083,90.7,1.0,0.0,60.0,10.0,
1423417255066,90.7,1.0,1.0,18.0,10.0,
1423417260071,90.7,1.0,1.0,48.0,10.0,
1423417265068,90.7,1.0,0.0,30.0,10.0,
1423417270071,90.7,1.0,1.0,25.0,10.0,
1423417275071,90.7,1.0,1.0,45.0,10.0,
1423417280071,90.7,1.0,0.0,33.0,10.0,
1423417285071,90.7,1.0,0.0,34.0,10.0,
1423417290071,90.7,1.0,0.0,46.0,10.0,
1423417295078,90.7,1.0,0.0,21.0,10.0,
1423417300071,90.7,1.0,1.0,56.0,10.0,
1423417305071,90.7,1.0,0.0,24.0,10.0,
1423417310071,90.7,1.0,1.0,39.0,10.0,
1423417315074,90.7,1.0,0.0,45.0,10.0,
1423417320071,90.7,1.0,1.0,18.0,10.0,
1423417325071,90.7,1.0,0.0,64.0,10.0,
1423417330071,90.7,1.0,1.0,2.0,11.0,
1423417335071,90.7,1.0,1.0,60.0,10.0,
1423417340074,90.7,1.0,0.0,23.0,10.0,
1423417345074,90.7,1.0,1.0,41.0,10.0,
1423417350072,90.7,1.0,0.0,42.0,10.0,
1423417355072,90.7,1.0,0.0,21.0,10.0,
1423417360072,90.7,1.0,0.0,62.0,10.0,
1423417365074,90.7,1.0,0.0,16.0,10.0,
1423417370072,90.7,1.0,1.0,51.0,10.0,
1423417375070,90.7,1.0,0.0,28.0,10.0,
1423417380072,90.7,1.0,1.0,39.0,10.0,
1423417385072,90.7,1.0,0.0,41.0,10.0,
1423417390070,90.7,1.0,0.0,23.0,10.0,
1423417395085,90.7,1.0,1.0,45.0,10.0,
1423417400085,90.7,1.0,0.0,34.0,10.0,
1423417405089,90.7,1.0,0.0,32.0,10.0,
1423417410089,90.1,1.0,1.0,46.0,10.0,
1423417415086,90.1,1.0,1.0,21.0,10.0,
1423417420088,90.1,1.0,0.0,55.0,10.0,
1423417425091,90.1,1.0,0.0,28.0,10.0,
1423417430093,90.1,1.0,1.0,35.0,10.0,
1423417435095,90.1,1.0,0.0,48.0,10.0,
1423417440098,90.1,1.0,1.0,16.0,10.0,
1423417445095,90.1,1.0,1.0,62.0,10.0,
1423417450095,90.1,1.0,1.0,5.0,11.0,
1423417455097,90.1,1.0,1.0,60.0,10.0,
1423417460099,90.1,1.0,0.0,23.0,10.0,
1423417465101,90.1,1.0,1.0,41.0,10.0,
1423417470103,90.1,1.0,0.0,42.0,10.0,
1423417475101,90.1,1.0,1.0,20.0,10.0,
1423417480101,90.1,1.0,0.0,62.0,10.0,
1423417485103,90.1,1.0,0.0,12.0,10.0,
1423417490104,90.1,1.0,1.0,56.0,10.0,
1423417495104,90.1,1.0,0.0,23.0,10.0,
1423417500107,90.4,1.0,1.0,44.0,10.0,
1423417505104,90.4,1.0,0.0,39.0,10.0,
1423417510104,90.4,1.0,0.0,25.0,10.0,
1423417515108,90.4,1.0,0.0,50.0,10.0,
1423417520108,90.4,1.0,0.0,30.0,10.0,
1423417525109,90.4,1.0,1.0,37.0,10.0,
1423417530107,90.4,1.0,1.0,42.0,10.0,
1423417535107,90.4,1.0,0.0,25.0,10.0,
1423417540107,90.4,1.0,1.0,53.0,10.0,
1423417545112,90.4,1.0,0.0,29.0,10.0,
1423417550113,90.4,1.0,1.0,32.0,10.0,
1423417555113,90.4,1.0,0.0,50.0,10.0,
1423417560111,90.4,1.0,0.0,13.0,10.0,
1423417565114,90.4,1.0,0.0,68.0,10.0,
1423417570114,90.4,1.0,0.0,8.0,10.0,
1423417575138,90.4,1.0,1.0,54.0,10.0,
1423417580133,90.4,1.0,0.0,29.0,10.0,
1423417585135,90.4,1.0,1.0,34.0,10.0,
1423417590136,91.4,1.0,0.0,49.0,10.0,
1423417595136,91.4,1.0,0.0,14.0,10.0,
1423417600137,91.4,1.0,0.0,59.0,10.0,
1423417605142,91.4,1.0,0.0,20.0,10.0,
1423417610147,89.2,1.0,1.0,47.0,10.0,
1423417615166,89.2,1.0,1.0,31.0,10.0,
1423417620162,89.2,1.0,0.0,37.0,10.0,
1423417625168,89.2,1.0,0.0,44.0,10.0,
1423417630191,92.1,1.0,0.0,23.0,10.0,
1423417635190,92.1,1.0,0.0,44.0,10.0,
1423417640190,92.1,1.0,0.0,35.0,10.0,
1423417645193,92.1,1.0,0.0,32.0,10.0,
1423417650192,92.1,1.0,0.0,47.0,10.0,
1423417655197,92.1,1.0,0.0,20.0,10.0,
1423417660194,92.1,1.0,1.0,53.0,10.0,
1423417665196,92.1,1.0,0.0,30.0,10.0,
1423417670207,92.1,1.0,0.0,34.0,10.0,
1423417675207,92.1,1.0,0.0,49.0,10.0,
1423417680205,92.1,1.0,1.0,14.0,10.0,
1423417685207,92.1,1.0,0.0,66.0,10.0,
1423417690212,92.1,1.0,0.0,6.0,10.0,
1423417695207,92.1,1.0,2.0,56.0,10.0,
1423417700208,92.1,1.0,0.0,26.0,10.0,
1423417705211,92.1,1.0,1.0,37.0,10.0,
1423417710210,92.1,1.0,0.0,46.0,10.0,
1423417715213,92.1,1.0,2.0,16.0,11.0,
1423417720212,91.4,1.0,0.0,63.0,10.0,
1423417725216,91.4,1.0,0.0,15.0,10.0,
1423417730214,91.4,1.0,1.0,50.0,10.0,
1423417735215,91.4,1.0,0.0,30.0,10.0,
1423417740219,91.4,1.0,1.0,35.0,10.0,
1423417745222,91.4,1.0,0.0,47.0,10.0,
1423417750222,91.4,1.0,1.0,25.0,10.0,
1423417755222,91.4,1.0,1.0,42.0,10.0,
1423417760225,91.4,1.0,0.0,36.0,10.0,
1423417765232,91.4,1.0,1.0,31.0,10.0,
1423417770225,91.4,1.0,0.0,49.0,10.0,
1423417775228,91.4,1.0,0.0,19.0,10.0,
1423417780225,91.4,1.0,1.0,51.0,10.0,
1423417785225,91.4,1.0,0.0,33.0,10.0,
1423417790225,91.4,1.0,1.0,30.0,10.0,
1423417795225,91.4,1.0,0.0,54.0,10.0,
1423417800225,91.4,1.0,1.0,11.0,10.0,
1423417805230,91.4,1.0,1.0,68.0,10.0,
1423417810228,91.7,1.0,0.0,12.0,10.0,
1423417815233,91.7,1.0,1.0,51.0,10.0,
1423417820228,91.7,1.0,0.0,32.0,10.0,
1423417825238,91.7,1.0,1.0,21.0,10.0,
1423417830230,91.7,1.0,0.0,61.0,10.0,
1423417835228,91.7,1.0,0.0,18.0,10.0,
1423417840233,91.7,1.0,1.0,50.0,10.0,
1423417845238,91.7,1.0,0.0,30.0,10.0,
1423417850233,91.7,1.0,1.0,38.0,10.0,
1423417855231,91.7,1.0,0.0,40.0,10.0,
1423417860233,91.7,1.0,1.0,27.0,10.0,
1423417865236,91.7,1.0,1.0,43.0,10.0,
1423417870236,91.7,1.0,1.0,35.0,10.0,
1423417875239,91.7,1.0,0.0,31.0,10.0,
1423417880236,91.7,1.0,0.0,48.0,10.0,
1423417885236,91.7,1.0,0.0,19.0,10.0,
1423417890236,91.7,1.0,1.0,57.0,10.0,
1423417895246,91.7,1.0,0.0,25.0,10.0,
1423417900234,90.9,1.0,1.0,38.0,10.0,
1423417905237,90.9,1.0,0.0,45.0,10.0,
1423417910234,90.9,1.0,1.0,17.0,11.0,
1423417915237,90.9,1.0,0.0,66.0,10.0,
1423417920237,90.9,1.0,0.0,3.0,10.0,
1423417925247,90.9,1.0,1.0,59.0,10.0,
1423417930237,90.9,1.0,0.0,24.0,10.0,
1423417935239,90.9,1.0,0.0,40.0,10.0,
1423417940240,90.9,1.0,0.0,43.0,10.0,
1423417945240,90.9,1.0,1.0,19.0,10.0,
1423417950240,90.9,1.0,1.0,59.0,10.0,
1423417955247,90.9,1.0,1.0,20.0,10.0,
1423417960237,90.9,1.0,1.0,47.0,10.0,
1423417965270,90.9,1.0,1.0,31.0,10.0,
1423417970248,90.9,1.0,0.0,35.0,10.0,
1423417975248,90.9,1.0,0.0,43.0,10.0,
1423417980252,90.9,1.0,0.0,26.0,10.0,
1423417985252,90.9,1.0,1.0,41.0,10.0,
1423417990253,91.2,1.0,0.0,38.0,10.0,
1423417995251,91.2,1.0,1.0,28.0,10.0,
1423418000253,91.2,1.0,1.0,50.0,10.0,
1423418005251,91.2,1.0,0.0,18.0,10.0,
1423418010254,91.2,1.0,1.0,58.0,10.0,
1423418015256,91.2,1.0,0.0,24.0,10.0,
1423418020256,91.2,1.0,1.0,40.0,10.0,
1423418025264,91.2,1.0,0.0,43.0,10.0,
1423418030259,91.2,1.0,0.0,21.0,10.0,
1423418035264,91.2,1.0,0.0,62.0,10.0,
1423418040259,91.2,1.0,1.0,1.0,14.0,
1423418045264,91.2,1.0,0.0,64.0,10.0,
1423418050262,91.2,1.0,0.0,19.0,10.0,
1423418055267,91.2,1.0,1.0,43.0,10.0,
1423418060259,91.2,1.0,0.0,39.0,10.0,
1423418065262,91.2,1.0,1.0,24.0,10.0,
1423418070262,91.2,1.0,0.0,59.0,10.0,
1423418075265,91.2,1.0,0.0,17.0,10.0,
1423418080262,91.2,1.0,0.0,51.0,10.0,
1423418085262,91.2,1.0,0.0,28.0,10.0,
1423418090260,91.2,1.0,1.0,38.0,10.0,
1423418095265,91.2,1.0,1.0,40.0,10.0,
1423418100263,91.2,1.0,0.0,32.0,10.0,
1423418105267,91.2,1.0,0.0,34.0,10.0,
1423418110265,91.2,1.0,1.0,45.0,10.0,
1423418115265,91.2,1.0,0.0,22.0,10.0,
1423418120262,91.2,1.0,0.0,57.0,10.0,
1423418125262,91.2,1.0,0.0,11.0,10.0,
1423418130265,91.2,1.0,0.0,55.0,10.0,
1423418135265,91.2,1.0,0.0,29.0,10.0,
1423418140263,91.2,1.0,1.0,34.0,10.0,
1423418145265,91.2,1.0,0.0,49.0,10.0,
1423418150270,91.2,1.0,1.0,13.0,11.0,
1423418155278,91.2,1.0,0.0,70.0,10.0,
1423418160285,91.2,1.0,0.0,6.0,10.0,
1423418165290,91.2,1.0,1.0,57.0,10.0,
1423418170293,91.2,1.0,0.0,26.0,10.0,
1423418175297,91.2,1.0,0.0,37.0,10.0,
1423418180302,91.2,1.0,0.0,60.0,70.0,
1423418185307,91.2,1.0,2.0,49.0,11.0,
1423418190312,88.1,1.0,0.0,78.0,47.0,
1423418195317,88.1,1.0,1.0,42.0,10.0,
1423418200322,88.1,1.0,0.0,82.0,31.0,
1423418205322,88.1,1.0,0.0,41.0,13.0,
1423418210325,86.5,1.0,2.0,73.0,13.0,
1423418215325,86.5,1.0,0.0,62.0,11.0,
1423418220337,86.5,1.0,1.0,57.0,10.0,
1423418225330,86.5,1.0,0.0,65.0,11.0,
1423418230337,86.5,1.0,1.0,56.0,10.0,
1423418235340,86.5,1.0,0.0,68.0,12.0,
1423418240349,86.5,1.0,0.0,59.0,10.0,
1423418245357,86.5,1.0,1.0,48.0,10.0,
1423418250364,86.5,1.0,1.0,75.0,11.0,
1423418255364,86.5,1.0,1.0,48.0,10.0,
1423418260372,86.5,1.0,1.0,70.0,15.0,
1423418265374,86.5,1.0,0.0,55.0,10.0,
1423418270381,86.5,1.0,6.0,57.0,21.0,
1423418275384,86.5,1.0,0.0,79.0,35.0,
1423418280391,86.5,1.0,0.0,39.0,10.0,
1423418285396,86.5,1.0,1.0,83.0,31.0,
1423418290396,86.5,1.0,0.0,41.0,10.0,
1423418295396,86.5,1.0,3.0,75.0,25.0,
1423418300403,86.2,1.0,1.0,52.0,24.0,
1423418305408,86.2,1.0,1.0,57.0,10.0,
1423418310410,86.2,1.0,1.0,66.0,22.0,
1423418315415,86.2,1.0,1.0,54.0,10.0,
1423418320415,86.2,1.0,1.0,69.0,17.0,
1423418325417,86.2,1.0,1.0,50.0,10.0,
1423418330422,86.2,1.0,0.0,73.0,10.0,
1423418335430,86.2,1.0,1.0,55.0,11.0,
1423418340432,86.2,1.0,1.0,62.0,10.0,
1423418345437,86.2,1.0,1.0,57.0,10.0,
1423418350441,86.2,1.0,1.0,65.0,10.0,
1423418355449,86.2,1.0,0.0,58.0,10.0,
1423418360451,86.2,1.0,0.0,63.0,10.0,
1423418365456,86.2,1.0,1.0,58.0,10.0,
1423418370459,86.2,1.0,0.0,61.0,10.0,
1423418375456,86.2,1.0,0.0,66.0,17.0,
1423418380456,86.2,1.0,1.0,54.0,10.0,
1423418385456,86.2,1.0,0.0,69.0,10.0,
1423418390458,86.7,1.0,1.0,51.0,10.0,
1423418395461,86.7,1.0,1.0,63.0,10.0,
1423418400464,86.7,1.0,1.0,56.0,10.0,
1423418405471,86.7,1.0,0.0,68.0,10.0,
1423418410480,86.7,1.0,1.0,54.0,11.0,
1423418415480,86.7,1.0,0.0,65.0,10.0,
1423418420485,86.7,1.0,1.0,58.0,11.0,
1423418425485,86.7,1.0,0.0,73.0,10.0,
1423418430493,86.7,1.0,1.0,50.0,10.0,
1423418435493,86.7,1.0,1.0,68.0,12.0,
1423418440493,86.7,1.0,1.0,55.0,10.0,
1423418445495,86.7,1.0,1.0,65.0,23.0,
1423418450493,86.7,1.0,1.0,62.0,13.0,
1423418455498,86.7,1.0,1.0,50.0,10.0,
1423418460503,86.7,1.0,0.0,75.0,17.0,
1423418465508,86.7,1.0,1.0,45.0,10.0,
1423418470512,86.7,1.0,1.0,77.0,16.0,
1423418475517,86.7,1.0,1.0,45.0,10.0,
1423418480517,87.6,1.0,5.0,71.0,17.0,
1423418485517,87.6,1.0,0.0,58.0,16.0,
1423418490519,84.8,1.0,1.0,61.0,10.0,
1423418495527,84.8,1.0,0.0,63.0,14.0,
1423418500532,84.8,1.0,1.0,56.0,10.0,
1423418505539,84.8,1.0,1.0,64.0,10.0,
1423418510541,86.7,1.0,0.0,53.0,10.0,
1423418515549,86.7,1.0,1.0,64.0,10.0,
1423418520554,86.7,1.0,0.0,58.0,12.0,
1423418525556,86.7,1.0,0.0,66.0,10.0,
1423418530559,86.7,1.0,1.0,53.0,10.0,
1423418535559,86.7,1.0,1.0,68.0,10.0,
1423418540561,86.7,1.0,0.0,55.0,10.0,
1423418545573,86.7,1.0,0.0,67.0,10.0,
1423418550565,86.7,1.0,0.0,51.0,10.0,
1423418555570,86.7,1.0,0.0,69.0,11.0,
1423418560578,86.7,1.0,1.0,53.0,10.0,
1423418565580,86.7,1.0,1.0,66.0,17.0,
1423418570588,86.7,1.0,1.0,57.0,10.0,
1423418575588,86.7,1.0,3.0,59.0,12.0,
1423418580595,86.7,1.0,0.0,72.0,18.0,
1423418585603,86.7,1.0,1.0,48.0,10.0,
1423418590612,86.7,1.0,0.0,75.0,18.0,
1423418595617,86.7,1.0,1.0,43.0,10.0,
1423418600617,86.6,1.0,3.0,77.0,20.0,
1423418605625,86.6,1.0,0.0,49.0,21.0,
1423418610632,86.6,1.0,1.0,60.0,10.0,
1423418615635,86.6,1.0,1.0,62.0,18.0,
1423418620635,86.6,1.0,1.0,56.0,10.0,
1423418625639,86.6,1.0,1.0,67.0,10.0,
1423418630639,86.6,1.0,0.0,51.0,10.0,
1423418635646,86.6,1.0,2.0,69.0,11.0,
1423418640651,86.6,1.0,0.0,65.0,11.0,
1423418645654,86.6,1.0,1.0,55.0,10.0,
1423418650659,86.6,1.0,1.0,74.0,12.0,
1423418655668,86.6,1.0,0.0,50.0,10.0,
1423418660670,86.6,1.0,2.0,61.0,11.0,
1423418665670,86.6,1.0,1.0,75.0,28.0,
1423418670675,86.6,1.0,1.0,31.0,10.0,
1423418675683,86.6,1.0,3.0,87.0,57.0,
1423418680740,86.6,1.0,0.0,41.0,48.0,
1423418685693,86.6,1.0,13.0,72.0,56.0,
1423418690698,83.7,1.0,0.0,59.0,87.0,
1423418695701,83.7,1.0,5.0,49.0,16.0,
1423418700698,83.7,1.0,0.0,85.0,70.0,
1423418705700,83.7,1.0,1.0,34.0,11.0,
1423418710707,85.9,1.0,5.0,85.0,62.0,
1423418715706,85.9,1.0,1.0,39.0,43.0,
1423418720710,85.9,1.0,7.0,73.0,26.0,
1423418725715,85.9,1.0,0.0,60.0,40.0,
1423418730720,83.7,1.0,2.0,50.0,11.0,
1423418735722,83.7,1.0,0.0,73.0,13.0,
1423418740725,83.7,1.0,1.0,47.0,10.0,
1423418745727,83.7,1.0,1.0,77.0,12.0,
1423418750734,86.4,1.0,1.0,50.0,11.0,
1423418755737,86.4,1.0,2.0,57.0,11.0,
1423418760742,86.4,1.0,1.0,78.0,12.0,
1423418765744,86.4,1.0,0.0,43.0,10.0,
1423418770752,86.4,1.0,1.0,78.0,14.0,
1423418775777,86.4,1.0,0.0,48.0,13.0,
1423418780766,86.4,1.0,4.0,60.0,16.0,
1423418785766,86.4,1.0,1.0,77.0,41.0,
1423418790766,86.4,1.0,1.0,27.0,10.0,
1423418795776,86.4,1.0,7.0,87.0,84.0,
1423418800783,86.4,1.0,0.0,41.0,83.0,
1423418805786,86.4,1.0,13.0,74.0,55.0,
1423418810788,85.7,1.0,0.0,62.0,107.0,
1423418815793,85.7,1.0,5.0,47.0,15.0,
1423418820801,85.7,1.0,1.0,85.0,79.0,
1423418825803,85.7,1.0,1.0,35.0,10.0,
1423418830809,86.0,1.0,5.0,85.0,56.0,
1423418835814,86.0,1.0,1.0,40.0,40.0,
1423418840819,86.0,1.0,5.0,72.0,23.0,
1423418845821,86.0,1.0,0.0,64.0,31.0,
1423418850829,86.0,1.0,1.0,49.0,10.0,
1423418855834,86.0,1.0,0.0,75.0,11.0,
1423418860842,86.0,1.0,1.0,45.0,10.0,
1423418865844,86.0,1.0,25.0,88.0,91.0,
1423418870843,86.0,1.0,3.0,92.0,241.0,
1423418875838,86.0,1.0,7.0,76.0,62.0,
1423418880846,86.0,1.0,24.0,94.0,195.0,
1423418885846,86.0,1.0,1.0,76.0,230.0,
1423418890848,80.9,1.0,31.0,89.0,118.0,
1423418895856,80.9,1.0,0.0,90.0,307.0,
1423418900863,80.9,1.0,16.0,77.0,110.0,
1423418905863,80.9,1.0,30.0,92.0,333.0,
1423418910863,80.9,1.0,1.0,75.0,265.0,
1423418915866,80.9,1.0,51.0,92.0,216.0,
1423418920866,80.9,1.0,1.0,91.0,485.0,
1423418925871,80.9,1.0,32.0,79.0,248.0,
1423418930879,80.9,1.0,32.0,91.0,506.0,
1423418935884,80.9,1.0,9.0,77.0,376.0,
1423418940884,80.9,1.0,47.0,92.0,342.0,
1423418945884,80.9,1.0,1.0,78.0,430.0,
1423418950889,80.9,1.0,38.0,82.0,165.0,
1423418955894,80.9,1.0,10.0,91.0,404.0,
1423418960896,80.9,1.0,16.0,78.0,169.0,
1423418965894,80.9,1.0,26.0,92.0,296.0,
1423418970896,80.9,1.0,7.0,77.0,257.0,
1423418975894,80.9,1.0,34.0,91.0,150.0,
1423418980896,79.9,1.0,0.0,89.0,264.0,
1423418985901,79.9,1.0,13.0,78.0,62.0,
1423418990905,79.9,1.0,22.0,91.0,251.0,
1423418995905,79.9,1.0,1.0,77.0,162.0,
1423419000905,79.9,1.0,36.0,90.0,186.0,
1423419005906,79.9,1.0,1.0,78.0,326.0,
1423419010909,79.9,1.0,26.0,79.0,69.0,
1423419015911,79.9,1.0,14.0,93.0,333.0,
1423419020909,79.9,1.0,4.0,78.0,161.0,
1423419025921,79.9,1.0,36.0,91.0,291.0,
1423419030918,79.9,1.0,2.0,79.0,364.0,
1423419035925,79.9,1.0,45.0,92.0,175.0,
1423419040925,79.9,1.0,0.0,90.0,359.0,
1423419045926,79.9,1.0,22.0,76.0,134.0,
1423419050926,79.9,1.0,21.0,92.0,355.0,
1423419055933,79.9,1.0,4.0,71.0,157.0,
1423419060941,79.9,1.0,32.0,90.0,176.0,
1423419065941,79.9,1.0,1.0,83.0,248.0,
1423419070943,80.0,1.0,17.0,78.0,60.0,
1423419075943,80.0,1.0,14.0,92.0,212.0,EventProcessingUnit,ScaleOut,
1423419080945,80.0,1.0,3.0,77.0,79.0,EventProcessingUnit,ScaleOut,
1423419085948,80.0,1.0,20.0,91.0,110.0,EventProcessingUnit,ScaleOut,
1423419090950,80.0,1.0,1.0,83.0,165.0,EventProcessingUnit,ScaleOut,
1423419095950,80.0,1.0,17.0,81.0,47.0,EventProcessingUnit,ScaleOut,
1423419100953,80.0,1.0,9.0,92.0,214.0,EventProcessingUnit,ScaleOut,
1423419105955,80.0,1.0,3.0,62.0,52.0,EventProcessingUnit,ScaleOut,
1423419110955,80.0,1.0,26.0,92.0,177.0,EventProcessingUnit,ScaleOut,
1423419115953,80.0,1.0,1.0,77.0,239.0,EventProcessingUnit,ScaleOut,
1423419120955,80.0,1.0,27.0,85.0,97.0,EventProcessingUnit,ScaleOut,
1423419125958,80.0,1.0,2.0,92.0,312.0,EventProcessingUnit,ScaleOut,
1423419130955,80.0,1.0,14.0,77.0,97.0,EventProcessingUnit,ScaleOut,
1423419135963,80.0,1.0,28.0,92.0,314.0,EventProcessingUnit,ScaleOut,
1423419140963,80.0,1.0,4.0,74.0,262.0,EventProcessingUnit,ScaleOut,
1423419145963,80.0,1.0,41.0,93.0,224.0,EventProcessingUnit,ScaleOut,
1423419150968,80.0,1.0,1.0,83.0,352.0,EventProcessingUnit,ScaleOut,
1423419155963,80.0,1.0,29.0,82.0,98.0,EventProcessingUnit,ScaleOut,
1423419160965,80.2,1.0,12.0,93.0,321.0,EventProcessingUnit,ScaleOut,
1423419165965,80.2,1.0,8.0,78.0,119.0,EventProcessingUnit,ScaleOut,
1423419170965,80.2,1.0,27.0,91.0,237.0,EventProcessingUnit,ScaleOut,
1423419175966,80.2,1.0,1.0,78.0,196.0,EventProcessingUnit,ScaleOut,
1423419180963,80.2,1.0,24.0,88.0,108.0,EventProcessingUnit,ScaleOut,
1423419185968,80.2,1.0,0.0,89.0,157.0,EventProcessingUnit,ScaleOut,
1423419190968,80.2,1.0,4.0,74.0,25.0,EventProcessingUnit,ScaleOut,
1423419195968,80.2,1.0,10.0,92.0,101.0,EventProcessingUnit,ScaleOut,
1423419200969,80.2,1.0,1.0,76.0,66.0,EventProcessingUnit,ScaleOut,
1423419205967,80.2,1.0,13.0,88.0,56.0,EventProcessingUnit,ScaleOut,
1423419210967,80.2,1.0,0.0,89.0,79.0,EventProcessingUnit,ScaleOut,
1423419215967,80.2,1.0,5.0,77.0,106.0,EventProcessingUnit,ScaleOut,
1423419220970,80.2,1.0,32.0,91.0,204.0,EventProcessingUnit,ScaleOut,
1423419225970,80.2,1.0,0.0,81.0,236.0,EventProcessingUnit,ScaleOut,
1423419230967,80.2,1.0,28.0,81.0,147.0,EventProcessingUnit,ScaleOut,
1423419235967,80.2,1.0,5.0,93.0,320.0,EventProcessingUnit,ScaleOut,
1423419240973,80.2,1.0,21.0,79.0,106.0,EventProcessingUnit,ScaleOut,
1423419245973,80.2,1.0,22.0,92.0,311.0,EventProcessingUnit,ScaleOut,
1423419250976,80.8,1.0,2.0,76.0,171.0,EventProcessingUnit,ScaleOut,
1423419255976,80.8,1.0,29.0,91.0,199.0,EventProcessingUnit,ScaleOut,
1423419260974,80.8,1.0,1.0,83.0,225.0,EventProcessingUnit,ScaleOut,
1423419265974,80.8,1.0,26.0,81.0,103.0,EventProcessingUnit,ScaleOut,
1423419270979,80.4,1.0,1.0,92.0,246.0,EventProcessingUnit,ScaleOut,
1423419275979,80.4,1.0,10.0,77.0,52.0,EventProcessingUnit,ScaleOut,
1423419280979,80.4,1.0,18.0,93.0,166.0,EventProcessingUnit,ScaleOut,
1423419285981,80.4,1.0,0.0,80.0,89.0,EventProcessingUnit,ScaleOut,
1423419290984,80.4,1.0,14.0,86.0,78.0,EventProcessingUnit,ScaleOut,
1423419295981,80.4,1.0,1.0,90.0,134.0,EventProcessingUnit,ScaleOut,
1423419300979,80.4,1.0,12.0,76.0,29.0,EventProcessingUnit,ScaleOut,
1423419305999,80.4,1.0,16.0,93.0,151.0,EventProcessingUnit,ScaleOut,
1423419310992,80.4,1.0,1.0,75.0,101.0,EventProcessingUnit,ScaleOut,
1423419315994,80.4,1.0,18.0,85.0,98.0,EventProcessingUnit,ScaleOut,
1423419321002,80.4,1.0,0.0,93.0,194.0,EventProcessingUnit,ScaleOut,
1423419326004,80.4,1.0,15.0,75.0,75.0,EventProcessingUnit,ScaleOut,
1423419331004,80.4,1.0,18.0,92.0,273.0,EventProcessingUnit,ScaleOut,
1423419336012,80.4,1.0,2.0,76.0,191.0,EventProcessingUnit,ScaleOut,
1423419341012,80.4,1.0,1.0,88.0,307.0,EventProcessingUnit,ScaleOut,
1423419346069,80.4,1.0,1.0,88.0,307.0,EventProcessingUnit,ScaleOut,
1423419351042,80.4,1.0,36.0,72.0,197.0,EventProcessingUnit,ScaleOut,
1423419356047,80.4,1.0,7.0,92.0,319.0,EventProcessingUnit,ScaleOut,
1423419361049,80.0,1.0,13.0,77.0,97.0,EventProcessingUnit,ScaleOut,
1423419366054,80.0,1.0,25.0,92.0,245.0,EventProcessingUnit,ScaleOut,
1423419371059,81.1,1.0,1.0,81.0,102.0,EventProcessingUnit,ScaleOut,
1423419376064,81.1,1.0,14.0,83.0,79.0,EventProcessingUnit,ScaleOut,
1423419381067,81.1,1.0,1.0,89.0,101.0,EventProcessingUnit,ScaleOut,
1423419386067,81.1,1.0,9.0,77.0,23.0,EventProcessingUnit,ScaleOut,
1423419391069,81.1,1.0,8.0,92.0,80.0,EventProcessingUnit,ScaleOut,
1423419396067,81.1,1.0,1.0,79.0,32.0,EventProcessingUnit,ScaleOut,
1423419401070,81.1,1.0,5.0,84.0,40.0,EventProcessingUnit,ScaleOut,
1423419406067,81.1,1.0,1.0,92.0,82.0,EventProcessingUnit,ScaleOut,
1423419411070,81.1,1.0,5.0,76.0,25.0,EventProcessingUnit,ScaleOut,
1423419416067,81.1,1.0,11.0,92.0,99.0,EventProcessingUnit,ScaleOut,
1423419421070,81.1,1.0,1.0,77.0,102.0,EventProcessingUnit,ScaleOut,
1423419426072,81.1,1.0,17.0,89.0,77.0,EventProcessingUnit,ScaleOut,
1423419431075,81.1,1.0,1.0,88.0,169.0,EventProcessingUnit,ScaleOut,
1423419436070,81.1,1.0,1.0,56.0,11.0,EventProcessingUnit,ScaleOut,
1423419441080,81.1,1.0,0.0,61.0,10.0,EventProcessingUnit,ScaleOut,
1423419446080,81.1,1.0,2.0,41.0,11.0,EventProcessingUnit,ScaleOut,
1423419451081,87.1,1.0,1.0,81.0,17.0,EventProcessingUnit,ScaleOut,
1423419456083,87.1,1.0,1.0,32.0,10.0,EventProcessingUnit,ScaleOut,
1423419461080,87.1,1.0,1.0,74.0,19.0,EventProcessingUnit,ScaleOut,
1423419466083,87.1,1.0,0.0,45.0,10.0,EventProcessingUnit,ScaleOut,
1423419471080,87.1,1.0,0.0,67.0,19.0,EventProcessingUnit,ScaleOut,
1423419476088,87.1,1.0,0.0,67.0,19.0,EventProcessingUnit,ScaleOut,
1423419481088,87.1,1.0,0.0,74.0,17.0,EventProcessingUnit,ScaleOut,
1423419486090,87.1,1.0,1.0,42.0,10.0,EventProcessingUnit,ScaleOut,
1423419491098,87.1,1.0,1.0,66.0,11.0,
1423419496103,87.1,1.0,0.0,51.0,10.0,
1423419501110,87.1,1.0,2.0,49.0,10.0,
1423419506118,87.1,1.0,2.0,49.0,10.0,
1423419511122,87.1,1.0,1.0,70.0,10.0,
1423419516129,87.1,1.0,1.0,62.0,10.0,
1423419521139,87.1,1.0,1.0,62.0,10.0,
1423419526138,87.1,1.0,2.0,52.0,12.0,
1423419531138,87.1,1.0,2.0,52.0,12.0,
1423419536141,87.1,1.0,0.0,72.0,11.0,
1423419541148,85.9,1.0,1.0,79.0,15.0,
1423419546151,85.9,1.0,1.0,79.0,15.0,
1423419551157,85.9,1.0,0.0,40.0,10.0,
1423419556154,85.9,1.0,4.0,63.0,25.0,
1423419561157,85.9,1.0,1.0,39.0,10.0,
1423419566161,85.9,1.0,1.0,39.0,10.0,
1423419571161,85.9,1.0,1.0,40.0,10.0,
1423419576166,85.9,1.0,1.0,40.0,10.0,
1423419581166,85.9,1.0,1.0,41.0,20.0,
1423419586174,85.9,1.0,3.0,59.0,12.0,
1423419591176,85.9,1.0,0.0,66.0,20.0,
1423419596181,85.9,1.0,0.0,41.0,10.0,
1423419601186,85.9,1.0,0.0,78.0,11.0,
1423419606188,85.9,1.0,1.0,41.0,10.0,
1423419611189,85.9,1.0,1.0,67.0,11.0,
1423419616198,85.9,1.0,0.0,58.0,11.0,
1423419621195,85.9,1.0,1.0,46.0,10.0,
1423419626197,86.3,1.0,1.0,70.0,11.0,
1423419631199,86.3,1.0,1.0,50.0,10.0,
1423419636197,86.3,1.0,1.0,56.0,10.0,
1423419641199,86.3,1.0,1.0,60.0,10.0,
1423419646200,86.3,1.0,1.0,51.0,10.0,
1423419651208,86.3,1.0,1.0,65.0,10.0,
1423419656214,86.3,1.0,1.0,44.0,10.0,
1423419661214,86.3,1.0,1.0,70.0,10.0,
1423419666218,86.3,1.0,1.0,70.0,10.0,
1423419671222,86.3,1.0,1.0,60.0,10.0,
1423419676225,86.3,1.0,1.0,60.0,10.0,
1423419681230,86.3,1.0,0.0,53.0,10.0,
1423419686235,86.3,1.0,0.0,53.0,10.0,
1423419691237,86.3,1.0,0.0,41.0,10.0,
1423419696242,86.3,1.0,1.0,69.0,10.0,
1423419701246,86.3,1.0,1.0,43.0,10.0,
1423419706247,86.3,1.0,0.0,68.0,10.0,
1423419711254,86.3,1.0,0.0,68.0,10.0,
1423419716259,86.5,1.0,1.0,55.0,10.0,
1423419721261,86.5,1.0,1.0,55.0,10.0,
1423419726261,86.5,1.0,1.0,50.0,10.0,
1423419731263,86.5,1.0,0.0,63.0,10.0,
1423419736266,86.5,1.0,1.0,47.0,10.0,
1423419741268,86.5,1.0,1.0,61.0,10.0,
1423419746273,86.5,1.0,0.0,56.0,10.0,
1423419751275,86.5,1.0,1.0,52.0,10.0,
1423419756278,86.5,1.0,2.0,58.0,10.0,
1423419761281,86.5,1.0,1.0,56.0,10.0,
1423419766280,86.2,1.0,1.0,59.0,10.0,
1423419771280,86.2,1.0,0.0,58.0,10.0,
1423419776280,86.2,1.0,1.0,51.0,10.0,
1423419781278,86.2,1.0,1.0,65.0,10.0,
1423419786285,86.2,1.0,0.0,45.0,10.0,
1423419791280,86.2,1.0,1.0,68.0,10.0,
1423419796294,86.2,1.0,1.0,42.0,10.0,
1423419801289,86.2,1.0,0.0,64.0,10.0,
1423419806289,86.2,1.0,0.0,55.0,10.0,
1423419811297,86.2,1.0,1.0,52.0,10.0,
1423419816297,86.2,1.0,1.0,52.0,10.0,
1423419821299,86.2,1.0,1.0,40.0,10.0,
1423419826301,86.2,1.0,0.0,80.0,12.0,
1423419831321,86.2,1.0,0.0,35.0,10.0,
1423419836326,86.2,1.0,1.0,72.0,12.0,
1423419841331,86.2,1.0,1.0,48.0,10.0,
1423419846333,86.2,1.0,3.0,57.0,12.0,
1423419851332,86.2,1.0,0.0,66.0,15.0,
1423419856344,86.9,1.0,1.0,41.0,10.0,
1423419861353,86.9,1.0,1.0,73.0,13.0,
1423419866351,86.9,1.0,1.0,44.0,10.0,
1423419871369,86.9,1.0,0.0,66.0,10.0,
1423419876357,86.9,1.0,0.0,52.0,10.0,
1423419881354,86.9,1.0,0.0,55.0,10.0,
1423419886355,86.9,1.0,0.0,55.0,10.0,
1423419891361,86.9,1.0,0.0,48.0,10.0,
1423419896366,86.9,1.0,0.0,48.0,10.0,
1423419901366,86.9,1.0,0.0,56.0,10.0,
1423419906368,86.1,1.0,1.0,46.0,10.0,
1423419911366,86.1,1.0,0.0,75.0,18.0,
1423419916368,86.1,1.0,1.0,34.0,10.0,
1423419921366,86.1,1.0,3.0,81.0,32.0,
1423419926373,86.8,1.0,1.0,40.0,38.0,
1423419931372,86.8,1.0,6.0,62.0,20.0,
1423419936372,86.8,1.0,0.0,66.0,47.0,
1423419941372,86.8,1.0,1.0,38.0,10.0,
1423419946374,86.8,1.0,0.0,81.0,39.0,
1423419951377,86.8,1.0,1.0,27.0,10.0,
1423419956377,86.8,1.0,5.0,82.0,29.0,
1423419961377,86.8,1.0,0.0,40.0,39.0,
1423419966384,86.8,1.0,2.0,59.0,12.0,
1423419971384,86.8,1.0,0.0,64.0,23.0,
1423419976391,86.8,1.0,1.0,42.0,10.0,
1423419981391,86.8,1.0,0.0,79.0,11.0,
1423419986390,87.0,1.0,0.0,36.0,10.0,
1423419991392,87.0,1.0,1.0,72.0,11.0,
1423419996396,87.0,1.0,1.0,54.0,11.0,
1423420001418,87.0,1.0,1.0,54.0,11.0,
1423420006400,87.0,1.0,1.0,67.0,11.0,
1423420011400,87.0,1.0,1.0,42.0,10.0,
1423420016403,87.0,1.0,1.0,73.0,11.0,
1423420021402,87.0,1.0,1.0,44.0,10.0,
1423420026402,87.0,1.0,1.0,55.0,10.0,
1423420031400,87.0,1.0,1.0,71.0,14.0,
1423420036407,87.0,1.0,1.0,38.0,10.0,
1423420041402,87.0,1.0,1.0,78.0,27.0,
1423420046402,87.0,1.0,1.0,34.0,14.0,
1423420051403,87.0,1.0,7.0,68.0,23.0,
1423420056403,87.0,1.0,0.0,57.0,40.0,
1423420061403,87.0,1.0,0.0,45.0,10.0,
1423420066405,87.0,1.0,0.0,76.0,36.0,
1423420071405,87.0,1.0,1.0,30.0,10.0,
1423420076405,86.7,1.0,1.0,86.0,25.0,
1423420081406,86.7,1.0,0.0,34.0,22.0,
1423420086406,86.7,1.0,3.0,67.0,12.0,
1423420091404,86.7,1.0,1.0,58.0,16.0,
1423420096404,86.7,1.0,1.0,48.0,10.0,
1423420101409,86.7,1.0,0.0,72.0,13.0,
1423420106407,88.1,1.0,1.0,36.0,10.0,
1423420111407,88.1,1.0,1.0,74.0,11.0,
1423420116409,88.1,1.0,0.0,48.0,11.0,
1423420121409,88.1,1.0,0.0,53.0,10.0,
1423420126409,88.1,1.0,0.0,64.0,10.0,
1423420131409,88.1,1.0,1.0,45.0,10.0,
1423420136409,88.1,1.0,0.0,71.0,12.0,
1423420141412,88.1,1.0,1.0,42.0,10.0,
1423420146414,88.1,1.0,2.0,62.0,11.0,
1423420151412,88.1,1.0,1.0,64.0,17.0,
1423420156417,88.1,1.0,0.0,47.0,10.0,
1423420161417,88.1,1.0,0.0,70.0,12.0,
1423420166414,88.1,1.0,1.0,39.0,10.0,
1423420171415,88.1,1.0,0.0,76.0,12.0,
1423420176420,88.1,1.0,0.0,44.0,10.0,
1423420181417,88.1,1.0,1.0,48.0,10.0,
1423420186417,88.1,1.0,0.0,72.0,36.0,
1423420191417,88.1,1.0,1.0,35.0,10.0,
1423420196417,88.1,1.0,1.0,35.0,10.0,
1423420201417,87.3,1.0,1.0,31.0,14.0,
1423420206415,87.3,1.0,2.0,70.0,11.0,
1423420211415,87.3,1.0,1.0,56.0,12.0,
1423420216418,87.3,1.0,1.0,52.0,10.0,
1423420221418,87.3,1.0,0.0,68.0,11.0,
1423420226418,87.3,1.0,0.0,68.0,11.0,
1423420231415,87.3,1.0,1.0,39.0,10.0,
1423420236418,87.3,1.0,0.0,46.0,11.0,
1423420241418,87.3,1.0,1.0,52.0,10.0,
1423420246418,87.3,1.0,0.0,66.0,12.0,
1423420251421,87.3,1.0,1.0,43.0,10.0,
1423420256421,87.3,1.0,1.0,75.0,14.0,
1423420261421,87.3,1.0,1.0,38.0,15.0,
1423420266418,87.3,1.0,3.0,62.0,13.0,
1423420271418,87.3,1.0,0.0,67.0,35.0,
1423420276421,87.3,1.0,0.0,67.0,35.0,
1423420281418,87.3,1.0,0.0,77.0,28.0,
1423420286421,87.0,1.0,0.0,34.0,10.0,
1423420291419,87.0,1.0,0.0,34.0,10.0,
1423420296419,87.0,1.0,4.0,81.0,22.0,
1423420301421,87.0,1.0,1.0,55.0,10.0,
1423420306421,87.0,1.0,1.0,64.0,27.0,
1423420311424,87.0,1.0,1.0,42.0,10.0,
1423420316431,87.0,1.0,0.0,77.0,21.0,
1423420321426,87.0,1.0,1.0,30.0,10.0,
1423420326424,87.0,1.0,2.0,78.0,11.0,
1423420331427,87.0,1.0,1.0,49.0,15.0,
1423420336429,87.0,1.0,0.0,60.0,10.0,
1423420341427,87.0,1.0,0.0,58.0,13.0,
1423420346424,87.0,1.0,0.0,58.0,13.0,
1423420351429,87.0,1.0,0.0,71.0,10.0,
1423420356427,87.0,1.0,0.0,40.0,10.0,
1423420361427,87.0,1.0,1.0,59.0,10.0,
1423420366427,87.0,1.0,1.0,61.0,11.0,
1423420371427,87.0,1.0,0.0,49.0,10.0,
1423420376427,86.7,1.0,0.0,68.0,12.0,
1423420381427,86.7,1.0,1.0,40.0,10.0,
1423420386425,86.7,1.0,6.0,69.0,18.0,
1423420391427,86.7,1.0,0.0,59.0,23.0,
1423420396429,86.7,1.0,0.0,48.0,10.0,
1423420401427,86.7,1.0,0.0,72.0,21.0,
1423420406427,86.7,1.0,1.0,37.0,10.0,
1423420411432,86.7,1.0,1.0,80.0,21.0,
1423420416435,86.7,1.0,0.0,36.0,19.0,
1423420421437,86.7,1.0,1.0,65.0,11.0,
1423420426437,86.9,1.0,0.0,55.0,22.0,
1423420431437,86.9,1.0,1.0,54.0,10.0,
1423420436440,86.9,1.0,0.0,65.0,10.0,
1423420441443,86.9,1.0,1.0,43.0,10.0,
1423420446440,86.9,1.0,0.0,75.0,10.0,
1423420451440,86.9,1.0,1.0,41.0,10.0,
1423420456445,86.9,1.0,0.0,57.0,10.0,
1423420461448,86.9,1.0,1.0,60.0,10.0,
1423420466453,86.9,1.0,1.0,49.0,10.0,
1423420471450,86.9,1.0,1.0,66.0,10.0,
1423420476448,86.9,1.0,0.0,51.0,10.0,
1423420481451,86.9,1.0,1.0,56.0,10.0,
1423420486454,86.9,1.0,0.0,62.0,10.0,
1423420491453,86.9,1.0,1.0,49.0,10.0,
1423420496452,86.9,1.0,0.0,68.0,11.0,
1423420501451,86.9,1.0,1.0,41.0,10.0,
1423420506452,86.9,1.0,1.0,66.0,10.0,
1423420511452,86.9,1.0,0.0,54.0,10.0,
1423420516452,86.8,1.0,1.0,54.0,10.0,
1423420521452,86.8,1.0,0.0,65.0,10.0,
1423420526452,86.8,1.0,1.0,41.0,10.0,
1423420531457,86.8,1.0,0.0,80.0,16.0,
1423420536453,86.8,1.0,0.0,36.0,10.0,
1423420541454,86.8,1.0,1.0,68.0,10.0,
1423420546454,86.8,1.0,1.0,51.0,13.0,
1423420551454,86.8,1.0,1.0,55.0,10.0,
1423420556455,86.8,1.0,0.0,64.0,10.0,
1423420561455,86.8,1.0,1.0,43.0,10.0,
1423420566457,86.8,1.0,1.0,43.0,10.0,
1423420571455,87.8,1.0,0.0,46.0,10.0,
1423420576456,87.8,1.0,0.0,64.0,10.0,
1423420581455,87.8,1.0,0.0,54.0,10.0,
1423420586455,87.8,1.0,0.0,54.0,10.0,
1423420591458,87.8,1.0,0.0,62.0,10.0,
1423420596458,87.8,1.0,1.0,50.0,10.0,
1423420601457,87.8,1.0,1.0,59.0,10.0,
1423420606457,87.5,1.0,1.0,56.0,10.0,
1423420611457,87.5,1.0,0.0,55.0,10.0,
1423420616458,87.5,1.0,0.0,63.0,10.0,
1423420621457,87.5,1.0,0.0,48.0,10.0,
1423420626459,87.5,1.0,1.0,70.0,10.0,
1423420631458,87.5,1.0,1.0,45.0,10.0,
1423420636458,87.5,1.0,1.0,65.0,10.0,
1423420641459,87.5,1.0,0.0,54.0,10.0,
1423420646459,87.5,1.0,1.0,53.0,10.0,
1423420651463,87.5,1.0,1.0,66.0,10.0,
1423420656469,87.5,1.0,1.0,42.0,10.0,
1423420661467,87.5,1.0,1.0,74.0,11.0,
1423420666486,87.5,1.0,1.0,74.0,11.0,
1423420671481,87.5,1.0,1.0,60.0,10.0,
1423420676472,87.5,1.0,0.0,26.0,10.0,
1423420681472,87.5,1.0,1.0,38.0,10.0,
1423420686478,90.8,1.0,1.0,26.0,10.0,
1423420691473,90.8,1.0,1.0,38.0,10.0,
1423420696477,90.8,1.0,0.0,33.0,10.0,
1423420701475,90.8,1.0,0.0,26.0,10.0,
1423420706477,92.5,1.0,0.0,43.0,10.0,
1423420711476,92.5,1.0,0.0,21.0,10.0,
1423420716478,92.5,1.0,0.0,44.0,10.0,
1423420721478,92.5,1.0,0.0,26.0,10.0,
1423420726490,92.5,1.0,0.0,26.0,10.0,
1423420731486,92.5,1.0,0.0,45.0,10.0,
1423420736490,92.5,1.0,0.0,20.0,10.0,
1423420741487,92.5,1.0,0.0,51.0,10.0,
1423420746487,90.2,1.0,0.0,21.0,10.0,
1423420751488,90.2,1.0,0.0,39.0,10.0,
1423420756488,90.2,1.0,0.0,39.0,10.0,
1423420761488,90.2,1.0,0.0,39.0,10.0,
1423420766489,92.1,1.0,0.0,45.0,10.0,
1423420771489,92.1,1.0,1.0,19.0,10.0,
1423420776489,92.1,1.0,1.0,46.0,10.0,
1423420781489,92.1,1.0,0.0,25.0,10.0,
1423420786491,92.1,1.0,1.0,29.0,10.0,
1423420791489,92.1,1.0,0.0,45.0,10.0,
1423420796490,92.1,1.0,1.0,18.0,10.0,
1423420801491,92.1,1.0,0.0,46.0,10.0,
1423420806491,92.1,1.0,0.0,46.0,10.0,
1423420811491,92.1,1.0,1.0,39.0,10.0,
1423420816490,92.1,1.0,1.0,39.0,10.0,
1423420821491,92.1,1.0,0.0,22.0,10.0,
1423420826492,92.1,1.0,0.0,43.0,10.0,
1423420831492,92.1,1.0,1.0,21.0,10.0,
1423420836493,92.1,1.0,0.0,43.0,10.0,
1423420841493,92.1,1.0,0.0,28.0,10.0,
1423420846493,92.1,1.0,0.0,26.0,10.0,
1423420851493,92.1,1.0,0.0,43.0,10.0,
1423420856493,91.9,1.0,0.0,23.0,10.0,
1423420861504,91.9,1.0,1.0,42.0,10.0,
1423420866497,91.9,1.0,0.0,22.0,10.0,
1423420871497,91.9,1.0,1.0,35.0,10.0,
1423420876498,91.9,1.0,0.0,40.0,10.0,
1423420881498,91.9,1.0,0.0,22.0,10.0,
1423420886502,91.9,1.0,1.0,43.0,10.0,
1423420891498,91.9,1.0,1.0,20.0,10.0,
1423420896504,91.9,1.0,0.0,45.0,10.0,
1423420901499,91.9,1.0,0.0,29.0,10.0,
1423420906500,91.9,1.0,0.0,25.0,10.0,
1423420911499,91.9,1.0,1.0,43.0,10.0,
1423420916499,91.9,1.0,1.0,21.0,10.0,
1423420921500,91.9,1.0,1.0,21.0,10.0,
1423420926501,91.9,1.0,0.0,21.0,10.0,
1423420931501,91.9,1.0,0.0,36.0,10.0,
1423420936500,91.9,1.0,0.0,39.0,10.0,
1423420941504,91.9,1.0,0.0,21.0,10.0,
1423420946504,92.2,1.0,0.0,43.0,10.0,
1423420951504,92.2,1.0,0.0,43.0,10.0,
1423420956502,92.2,1.0,0.0,43.0,10.0,
1423420961503,92.2,1.0,0.0,28.0,10.0,
1423420966503,92.2,1.0,1.0,25.0,10.0,
1423420971503,92.2,1.0,0.0,42.0,10.0,
1423420976504,92.2,1.0,1.0,22.0,10.0,
1423420981511,92.2,1.0,0.0,46.0,10.0,
1423420986503,92.2,1.0,0.0,46.0,10.0,
1423420991504,92.2,1.0,1.0,35.0,10.0,
1423420996504,92.2,1.0,0.0,40.0,10.0,
1423421001506,92.2,1.0,1.0,19.0,10.0,
1423421006507,92.2,1.0,0.0,44.0,10.0,
1423421011515,92.2,1.0,0.0,21.0,10.0,
1423421016506,92.2,1.0,0.0,44.0,10.0,
1423421021505,92.2,1.0,0.0,44.0,10.0,
1423421026505,92.2,1.0,1.0,29.0,10.0,
1423421031506,92.2,1.0,0.0,45.0,10.0,
1423421036506,91.9,1.0,0.0,20.0,10.0,
1423421041507,91.9,1.0,0.0,20.0,10.0,
1423421046511,91.9,1.0,0.0,20.0,10.0,
1423421051514,91.9,1.0,1.0,41.0,10.0,
1423421056516,91.9,1.0,0.0,35.0,10.0,
1423421061512,91.9,1.0,0.0,20.0,10.0,
1423421066513,91.9,1.0,0.0,20.0,10.0,
1423421071515,91.9,1.0,0.0,20.0,10.0,
1423421076513,91.9,1.0,0.0,44.0,10.0,
1423421081519,91.9,1.0,0.0,3.0,10.0,
1423421086514,93.4,1.0,0.0,25.0,10.0,
1423421091516,93.4,1.0,0.0,13.0,10.0,
1423421096519,93.4,1.0,1.0,13.0,10.0,
1423421101520,93.4,1.0,1.0,13.0,10.0,
1423421106519,93.4,1.0,1.0,13.0,10.0,
1423421111520,93.4,1.0,1.0,13.0,10.0,
1423421116519,94.7,1.0,0.0,8.0,10.0,
1423421121519,94.7,1.0,0.0,19.0,10.0,
1423421126522,94.7,1.0,0.0,19.0,10.0,
1423421131521,94.7,1.0,0.0,8.0,10.0,
1423421136520,94.7,1.0,0.0,29.0,10.0,
1423421141520,94.7,1.0,0.0,1.0,10.0,
1423421146520,94.7,1.0,1.0,26.0,10.0,
1423421151520,94.7,1.0,0.0,11.0,10.0,
1423421156521,94.7,1.0,1.0,16.0,10.0,
1423421161520,94.7,1.0,0.0,20.0,10.0,
1423421166520,94.7,1.0,0.0,20.0,10.0,
1423421171523,94.7,1.0,0.0,20.0,10.0,
1423421176522,94.7,1.0,0.0,5.0,10.0,
1423421181522,94.7,1.0,0.0,21.0,10.0,
1423421186523,94.7,1.0,0.0,17.0,10.0,
1423421191523,94.7,1.0,0.0,17.0,10.0,
1423421196523,95.7,1.0,0.0,26.0,10.0,
1423421201523,95.7,1.0,0.0,26.0,10.0,
1423421206525,95.7,1.0,0.0,27.0,10.0,
1423421211525,95.7,1.0,0.0,10.0,10.0,
1423421216524,95.7,1.0,1.0,17.0,10.0,
1423421221525,95.7,1.0,0.0,20.0,10.0,
1423421226524,95.7,1.0,0.0,7.0,10.0,
1423421231526,95.7,1.0,0.0,30.0,10.0,
1423421236524,95.7,1.0,0.0,30.0,10.0,
1423421241526,95.7,1.0,0.0,30.0,10.0,
1423421246529,95.7,1.0,0.0,15.0,10.0,
1423421251528,95.7,1.0,0.0,11.0,10.0,
1423421256527,95.7,1.0,0.0,31.0,10.0,
1423421261527,95.7,1.0,0.0,6.0,10.0,
1423421266527,95.7,1.0,0.0,22.0,10.0,
1423421271531,95.7,1.0,0.0,16.0,10.0,
1423421276532,95.7,1.0,1.0,10.0,10.0,
1423421281528,95.7,1.0,0.0,27.0,10.0,
1423421286529,95.7,1.0,0.0,27.0,10.0,
1423421291528,95.5,1.0,1.0,26.0,10.0,
1423421296530,95.5,1.0,0.0,12.0,10.0,
1423421301529,95.5,1.0,0.0,15.0,10.0,
1423421306529,95.5,1.0,0.0,22.0,10.0,
1423421311530,95.5,1.0,1.0,5.0,11.0,
1423421316530,95.5,1.0,0.0,31.0,10.0,
1423421321536,95.5,1.0,0.0,4.0,10.0,
1423421326533,95.5,1.0,0.0,23.0,10.0,
1423421331533,95.5,1.0,0.0,14.0,10.0,
1423421336537,95.5,1.0,0.0,13.0,10.0,
1423421341536,95.5,1.0,0.0,24.0,10.0,
1423421346535,95.5,1.0,1.0,4.0,10.0,
1423421351533,95.5,1.0,1.0,31.0,10.0,
1423421356538,95.5,1.0,0.0,5.0,10.0,
1423421361534,95.5,1.0,0.0,22.0,10.0,
1423421366534,95.5,1.0,0.0,15.0,10.0,
1423421371534,95.5,1.0,0.0,11.0,10.0,
1423421376534,95.0,1.0,0.0,26.0,10.0,
1423421381535,95.0,1.0,0.0,0.0,0.0,
1423421386536,95.0,1.0,1.0,25.0,10.0,
1423421391551,95.0,1.0,0.0,13.0,10.0,
1423421396551,95.0,1.0,0.0,15.0,10.0,
1423421401549,95.0,1.0,0.0,23.0,10.0,
1423421406549,95.0,1.0,0.0,4.0,10.0,
1423421411552,95.0,1.0,0.0,30.0,10.0,
1423421416551,95.0,1.0,0.0,7.0,10.0,
1423421421552,95.0,1.0,0.0,20.0,10.0,
1423421426550,95.0,1.0,0.0,18.0,10.0,
1423421431553,95.0,1.0,0.0,8.0,10.0,
1423421436552,95.0,1.0,0.0,30.0,10.0,
1423421441555,95.0,1.0,0.0,5.0,10.0,
1423421446556,95.0,1.0,0.0,23.0,10.0,
1423421451555,95.0,1.0,0.0,15.0,10.0,
1423421456555,95.0,1.0,0.0,11.0,10.0,
1423421461556,95.0,1.0,0.0,11.0,10.0,
1423421466556,95.7,1.0,0.0,1.0,10.0,
1423421471557,95.7,1.0,0.0,27.0,10.0,
1423421476556,95.7,1.0,0.0,10.0,10.0,
1423421481557,95.7,1.0,1.0,16.0,10.0,
1423421486557,95.7,1.0,0.0,21.0,10.0,
1423421491557,95.7,1.0,0.0,21.0,10.0,
1423421496557,95.7,1.0,0.0,31.0,10.0,
1423421501561,95.7,1.0,0.0,4.0,10.0,
1423421506558,95.7,1.0,0.0,22.0,10.0,
1423421511557,95.7,1.0,0.0,16.0,10.0,
1423421516558,95.7,1.0,0.0,10.0,10.0,
1423421521558,95.7,1.0,0.0,29.0,10.0,
1423421526558,95.7,1.0,0.0,1.0,10.0,
1423421531558,95.7,1.0,0.0,1.0,10.0,
1423421536559,95.7,1.0,0.0,19.0,10.0,
1423421541559,95.7,1.0,1.0,8.0,11.0,
1423421546562,95.7,1.0,0.0,29.0,10.0,
1423421551562,95.7,1.0,0.0,29.0,10.0,
1423421556561,95.3,1.0,1.0,24.0,10.0,
1423421561561,95.3,1.0,0.0,14.0,10.0,
1423421566561,95.3,1.0,1.0,11.0,10.0,
1423421571565,95.3,1.0,0.0,26.0,10.0,
1423421576576,95.3,1.0,0.0,2.0,10.0,
1423421581563,95.3,1.0,0.0,2.0,10.0,
1423421586563,95.3,1.0,0.0,10.0,10.0,
1423421591563,95.3,1.0,0.0,17.0,10.0,
1423421596566,95.3,1.0,0.0,20.0,10.0,
1423421601572,95.3,1.0,0.0,20.0,10.0,
1423421606567,95.3,1.0,0.0,30.0,10.0,
1423421611565,95.3,1.0,0.0,30.0,10.0,
1423421616569,95.3,1.0,0.0,22.0,10.0,
1423421621569,95.3,1.0,0.0,16.0,10.0,
1423421626570,95.3,1.0,0.0,12.0,10.0,
1423421631569,95.3,1.0,0.0,26.0,10.0,
1423421636575,95.3,1.0,0.0,1.0,10.0,
1423421641570,95.3,1.0,0.0,1.0,10.0,
1423421646570,95.4,1.0,0.0,11.0,10.0,
1423421651570,95.4,1.0,0.0,17.0,10.0,
1423421656572,95.4,1.0,0.0,20.0,10.0,
1423421661572,95.4,1.0,0.0,7.0,10.0,
1423421666579,95.4,1.0,0.0,31.0,10.0,
1423421671575,95.4,1.0,0.0,31.0,10.0,
1423421676573,95.4,1.0,0.0,23.0,10.0,
1423421681573,95.4,1.0,0.0,23.0,10.0,
1423421686574,95.4,1.0,0.0,12.0,10.0,
1423421691574,95.4,1.0,0.0,27.0,10.0,
1423421696575,95.4,1.0,0.0,0.0,0.0,
1423421701577,95.4,1.0,1.0,26.0,10.0,
1423421706576,95.4,1.0,0.0,12.0,10.0,
1423421711577,95.4,1.0,1.0,15.0,10.0,
1423421716577,95.4,1.0,0.0,22.0,10.0,
1423421721578,95.4,1.0,1.0,4.0,13.0,
1423421726580,95.4,1.0,0.0,31.0,10.0,
1423421731579,95.4,1.0,0.0,6.0,10.0,
1423421736578,95.0,1.0,0.0,21.0,10.0,
1423421741579,95.0,1.0,0.0,17.0,10.0,
1423421746579,95.0,1.0,1.0,9.0,10.0,
1423421751579,95.0,1.0,1.0,9.0,10.0,
1423421756579,95.0,1.0,1.0,0.0,4.0,
1423421761580,95.0,1.0,1.0,27.0,10.0,
1423421766580,95.0,1.0,0.0,10.0,10.0,
1423421771580,95.0,1.0,0.0,18.0,10.0,
1423421776580,95.0,1.0,0.0,19.0,10.0,
1423421781581,95.0,1.0,0.0,8.0,10.0,
1423421786581,95.0,1.0,0.0,30.0,10.0,
1423421791581,95.0,1.0,0.0,4.0,10.0,
1423421796582,95.0,1.0,0.0,22.0,10.0,
1423421801582,95.0,1.0,0.0,16.0,10.0,
1423421806582,95.0,1.0,0.0,6.0,10.0,
1423421811582,95.0,1.0,0.0,31.0,10.0,
1423421816583,95.0,1.0,0.0,5.0,10.0,
1423421821584,95.0,1.0,0.0,21.0,10.0,
1423421826583,95.6,1.0,0.0,17.0,10.0,
1423421831584,95.6,1.0,0.0,10.0,10.0,
1423421836584,95.6,1.0,0.0,27.0,10.0,
1423421841584,95.6,1.0,0.0,27.0,10.0,
1423421846589,95.6,1.0,1.0,25.0,10.0,
1423421851585,95.6,1.0,0.0,12.0,10.0,
1423421856585,95.6,1.0,0.0,15.0,10.0,
1423421861585,95.6,1.0,0.0,23.0,10.0,
1423421866586,95.6,1.0,1.0,4.0,11.0,
1423421871586,95.6,1.0,1.0,30.0,10.0,
1423421876588,95.6,1.0,0.0,8.0,10.0,
1423421881587,95.6,1.0,0.0,8.0,10.0,
1423421886587,95.6,1.0,0.0,19.0,10.0,
1423421891587,95.6,1.0,0.0,7.0,10.0,
1423421896587,95.6,1.0,0.0,31.0,10.0,
1423421901588,95.6,1.0,0.0,4.0,10.0,
1423421906588,95.6,1.0,0.0,22.0,10.0,
1423421911588,95.6,1.0,0.0,0.0,10.0,
1423421916588,94.6,1.0,0.0,0.0,0.0,
1423421921590,94.6,1.0,0.0,0.0,0.0,
1423421926589,97.9,1.0,0.0,0.0,0.0,
1423421931589,97.9,1.0,0.0,6.0,10.0,
1423421936590,97.9,1.0,0.0,3.0,10.0,
1423421941590,97.9,1.0,0.0,7.0,10.0,
1423421946590,97.9,1.0,0.0,2.0,10.0,
1423421951590,97.9,1.0,0.0,8.0,10.0,
1423421956592,97.9,1.0,0.0,8.0,10.0,
1423421961591,97.9,1.0,0.0,1.0,10.0,
1423421966591,97.9,1.0,0.0,0.0,0.0,
1423421971592,97.9,1.0,0.0,9.0,10.0,
1423421976592,97.9,1.0,0.0,1.0,11.0,
1423421981593,97.9,1.0,0.0,8.0,10.0,
1423421986592,97.9,1.0,0.0,2.0,10.0,
1423421991607,97.9,1.0,0.0,7.0,10.0,
1423421996594,97.9,1.0,0.0,3.0,10.0,
1423422001593,97.9,1.0,0.0,3.0,10.0,
1423422006594,97.9,1.0,0.0,6.0,10.0,
1423422011594,97.9,1.0,0.0,6.0,10.0,
1423422016594,97.9,1.0,0.0,5.0,10.0,
1423422021597,97.1,1.0,0.0,4.0,10.0,
1423422026595,97.1,1.0,0.0,7.0,10.0,
1423422031595,97.1,1.0,1.0,2.0,12.0,
1423422036597,97.1,1.0,0.0,0.0,0.0,
1423422041596,97.1,1.0,0.0,0.0,0.0,
1423422046599,97.1,1.0,0.0,0.0,0.0,EventProcessingUnit,ScaleIn,
1423422051596,97.1,1.0,0.0,0.0,0.0,EventProcessingUnit,ScaleIn,
1423422056601,97.1,1.0,0.0,0.0,0.0,EventProcessingUnit,ScaleIn,
1423422061598,97.1,1.0,0.0,0.0,0.0,EventProcessingUnit,ScaleIn,
1423422066599,97.1,1.0,0.0,0.0,0.0,EventProcessingUnit,ScaleIn,
1423422071598,97.1,1.0,0.0,0.0,0.0,EventProcessingUnit,ScaleIn,
1423422076600,97.1,1.0,0.0,0.0,0.0,EventProcessingUnit,ScaleIn,
1423422081599,97.1,1.0,0.0,0.0,0.0,
1423422086599,97.1,1.0,0.0,0.0,0.0,
1423422091602,97.1,1.0,0.0,7.0,10.0,
1423422096602,97.1,1.0,0.0,7.0,10.0,
1423422101600,97.1,1.0,0.0,9.0,10.0,
1423422106600,96.2,1.0,0.0,5.0,10.0,
1423422111601,96.2,1.0,0.0,11.0,10.0,
1423422116603,96.2,1.0,0.0,3.0,10.0,
1423422121601,96.2,1.0,0.0,3.0,10.0,
1423422126601,96.2,1.0,1.0,1.0,17.0,
1423422131602,96.2,1.0,0.0,14.0,10.0,
1423422136602,96.2,1.0,0.0,0.0,0.0,
1423422141602,96.2,1.0,0.0,14.0,10.0,EventProcessingUnit,ScaleIn,
1423422146603,96.2,1.0,0.0,2.0,10.0,EventProcessingUnit,ScaleIn,
1423422151603,96.2,1.0,-1.0,-1.0,-1.0,EventProcessingUnit,ScaleIn,
1423422156606,96.2,1.0,-1.0,-1.0,-1.0,EventProcessingUnit,ScaleIn,
