1423483649283,50.9,1.0,EventProcessingUnit,ScaleOut,
1423483654167,56.3,1.0,0.0,0.0,0.0,EventProcessingUnit,ScaleOut,
1423483659169,56.3,1.0,0.0,43.0,10.0,EventProcessingUnit,ScaleOut,
1423483664168,56.3,1.0,0.0,3.0,10.0,EventProcessingUnit,ScaleOut,
1423483669167,56.3,1.0,0.0,38.0,10.0,EventProcessingUnit,ScaleOut,
1423483674167,65.1,1.0,0.0,19.0,10.0,EventProcessingUnit,ScaleOut,
1423483679169,65.1,1.0,0.0,21.0,10.0,EventProcessingUnit,ScaleOut,
1423483684173,65.1,1.0,0.0,36.0,10.0,EventProcessingUnit,ScaleOut,
1423483689168,65.1,1.0,1.0,4.0,10.0,EventProcessingUnit,ScaleOut,
1423483694169,77.9,1.0,0.0,44.0,10.0,EventProcessingUnit,ScaleOut,
1423483699169,77.9,1.0,0.0,14.0,10.0,EventProcessingUnit,ScaleOut,
1423483704172,77.9,1.0,0.0,28.0,10.0,EventProcessingUnit,ScaleOut,
1423483709217,77.9,1.0,0.0,30.0,10.0,EventProcessingUnit,ScaleOut,
1423483714197,85.5,1.0,1.0,10.0,10.0,
1423483719194,85.5,1.0,0.0,46.0,10.0,
1423483724194,85.5,1.0,0.0,7.0,10.0,
1423483729198,85.5,1.0,0.0,34.0,10.0,
1423483734198,84.2,1.0,0.0,23.0,10.0,
1423483739242,84.2,1.0,0.0,17.0,10.0,
1423483744247,84.2,1.0,0.0,40.0,10.0,
1423483749226,84.2,1.0,0.0,1.0,11.0,
1423483754682,84.2,1.0,1.0,39.0,10.0,
1423483759671,84.2,1.0,1.0,22.0,10.0,
1423483764672,84.2,1.0,0.0,35.0,10.0,
1423483769672,84.2,1.0,1.0,5.0,10.0,
1423483774672,84.2,1.0,0.0,45.0,10.0,
1423483779674,84.2,1.0,0.0,12.0,10.0,
1423483784674,84.2,1.0,0.0,28.0,10.0,
1423483789674,88.1,1.0,0.0,30.0,10.0,
1423483794674,88.1,1.0,0.0,10.0,10.0,
1423483799676,88.1,1.0,0.0,47.0,10.0,
1423483804676,88.1,1.0,0.0,0.0,0.0,
1423483806986,88.1,1.0,0.0,0.0,0.0,
1423483811983,92.7,1.0,0.0,0.0,0.0,
1423483816983,92.7,1.0,0.0,0.0,0.0,
1423483821984,92.7,1.0,0.0,0.0,0.0,
1423483826983,92.7,1.0,0.0,0.0,0.0,
1423483831984,92.7,1.0,0.0,0.0,0.0,
1423483836986,92.7,1.0,0.0,0.0,0.0,
1423483841988,92.7,1.0,0.0,0.0,0.0,
1423483846985,92.7,1.0,0.0,0.0,0.0,
1423483851988,96.9,1.0,0.0,0.0,0.0,
1423483856990,96.9,1.0,0.0,0.0,0.0,
1423483861988,96.9,1.0,0.0,0.0,0.0,
1423483866986,96.9,1.0,0.0,0.0,0.0,
1423483871994,96.9,1.0,0.0,0.0,0.0,
1423483876988,96.9,1.0,0.0,0.0,0.0,
1423483881988,96.9,1.0,0.0,0.0,0.0,
1423483886990,96.9,1.0,0.0,0.0,0.0,
1423483891993,95.1,1.0,0.0,0.0,0.0,
1423483896992,95.1,1.0,0.0,0.0,0.0,
1423483901992,95.1,1.0,0.0,0.0,0.0,
1423483906994,95.1,1.0,0.0,0.0,0.0,
1423483911993,96.8,1.0,0.0,0.0,0.0,
1423483916995,96.8,1.0,0.0,0.0,0.0,
1423483921994,96.8,1.0,0.0,0.0,0.0,
1423483926992,96.8,1.0,0.0,0.0,0.0,
1423483931992,96.8,1.0,0.0,0.0,0.0,
1423483936994,96.8,1.0,0.0,0.0,0.0,
1423483941994,96.8,1.0,0.0,0.0,0.0,
1423483946995,96.8,1.0,0.0,0.0,0.0,
1423483951993,96.8,1.0,0.0,0.0,0.0,
1423483956997,96.8,1.0,0.0,0.0,0.0,
1423483961994,96.8,1.0,0.0,0.0,0.0,
1423483966997,96.8,1.0,0.0,0.0,0.0,
1423483971994,96.8,1.0,0.0,0.0,0.0,
1423483976998,96.8,1.0,0.0,0.0,0.0,
1423483981995,96.8,1.0,0.0,0.0,0.0,
1423483986995,96.8,1.0,0.0,0.0,0.0,
1423483991998,96.8,1.0,0.0,0.0,0.0,
1423483997002,96.8,1.0,0.0,0.0,0.0,
1423484001998,96.5,1.0,0.0,0.0,0.0,
1423484006996,96.5,1.0,0.0,0.0,0.0,
1423484011999,96.5,1.0,0.0,0.0,0.0,
1423484016999,96.5,1.0,0.0,0.0,0.0,
1423484021999,96.5,1.0,0.0,0.0,0.0,
1423484027000,96.5,1.0,0.0,0.0,0.0,
1423484031999,96.5,1.0,0.0,0.0,0.0,
1423484037000,96.5,1.0,0.0,0.0,0.0,
1423484041999,96.5,1.0,0.0,0.0,0.0,
1423484046999,96.5,1.0,0.0,0.0,0.0,
1423484052000,96.5,1.0,0.0,0.0,0.0,
1423484057001,96.5,1.0,0.0,0.0,0.0,
1423484062002,96.5,1.0,0.0,0.0,0.0,
1423484067003,96.5,1.0,0.0,0.0,0.0,
1423484072003,96.5,1.0,0.0,0.0,0.0,
1423484077000,96.5,1.0,0.0,0.0,0.0,
1423484082001,96.5,1.0,0.0,0.0,0.0,EventProcessingUnit,ScaleIn,
1423484087001,96.5,1.0,-1.0,-1.0,-1.0,EventProcessingUnit,ScaleIn,
1423484092002,92.9,1.0,-1.0,-1.0,-1.0,EventProcessingUnit,ScaleIn,
1423485071438,48.5,1.0,0.0,0.0,0.0,EventProcessingUnit,ScaleOut,
1423485076454,48.5,1.0,4.0,56.0,1074.0,EventProcessingUnit,ScaleOut,
1423485081449,48.5,1.0,0.0,47.0,11.0,EventProcessingUnit,ScaleOut,
1423485086449,48.5,1.0,1.0,15.0,10.0,EventProcessingUnit,ScaleOut,
1423485091451,45.1,1.0,1.0,56.0,11.0,EventProcessingUnit,ScaleOut,
1423485096451,45.1,1.0,0.0,23.0,10.0,EventProcessingUnit,ScaleOut,
1423485101455,45.1,1.0,1.0,45.0,10.0,EventProcessingUnit,ScaleOut,
1423485106452,45.1,1.0,0.0,34.0,10.0,EventProcessingUnit,ScaleOut,
1423485111452,74.4,1.0,1.0,32.0,10.0,EventProcessingUnit,ScaleOut,
1423485116452,74.4,1.0,1.0,47.0,10.0,EventProcessingUnit,ScaleOut,
1423485121453,74.4,1.0,0.0,29.0,10.0,EventProcessingUnit,ScaleOut,
1423485126452,74.4,1.0,1.0,38.0,10.0,EventProcessingUnit,ScaleOut,
1423485131458,81.2,1.0,1.0,40.0,10.0,
1423485136455,81.2,1.0,0.0,25.0,10.0,
1423485141455,81.2,1.0,0.0,54.0,10.0,
1423485146456,81.2,1.0,0.0,14.0,10.0,
1423485151456,74.1,1.0,3.0,50.0,12.0,
1423485156458,74.1,1.0,1.0,77.0,53.0,
1423485161457,74.1,1.0,1.0,41.0,10.0,
1423485166457,74.1,1.0,1.0,80.0,46.0,
1423485171458,74.1,1.0,1.0,42.0,22.0,
1423485176458,74.1,1.0,8.0,74.0,20.0,
1423485181461,74.1,1.0,0.0,61.0,32.0,
1423485186459,74.1,1.0,1.0,55.0,10.0,
1423485191459,76.2,1.0,1.0,68.0,14.0,
1423485196458,76.2,1.0,1.0,50.0,10.0,
1423485201460,76.2,1.0,1.0,73.0,12.0,
1423485206460,76.2,1.0,1.0,52.0,11.0,
1423485211464,71.8,1.0,1.0,56.0,10.0,
1423485216486,71.8,1.0,0.0,71.0,16.0,
1423485221475,71.8,1.0,1.0,53.0,10.0,
1423485226476,71.8,1.0,1.0,66.0,13.0,
1423485231481,74.8,1.0,14.0,89.0,112.0,
1423485236480,74.8,1.0,2.0,81.0,77.0,
1423485241483,74.8,1.0,19.0,88.0,89.0,
1423485246481,74.8,1.0,0.0,84.0,122.0,
1423485251520,69.0,1.0,12.0,79.0,66.0,
1423485256508,69.0,1.0,7.0,90.0,123.0,
1423485261508,69.0,1.0,10.0,77.0,46.0,
1423485266508,69.0,1.0,5.0,91.0,117.0,
1423485271510,73.1,1.0,3.0,80.0,42.0,
1423485276508,73.1,1.0,9.0,89.0,75.0,
1423485281511,73.1,1.0,2.0,84.0,53.0,
1423485286511,73.1,1.0,6.0,86.0,63.0,
1423485291520,74.7,1.0,2.0,81.0,42.0,
1423485296514,74.7,1.0,6.0,84.0,32.0,
1423485301517,74.7,1.0,4.0,87.0,36.0,
1423485306514,74.7,1.0,1.0,85.0,27.0,
1423485311516,72.4,1.0,1.0,79.0,15.0,
1423485316515,72.4,1.0,7.0,90.0,43.0,
1423485321534,72.4,1.0,2.0,82.0,36.0,
1423485326520,72.4,1.0,9.0,87.0,58.0,
1423485331524,74.4,1.0,47.0,89.0,691.0,
1423485336522,74.4,1.0,171.0,50.0,5212.0,
1423485341522,74.4,1.0,171.0,50.0,5212.0,
1423485346522,74.4,1.0,171.0,50.0,5212.0,
1423485351522,74.4,1.0,199.0,11.0,13298.0,
1423485356522,74.4,1.0,199.0,11.0,13298.0,
1423485361521,74.4,1.0,199.0,11.0,13298.0,
1423485366521,74.4,1.0,199.0,11.0,13298.0,
1423485371522,74.4,1.0,199.0,11.0,13298.0,
1423485376524,74.4,1.0,199.0,11.0,13298.0,
1423485381584,74.4,1.0,199.0,11.0,13298.0,
1423485386577,74.4,1.0,199.0,11.0,13298.0,
1423485391576,74.4,1.0,199.0,11.0,13298.0,
1423485396575,74.4,1.0,199.0,11.0,13298.0,
1423485401575,74.4,1.0,199.0,11.0,13298.0,
1423485406578,74.4,1.0,199.0,11.0,13298.0,
1423485411578,74.4,1.0,199.0,11.0,13298.0,
1423485416578,74.4,1.0,199.0,11.0,13298.0,
1423485421600,74.4,1.0,199.0,0.0,48761.0,
1423485426596,74.4,1.0,199.0,0.0,48761.0,
1423485431595,74.4,1.0,199.0,0.0,48761.0,
1423485436595,74.4,1.0,199.0,0.0,48761.0,
1423485441599,74.4,1.0,199.0,0.0,48761.0,
1423485446598,74.4,1.0,199.0,0.0,48761.0,
1423485451603,74.4,1.0,199.0,0.0,48761.0,
1423485456599,74.4,1.0,199.0,0.0,48761.0,
1423485461601,74.4,1.0,199.0,0.0,48761.0,
1423485466600,74.4,1.0,199.0,0.0,48761.0,
1423485471600,74.4,1.0,199.0,0.0,48761.0,
1423485476603,74.4,1.0,199.0,0.0,48761.0,
1423485481601,74.4,1.0,199.0,0.0,48761.0,
1423485486604,74.4,1.0,199.0,0.0,48761.0,
1423485491602,74.4,1.0,199.0,0.0,48761.0,
1423485496602,74.4,1.0,199.0,0.0,48761.0,
1423485501602,74.4,1.0,199.0,0.0,48761.0,
1423485506604,74.4,1.0,199.0,0.0,48761.0,
1423485511605,74.4,1.0,199.0,0.0,48761.0,
1423485516642,74.4,1.0,199.0,0.0,48761.0,
1423485521636,74.4,1.0,199.0,0.0,48761.0,
1423485526636,74.4,1.0,199.0,0.0,48761.0,
1423485531637,74.4,1.0,199.0,0.0,48761.0,
1423485536637,74.4,1.0,199.0,0.0,48761.0,
1423485541637,74.4,1.0,199.0,0.0,48761.0,
1423485546638,74.4,1.0,199.0,0.0,48761.0,
1423485551639,74.4,1.0,199.0,0.0,48761.0,
1423485556639,74.4,1.0,199.0,0.0,48761.0,
1423485561639,74.4,1.0,199.0,0.0,48761.0,
1423485566640,74.4,1.0,199.0,0.0,48761.0,
1423485571640,71.8,1.0,-1.0,45.0,510857.0,
1423485576653,79.4,1.0,199.0,0.0,519736.0,
1423485581641,79.4,1.0,199.0,0.0,519736.0,
1423485586640,79.4,1.0,199.0,0.0,519736.0,
1423485591641,79.4,1.0,199.0,33.0,245953.0,
1423485596640,79.4,1.0,200.0,46.0,105704.0,
1423485601641,79.4,1.0,200.0,46.0,105704.0,
1423485606641,76.4,1.0,200.0,0.0,12011.0,
1423485611642,76.4,1.0,200.0,0.0,12011.0,
1423485616642,76.4,1.0,200.0,0.0,12011.0,
1423485621642,76.4,1.0,200.0,0.0,12011.0,
1423485626642,76.4,1.0,200.0,0.0,12011.0,
1423485631642,76.4,1.0,200.0,0.0,12011.0,
1423485636644,76.4,1.0,200.0,0.0,12011.0,
1423485641643,76.4,1.0,200.0,0.0,12011.0,
1423485646643,76.4,1.0,200.0,0.0,12011.0,
1423485651644,76.4,1.0,200.0,0.0,12011.0,
1423485656644,76.4,1.0,200.0,0.0,12011.0,
1423485661644,76.4,1.0,200.0,0.0,12011.0,
1423485666644,76.4,1.0,200.0,0.0,12011.0,
1423485671645,76.4,1.0,200.0,0.0,12011.0,
1423485676645,78.5,1.0,200.0,42.0,508500.0,
1423485681646,78.5,1.0,200.0,42.0,508500.0,
1423485686649,78.5,1.0,199.0,35.0,52031.0,
1423485691649,78.5,1.0,199.0,35.0,52031.0,
1423485696649,78.5,1.0,199.0,35.0,52031.0,
1423485701648,78.5,1.0,199.0,35.0,52031.0,
1423485706649,78.5,1.0,199.0,35.0,52031.0,
1423485711649,78.5,1.0,199.0,35.0,52031.0,
1423485716651,78.5,1.0,199.0,35.0,52031.0,
1423485721651,78.5,1.0,198.0,0.0,18749.0,
1423485726650,76.2,1.0,200.0,46.0,526725.0,
1423485731649,76.2,1.0,200.0,26.0,17631.0,
1423485736650,76.2,1.0,165.0,40.0,10545.0,
1423485741651,78.5,1.0,57.0,49.0,2799.0,
1423485746649,78.5,1.0,0.0,68.0,11.0,
1423485751650,78.5,1.0,1.0,29.0,10.0,
1423485756650,78.5,1.0,2.0,61.0,11.0,
1423485761651,87.5,1.0,0.0,53.0,16.0,
1423485766650,87.5,1.0,1.0,29.0,10.0,
1423485771651,87.5,1.0,1.0,67.0,11.0,
1423485776655,87.5,1.0,0.0,30.0,10.0,
1423485781653,87.5,1.0,1.0,67.0,13.0,
1423485786651,87.5,1.0,0.0,36.0,10.0,
1423485791653,87.5,1.0,1.0,44.0,10.0,
1423485796653,87.5,1.0,1.0,66.0,20.0,
1423485801654,87.5,1.0,1.0,29.0,10.0,
1423485806654,87.5,1.0,0.0,68.0,11.0,
1423485811655,87.5,1.0,1.0,28.0,10.0,
1423485816668,87.5,1.0,1.0,57.0,11.0,
1423485821653,87.5,1.0,0.0,57.0,11.0,
1423485826657,87.5,1.0,0.0,29.0,10.0,
1423485831657,87.5,1.0,1.0,68.0,12.0,
1423485836654,87.5,1.0,0.0,28.0,10.0,
1423485841660,87.5,1.0,2.0,66.0,14.0,
1423485846657,87.5,1.0,0.0,45.0,11.0,
1423485851657,88.5,1.0,3.0,32.0,11.0,
1423485856656,88.5,1.0,0.0,77.0,11.0,
1423485861658,88.5,1.0,1.0,46.0,10.0,
1423485866657,88.5,1.0,0.0,73.0,13.0,
1423485871657,88.5,1.0,0.0,55.0,20.0,
1423485876656,88.5,1.0,2.0,51.0,11.0,
1423485881660,85.5,1.0,0.0,85.0,47.0,
1423485886659,85.5,1.0,0.0,31.0,10.0,
1423485891660,85.5,1.0,7.0,83.0,78.0,
1423485896660,85.5,1.0,0.0,44.0,78.0,
1423485901658,85.5,1.0,12.0,70.0,40.0,
1423485906660,85.5,1.0,0.0,66.0,81.0,
1423485911660,85.5,1.0,1.0,43.0,11.0,
1423485916661,85.5,1.0,4.0,89.0,79.0,
1423485921660,83.5,1.0,1.0,61.0,22.0,
1423485926661,83.5,1.0,8.0,80.0,41.0,
1423485931662,83.5,1.0,0.0,68.0,40.0,
1423485936662,83.5,1.0,4.0,67.0,13.0,
1423485941662,83.5,1.0,1.0,86.0,52.0,
1423485946662,83.5,1.0,1.0,59.0,10.0,
1423485951661,83.5,1.0,3.0,84.0,46.0,
1423485956665,83.5,1.0,1.0,64.0,18.0,
1423485961663,82.6,1.0,7.0,78.0,21.0,
1423485966665,82.6,1.0,1.0,77.0,32.0,
1423485971662,82.6,1.0,0.0,63.0,10.0,
1423485976662,82.6,1.0,0.0,83.0,38.0,
1423485981664,82.6,1.0,1.0,64.0,10.0,
1423485986670,82.6,1.0,2.0,81.0,27.0,
1423485991666,82.6,1.0,1.0,69.0,20.0,
1423485996666,82.6,1.0,3.0,68.0,11.0,
1423486001667,82.6,1.0,1.0,82.0,32.0,
1423486006665,82.6,1.0,0.0,65.0,11.0,
1423486011667,82.6,1.0,1.0,82.0,33.0,
1423486016667,82.6,1.0,1.0,66.0,12.0,
1423486021668,82.6,1.0,6.0,75.0,20.0,
1423486026668,82.6,1.0,1.0,80.0,28.0,
1423486031669,82.6,1.0,0.0,64.0,10.0,
1423486036669,82.6,1.0,1.0,82.0,25.0,
1423486041669,83.0,1.0,1.0,64.0,10.0,
1423486046669,83.0,1.0,3.0,80.0,32.0,
1423486051667,83.0,1.0,1.0,69.0,25.0,
1423486056670,83.0,1.0,5.0,70.0,13.0,
1423486061672,83.0,1.0,0.0,81.0,22.0,
1423486066671,83.0,1.0,1.0,63.0,10.0,
1423486071672,83.0,1.0,1.0,82.0,22.0,
1423486076671,83.0,1.0,0.0,64.0,10.0,
1423486081671,83.0,1.0,6.0,71.0,22.0,
1423486086671,83.0,1.0,0.0,76.0,22.0,
1423486091672,83.0,1.0,1.0,68.0,10.0,
1423486096672,83.0,1.0,1.0,79.0,23.0,
1423486101672,83.2,1.0,1.0,68.0,11.0,
1423486106673,83.2,1.0,1.0,78.0,18.0,
1423486111673,83.2,1.0,1.0,70.0,13.0,
1423486116673,83.2,1.0,2.0,67.0,10.0,
1423486121675,83.2,1.0,1.0,79.0,20.0,
1423486126675,83.2,1.0,1.0,69.0,11.0,
1423486131676,83.2,1.0,1.0,77.0,20.0,
1423486136675,83.2,1.0,0.0,69.0,10.0,
1423486141676,83.2,1.0,4.0,74.0,18.0,
1423486146674,83.2,1.0,0.0,79.0,18.0,
1423486151675,83.2,1.0,1.0,65.0,10.0,
1423486156676,83.2,1.0,1.0,80.0,20.0,
1423486161675,83.2,1.0,0.0,66.0,10.0,
1423486166718,83.2,1.0,3.0,79.0,32.0,
1423486171694,83.2,1.0,1.0,69.0,21.0,
1423486176696,83.2,1.0,3.0,75.0,12.0,
1423486181695,79.8,1.0,1.0,76.0,17.0,
1423486186695,79.8,1.0,2.0,66.0,10.0,
1423486191695,79.8,1.0,1.0,80.0,17.0,
1423486196697,79.8,1.0,1.0,68.0,10.0,
1423486201696,82.5,1.0,0.0,77.0,12.0,
1423486206695,82.5,1.0,2.0,70.0,11.0,
1423486211697,82.5,1.0,1.0,75.0,12.0,
1423486216696,82.5,1.0,1.0,70.0,11.0,
1423486221697,82.5,1.0,1.0,76.0,11.0,
1423486226697,82.5,1.0,1.0,69.0,10.0,
1423486231698,82.5,1.0,1.0,76.0,16.0,
1423486236698,82.5,1.0,1.0,71.0,14.0,
1423486241699,84.1,1.0,2.0,72.0,10.0,
1423486246699,84.1,1.0,1.0,77.0,13.0,
1423486251699,84.1,1.0,1.0,69.0,10.0,
1423486256699,84.1,1.0,1.0,76.0,13.0,
1423486261699,84.1,1.0,11.0,77.0,33.0,
1423486266700,84.1,1.0,54.0,90.0,510.0,
1423486271700,84.1,1.0,56.0,57.0,1674.0,
1423486276700,84.1,1.0,107.0,41.0,3702.0,
1423486281701,79.8,1.0,122.0,27.0,8460.0,
1423486286701,79.8,1.0,158.0,37.0,8903.0,
1423486291701,79.8,1.0,193.0,6.0,72952.0,
1423486296701,79.8,1.0,193.0,6.0,72952.0,
1423486301702,79.8,1.0,199.0,0.0,514900.0,
1423486306702,79.8,1.0,200.0,14.0,37810.0,
1423486311702,79.8,1.0,200.0,0.0,11210.0,
1423486316704,79.8,1.0,200.0,21.0,53797.0,
1423486321703,79.8,1.0,192.0,1.0,509054.0,
1423486326706,79.8,1.0,0.0,80.0,103.0,
1423486331701,79.8,1.0,0.0,30.0,10.0,
1423486336702,79.8,1.0,1.0,59.0,11.0,
1423486341704,88.9,1.0,0.0,31.0,11.0,
1423486346704,88.9,1.0,1.0,32.0,10.0,
1423486351705,88.9,1.0,1.0,53.0,10.0,
1423486356706,88.9,1.0,4.0,54.0,117.0,
1423486361704,86.2,1.0,22.0,92.0,143.0,
1423486366705,86.2,1.0,1.0,57.0,164.0,
1423486371707,86.2,1.0,21.0,83.0,92.0,
1423486376707,86.2,1.0,0.0,70.0,144.0,
1423486381707,82.3,1.0,11.0,70.0,34.0,
1423486386707,82.3,1.0,0.0,84.0,87.0,
1423486391707,82.3,1.0,1.0,60.0,10.0,
1423486396709,82.3,1.0,1.0,83.0,27.0,
1423486401708,82.3,1.0,1.0,67.0,10.0,
1423486406710,82.3,1.0,1.0,75.0,12.0,
1423486411708,82.3,1.0,1.0,75.0,11.0,
1423486416709,82.3,1.0,1.0,68.0,15.0,
1423486421709,82.3,1.0,4.0,73.0,13.0,
1423486426715,82.3,1.0,0.0,85.0,46.0,
1423486431712,82.3,1.0,2.0,53.0,11.0,
1423486436709,82.3,1.0,14.0,91.0,97.0,
1423486441712,82.3,1.0,1.0,82.0,128.0,
1423486446712,82.3,1.0,22.0,86.0,93.0,
1423486451710,82.3,1.0,1.0,90.0,205.0,
1423486456713,82.3,1.0,14.0,80.0,66.0,
1423486461713,80.0,1.0,14.0,91.0,267.0,
1423486466713,80.0,1.0,10.0,78.0,129.0,
1423486471717,80.0,1.0,29.0,91.0,282.0,
1423486476714,80.0,1.0,3.0,80.0,281.0,
1423486481712,80.0,1.0,37.0,90.0,197.0,
1423486486712,80.0,1.0,1.0,82.0,279.0,
1423486491713,80.0,1.0,29.0,78.0,119.0,
1423486496715,80.0,1.0,4.0,93.0,285.0,
1423486501716,80.0,1.0,14.0,80.0,72.0,
1423486506714,80.0,1.0,19.0,93.0,248.0,
1423486511717,80.0,1.0,1.0,82.0,133.0,
1423486516718,80.0,1.0,21.0,91.0,156.0,
1423486521716,80.0,1.0,1.0,83.0,129.0,
1423486526722,80.0,1.0,14.0,88.0,74.0,
1423486531720,80.0,1.0,1.0,85.0,77.0,
1423486536720,80.0,1.0,4.0,84.0,22.0,
1423486541719,80.0,1.0,3.0,87.0,22.0,
1423486546721,80.0,1.0,3.0,88.0,25.0,
1423486551719,80.5,1.0,1.0,79.0,15.0,
1423486556719,80.5,1.0,6.0,90.0,58.0,
1423486561720,80.5,1.0,0.0,83.0,51.0,
1423486566720,80.5,1.0,14.0,85.0,81.0,
1423486571720,80.5,1.0,2.0,85.0,154.0,
1423486576741,80.5,1.0,17.0,80.0,59.0,
1423486581745,80.5,1.0,6.0,92.0,224.0,
1423486586744,80.5,1.0,12.0,78.0,100.0,
1423486591743,80.5,1.0,23.0,92.0,242.0,
1423486596744,80.5,1.0,5.0,79.0,239.0,
1423486601744,80.5,1.0,40.0,91.0,212.0,
1423486606742,80.5,1.0,1.0,84.0,315.0,
1423486611745,80.5,1.0,28.0,81.0,126.0,
1423486616745,80.5,1.0,6.0,92.0,295.0,
1423486621744,80.1,1.0,11.0,80.0,78.0,
1423486626743,80.1,1.0,18.0,92.0,228.0,
1423486631744,80.1,1.0,1.0,79.0,115.0,EventProcessingUnit,ScaleOut,
1423486636746,80.1,1.0,19.0,91.0,146.0,EventProcessingUnit,ScaleOut,
1423486641747,80.1,1.0,2.0,84.0,132.0,EventProcessingUnit,ScaleOut,
1423486646749,80.1,1.0,16.0,85.0,84.0,EventProcessingUnit,ScaleOut,
1423486651747,80.1,1.0,2.0,87.0,100.0,EventProcessingUnit,ScaleOut,
1423486656748,80.1,1.0,5.0,82.0,20.0,EventProcessingUnit,ScaleOut,
1423486661755,80.1,1.0,2.0,90.0,30.0,EventProcessingUnit,ScaleOut,
1423486666751,80.1,1.0,2.0,84.0,18.0,EventProcessingUnit,ScaleOut,
1423486671750,80.1,1.0,0.0,84.0,15.0,EventProcessingUnit,ScaleOut,
1423486676749,80.1,1.0,1.0,91.0,42.0,EventProcessingUnit,ScaleOut,
1423486681750,80.1,1.0,1.0,82.0,32.0,EventProcessingUnit,ScaleOut,
1423486686751,80.1,1.0,11.0,89.0,77.0,EventProcessingUnit,ScaleOut,
1423486691751,80.1,1.0,2.0,81.0,109.0,EventProcessingUnit,ScaleOut,
1423486696751,80.1,1.0,15.0,88.0,49.0,EventProcessingUnit,ScaleOut,
1423486701752,80.1,1.0,0.0,92.0,176.0,EventProcessingUnit,ScaleOut,
1423486706752,80.1,1.0,10.0,77.0,41.0,EventProcessingUnit,ScaleOut,
1423486711753,80.3,1.0,15.0,92.0,219.0,EventProcessingUnit,ScaleOut,
1423486716752,80.3,1.0,4.0,78.0,121.0,EventProcessingUnit,ScaleOut,
1423486721753,80.3,1.0,30.0,91.0,189.0,EventProcessingUnit,ScaleOut,
1423486726754,80.3,1.0,0.0,79.0,244.0,EventProcessingUnit,ScaleOut,
1423486731753,80.3,1.0,28.0,83.0,143.0,EventProcessingUnit,ScaleOut,
1423486736752,80.3,1.0,4.0,92.0,276.0,EventProcessingUnit,ScaleOut,
1423486741754,80.3,1.0,15.0,79.0,77.0,EventProcessingUnit,ScaleOut,
1423486746752,80.3,1.0,15.0,92.0,256.0,EventProcessingUnit,ScaleOut,
1423486751752,80.3,1.0,6.0,79.0,107.0,EventProcessingUnit,ScaleOut,
1423486756761,80.3,1.0,24.0,91.0,173.0,EventProcessingUnit,ScaleOut,
1423486761759,80.3,1.0,1.0,82.0,148.0,EventProcessingUnit,ScaleOut,
1423486766759,80.3,1.0,17.0,86.0,81.0,EventProcessingUnit,ScaleOut,
1423486771760,80.3,1.0,1.0,89.0,131.0,EventProcessingUnit,ScaleOut,
1423486776760,80.3,1.0,11.0,80.0,35.0,EventProcessingUnit,ScaleOut,
1423486781761,80.3,1.0,3.0,92.0,90.0,EventProcessingUnit,ScaleOut,
1423486786760,80.3,1.0,1.0,79.0,18.0,EventProcessingUnit,ScaleOut,
1423486791761,80.3,1.0,2.0,91.0,15.0,EventProcessingUnit,ScaleOut,
1423486796763,80.3,1.0,2.0,86.0,29.0,EventProcessingUnit,ScaleOut,
1423486801761,80.5,1.0,1.0,79.0,11.0,EventProcessingUnit,ScaleOut,
1423486806763,80.5,1.0,8.0,92.0,74.0,EventProcessingUnit,ScaleOut,
1423486811761,80.5,1.0,1.0,78.0,57.0,EventProcessingUnit,ScaleOut,
1423486816760,80.5,1.0,14.0,91.0,42.0,EventProcessingUnit,ScaleOut,
1423486821762,78.7,1.0,0.0,89.0,139.0,EventProcessingUnit,ScaleOut,
1423486826764,78.7,1.0,8.0,79.0,27.0,EventProcessingUnit,ScaleOut,
1423486831763,78.7,1.0,11.0,92.0,183.0,EventProcessingUnit,ScaleOut,
1423486836763,78.7,1.0,4.0,78.0,91.0,EventProcessingUnit,ScaleOut,
1423486841764,78.7,1.0,25.0,92.0,174.0,EventProcessingUnit,ScaleOut,
1423486846764,78.7,1.0,1.0,80.0,211.0,EventProcessingUnit,ScaleOut,
1423486851764,78.7,1.0,24.0,84.0,135.0,EventProcessingUnit,ScaleOut,
1423486856764,78.7,1.0,1.0,92.0,223.0,EventProcessingUnit,ScaleOut,
1423486861765,78.7,1.0,15.0,79.0,69.0,EventProcessingUnit,ScaleOut,
1423486866765,78.7,1.0,12.0,92.0,216.0,EventProcessingUnit,ScaleOut,
1423486871765,78.7,1.0,6.0,79.0,98.0,EventProcessingUnit,ScaleOut,
1423486876766,78.7,1.0,21.0,92.0,162.0,EventProcessingUnit,ScaleOut,
1423486881766,78.7,1.0,1.0,83.0,130.0,EventProcessingUnit,ScaleOut,
1423486886766,78.7,1.0,15.0,86.0,88.0,EventProcessingUnit,ScaleOut,
1423486891767,78.7,1.0,1.0,88.0,116.0,EventProcessingUnit,ScaleOut,
1423486896767,78.7,1.0,9.0,79.0,32.0,EventProcessingUnit,ScaleOut,
1423486901767,78.7,1.0,5.0,92.0,103.0,EventProcessingUnit,ScaleOut,
1423486906767,78.7,1.0,1.0,79.0,34.0,EventProcessingUnit,ScaleOut,
1423486911766,80.9,1.0,5.0,90.0,34.0,EventProcessingUnit,ScaleOut,
1423486916778,80.9,1.0,1.0,87.0,49.0,EventProcessingUnit,ScaleOut,
1423486921766,80.9,1.0,3.0,80.0,20.0,EventProcessingUnit,ScaleOut,
1423486926766,80.9,1.0,6.0,92.0,87.0,EventProcessingUnit,ScaleOut,
1423486931768,80.9,1.0,3.0,79.0,48.0,EventProcessingUnit,ScaleOut,
1423486936769,80.9,1.0,15.0,92.0,71.0,EventProcessingUnit,ScaleOut,
1423486941767,80.9,1.0,1.0,83.0,116.0,EventProcessingUnit,ScaleOut,
1423486946770,80.9,1.0,9.0,85.0,29.0,EventProcessingUnit,ScaleOut,
1423486951770,80.9,1.0,5.0,91.0,159.0,EventProcessingUnit,ScaleOut,
1423486956770,80.9,1.0,4.0,80.0,42.0,EventProcessingUnit,ScaleOut,
1423486961770,79.6,1.0,18.0,92.0,159.0,EventProcessingUnit,ScaleOut,
1423486966771,79.6,1.0,2.0,78.0,135.0,EventProcessingUnit,ScaleOut,
1423486971772,79.6,1.0,23.0,92.0,116.0,EventProcessingUnit,ScaleOut,
1423486976771,79.6,1.0,1.0,88.0,199.0,EventProcessingUnit,ScaleOut,
1423486981770,81.1,1.0,17.0,81.0,79.0,EventProcessingUnit,ScaleOut,
1423486986772,81.1,1.0,11.0,92.0,202.0,EventProcessingUnit,ScaleOut,
1423486991772,81.1,1.0,6.0,79.0,91.0,EventProcessingUnit,ScaleOut,
1423486996773,81.1,1.0,19.0,93.0,143.0,EventProcessingUnit,ScaleOut,
1423487001773,81.1,1.0,1.0,81.0,106.0,EventProcessingUnit,ScaleOut,
1423487006774,81.1,1.0,15.0,85.0,85.0,EventProcessingUnit,ScaleOut,
1423487011773,81.1,1.0,1.0,91.0,131.0,EventProcessingUnit,ScaleOut,
1423487016772,81.1,1.0,0.0,57.0,10.0,EventProcessingUnit,ScaleOut,
1423487021774,82.7,1.0,0.0,62.0,10.0,EventProcessingUnit,ScaleOut,
1423487026774,82.7,1.0,1.0,46.0,10.0,EventProcessingUnit,ScaleOut,
1423487031772,82.7,1.0,0.0,64.0,10.0,EventProcessingUnit,ScaleOut,
1423487036775,82.7,1.0,0.0,55.0,10.0,EventProcessingUnit,ScaleOut,
1423487041774,86.6,1.0,1.0,57.0,10.0,EventProcessingUnit,ScaleOut,
1423487046773,86.6,1.0,1.0,61.0,10.0,EventProcessingUnit,ScaleOut,
1423487051776,86.6,1.0,1.0,46.0,10.0,EventProcessingUnit,ScaleOut,
1423487056776,86.6,1.0,1.0,72.0,10.0,EventProcessingUnit,ScaleOut,
1423487061776,86.6,1.0,0.0,45.0,10.0,EventProcessingUnit,ScaleOut,
1423487066776,86.6,1.0,1.0,64.0,10.0,EventProcessingUnit,ScaleOut,
1423487071777,86.6,1.0,0.0,57.0,10.0,
1423487076777,86.6,1.0,1.0,51.0,10.0,
1423487081778,86.6,1.0,1.0,70.0,10.0,
1423487086776,86.6,1.0,1.0,39.0,10.0,
1423487091777,86.6,1.0,1.0,78.0,11.0,
1423487096777,86.6,1.0,0.0,41.0,10.0,
1423487101778,86.6,1.0,1.0,67.0,11.0,
1423487106797,86.6,1.0,1.0,53.0,10.0,
1423487111800,86.6,1.0,1.0,53.0,10.0,
1423487116798,86.6,1.0,0.0,68.0,11.0,
1423487121799,86.6,1.0,1.0,42.0,10.0,
1423487126799,86.6,1.0,1.0,77.0,12.0,
1423487131800,86.4,1.0,0.0,44.0,10.0,
1423487136799,86.4,1.0,1.0,70.0,12.0,
1423487141801,86.4,1.0,0.0,48.0,10.0,
1423487146800,86.4,1.0,0.0,60.0,10.0,
1423487151801,86.4,1.0,0.0,61.0,10.0,
1423487156799,86.4,1.0,2.0,46.0,10.0,
1423487161802,86.4,1.0,0.0,67.0,10.0,
1423487166801,86.4,1.0,1.0,51.0,10.0,
1423487171801,86.4,1.0,0.0,62.0,10.0,
1423487176802,86.4,1.0,0.0,57.0,10.0,
1423487181803,86.4,1.0,1.0,54.0,10.0,
1423487186802,86.4,1.0,1.0,64.0,10.0,
1423487191804,86.4,1.0,0.0,47.0,10.0,
1423487196803,86.4,1.0,1.0,61.0,10.0,
1423487201803,86.4,1.0,0.0,60.0,10.0,
1423487206803,86.4,1.0,1.0,49.0,10.0,
1423487211804,86.4,1.0,1.0,68.0,10.0,
1423487216802,86.4,1.0,1.0,43.0,10.0,
1423487221805,87.3,1.0,1.0,74.0,12.0,
1423487226805,87.3,1.0,0.0,40.0,10.0,
1423487231805,87.3,1.0,1.0,69.0,11.0,
1423487236803,87.3,1.0,0.0,51.0,10.0,
1423487241805,87.3,1.0,1.0,54.0,10.0,
1423487246806,87.3,1.0,1.0,66.0,11.0,
1423487251804,87.3,1.0,1.0,43.0,10.0,
1423487256807,87.3,1.0,1.0,77.0,11.0,
1423487261807,87.3,1.0,0.0,39.0,10.0,
1423487266805,87.3,1.0,2.0,72.0,11.0,
1423487271806,87.3,1.0,1.0,48.0,10.0,
1423487276806,87.3,1.0,2.0,59.0,10.0,
1423487281807,87.3,1.0,1.0,61.0,10.0,
1423487286808,87.3,1.0,1.0,47.0,10.0,
1423487291808,87.3,1.0,1.0,70.0,10.0,
1423487296810,87.3,1.0,1.0,48.0,10.0,
1423487301809,87.3,1.0,1.0,63.0,10.0,
1423487306809,87.3,1.0,0.0,56.0,10.0,
1423487311809,86.3,1.0,0.0,54.0,10.0,
1423487316811,86.3,1.0,0.0,64.0,10.0,
1423487321810,86.3,1.0,0.0,48.0,10.0,
1423487326810,86.3,1.0,0.0,62.0,10.0,
1423487331809,86.3,1.0,1.0,56.0,10.0,
1423487336811,86.3,1.0,1.0,54.0,10.0,
1423487341811,86.3,1.0,1.0,64.0,11.0,
1423487346811,86.3,1.0,1.0,46.0,10.0,
1423487351812,86.3,1.0,1.0,72.0,11.0,
1423487356812,86.3,1.0,1.0,40.0,10.0,
1423487361812,86.3,1.0,1.0,67.0,12.0,
1423487366813,86.3,1.0,0.0,55.0,11.0,
1423487371813,86.3,1.0,1.0,54.0,11.0,
1423487376814,86.3,1.0,0.0,67.0,10.0,
1423487381813,86.3,1.0,2.0,40.0,10.0,
1423487386816,86.3,1.0,1.0,81.0,11.0,
1423487391814,86.3,1.0,0.0,35.0,10.0,
1423487396815,86.3,1.0,1.0,73.0,11.0,
1423487401815,87.0,1.0,0.0,48.0,10.0,
1423487406816,87.0,1.0,2.0,59.0,11.0,
1423487411816,87.0,1.0,1.0,60.0,10.0,
1423487416814,87.0,1.0,1.0,47.0,11.0,
1423487421817,87.0,1.0,0.0,73.0,10.0,
1423487426817,87.0,1.0,0.0,42.0,10.0,
1423487431816,87.0,1.0,0.0,69.0,10.0,
1423487436818,87.0,1.0,1.0,49.0,10.0,
1423487441815,87.0,1.0,1.0,63.0,10.0,
1423487446815,87.0,1.0,1.0,56.0,11.0,
1423487451818,87.0,1.0,1.0,51.0,10.0,
1423487456830,87.0,1.0,0.0,68.0,10.0,
1423487461831,83.0,1.0,1.0,41.0,10.0,
1423487466830,83.0,1.0,0.0,61.0,10.0,
1423487471831,83.0,1.0,1.0,58.0,10.0,
1423487476832,83.0,1.0,0.0,53.0,10.0,
1423487481831,86.9,1.0,0.0,65.0,10.0,
1423487486832,86.9,1.0,1.0,45.0,10.0,
1423487491832,86.9,1.0,1.0,68.0,10.0,
1423487496832,86.9,1.0,1.0,53.0,10.0,
1423487501830,86.9,1.0,1.0,55.0,10.0,
1423487506833,86.9,1.0,1.0,65.0,10.0,
1423487511834,86.9,1.0,0.0,46.0,10.0,
1423487516833,86.9,1.0,0.0,76.0,11.0,
1423487521833,86.9,1.0,1.0,40.0,10.0,
1423487526834,86.9,1.0,1.0,67.0,11.0,
1423487531834,86.9,1.0,0.0,53.0,11.0,
1423487536835,86.9,1.0,1.0,56.0,10.0,
1423487541835,87.1,1.0,1.0,65.0,10.0,
1423487546835,87.1,1.0,1.0,44.0,10.0,
1423487551836,87.1,1.0,1.0,76.0,12.0,
1423487556836,87.1,1.0,1.0,39.0,10.0,
1423487561836,87.1,1.0,2.0,70.0,10.0,
1423487566836,87.1,1.0,1.0,48.0,10.0,
1423487571836,87.1,1.0,1.0,61.0,10.0,
1423487576837,87.1,1.0,0.0,60.0,10.0,
1423487581837,87.1,1.0,1.0,48.0,10.0,
1423487586837,87.1,1.0,0.0,71.0,10.0,
1423487591839,87.1,1.0,1.0,46.0,10.0,
1423487596838,87.1,1.0,1.0,65.0,10.0,
1423487601838,87.1,1.0,1.0,54.0,10.0,
1423487606839,87.1,1.0,1.0,57.0,10.0,
1423487611839,87.1,1.0,0.0,62.0,10.0,
1423487616837,87.1,1.0,1.0,49.0,10.0,
1423487621837,87.1,1.0,1.0,66.0,11.0,
1423487626839,87.1,1.0,1.0,38.0,10.0,
1423487631839,86.9,1.0,1.0,53.0,10.0,
1423487636838,86.9,1.0,1.0,46.0,10.0,
1423487641848,89.3,1.0,1.0,18.0,10.0,
1423487646850,89.3,1.0,0.0,52.0,10.0,
1423487651852,89.3,1.0,1.0,8.0,11.0,
1423487656852,89.3,1.0,0.0,55.0,10.0,
1423487661852,92.2,1.0,0.0,18.0,10.0,
1423487666851,92.2,1.0,0.0,39.0,10.0,
1423487671934,92.2,1.0,0.0,35.0,10.0,
1423487676870,92.2,1.0,1.0,23.0,10.0,
1423487681873,92.2,1.0,0.0,50.0,10.0,
1423487686872,92.2,1.0,1.0,10.0,10.0,
1423487691874,92.2,1.0,0.0,53.0,10.0,
1423487696876,92.2,1.0,0.0,18.0,10.0,
1423487701872,92.2,1.0,0.0,42.0,10.0,
1423487706873,92.2,1.0,0.0,28.0,10.0,
1423487711872,92.2,1.0,1.0,31.0,10.0,
1423487716875,92.2,1.0,0.0,38.0,10.0,
1423487721884,92.2,1.0,0.0,30.0,10.0,
1423487726876,92.2,1.0,0.0,33.0,10.0,
1423487731884,92.2,1.0,0.0,35.0,10.0,
1423487736878,92.2,1.0,0.0,28.0,10.0,
1423487741879,92.2,1.0,0.0,40.0,10.0,
1423487746878,92.2,1.0,0.0,26.0,10.0,
1423487751885,92.2,1.0,1.0,32.0,10.0,
1423487756884,92.2,1.0,0.0,38.0,10.0,
1423487761883,92.2,1.0,0.0,0.0,0.0,
1423487766882,92.2,1.0,0.0,3.0,10.0,
1423487771886,92.2,1.0,0.0,15.0,10.0,
1423487776887,92.2,1.0,0.0,1.0,10.0,
1423487781884,97.0,1.0,0.0,15.0,10.0,
1423487786889,97.0,1.0,0.0,3.0,10.0,
1423487791888,97.0,1.0,1.0,12.0,11.0,
1423487796888,97.0,1.0,0.0,5.0,10.0,
1423487801899,97.0,1.0,0.0,10.0,10.0,
1423487806889,97.0,1.0,0.0,8.0,10.0,
1423487811890,97.0,1.0,1.0,6.0,10.0,
1423487816894,97.0,1.0,0.0,12.0,10.0,
1423487821890,97.0,1.0,0.0,0.0,0.0,
1423487826890,97.0,1.0,0.0,0.0,0.0,
1423487831890,97.0,1.0,0.0,0.0,0.0,
1423487836895,97.0,1.0,0.0,0.0,0.0,
1423487841893,97.8,1.0,0.0,0.0,0.0,
1423487846899,97.8,1.0,0.0,0.0,0.0,
1423487851897,97.8,1.0,0.0,0.0,0.0,EventProcessingUnit,ScaleIn,
1423487856896,97.8,1.0,0.0,0.0,0.0,EventProcessingUnit,ScaleIn,
1423487861895,97.8,1.0,0.0,0.0,0.0,EventProcessingUnit,ScaleIn,
1423487866895,97.8,1.0,0.0,0.0,0.0,EventProcessingUnit,ScaleIn,
1423487871904,97.8,1.0,0.0,0.0,0.0,EventProcessingUnit,ScaleIn,
1423487876903,97.8,1.0,0.0,0.0,0.0,EventProcessingUnit,ScaleIn,
1423487881903,97.8,1.0,0.0,0.0,0.0,EventProcessingUnit,ScaleIn,
1423487886900,97.8,1.0,0.0,0.0,0.0,
1423487891901,97.8,1.0,0.0,0.0,0.0,
1423487896905,97.8,1.0,0.0,0.0,0.0,
1423487901904,97.8,1.0,0.0,0.0,0.0,
1423487906903,97.8,1.0,0.0,22.0,10.0,
1423487911904,97.8,1.0,0.0,5.0,10.0,
1423487916903,97.8,1.0,0.0,0.0,0.0,
1423487921904,96.0,1.0,0.0,1.0,10.0,
1423487926904,96.0,1.0,0.0,9.0,10.0,
1423487931908,96.0,1.0,0.0,0.0,0.0,
1423487936904,96.0,1.0,0.0,10.0,10.0,
1423487941906,97.6,1.0,0.0,1.0,10.0,
1423487946906,97.6,1.0,0.0,9.0,10.0,
1423487951904,97.6,1.0,0.0,1.0,11.0,
1423487956905,97.6,1.0,0.0,8.0,10.0,
1423487961915,97.6,1.0,0.0,2.0,10.0,
1423487966914,97.6,1.0,0.0,0.0,0.0,
1423487971913,97.6,1.0,0.0,0.0,0.0,
1423487976932,97.6,1.0,0.0,2.0,10.0,
1423487981921,97.6,1.0,0.0,0.0,0.0,
1423487986919,97.6,1.0,0.0,2.0,10.0,
1423487991919,97.6,1.0,0.0,0.0,0.0,
1423487996918,97.6,1.0,0.0,2.0,10.0,
1423488001918,97.6,1.0,0.0,0.0,0.0,
1423488006918,97.6,1.0,0.0,2.0,10.0,
1423488011920,97.6,1.0,0.0,0.0,0.0,
1423488016919,97.6,1.0,0.0,2.0,10.0,
1423488021919,97.6,1.0,0.0,0.0,0.0,
1423488026919,97.6,1.0,0.0,2.0,10.0,
1423488031921,98.3,1.0,0.0,0.0,0.0,
1423488036920,98.3,1.0,0.0,2.0,10.0,
1423488041920,98.3,1.0,0.0,0.0,0.0,
1423488046921,98.3,1.0,0.0,2.0,10.0,
1423488051925,98.3,1.0,0.0,0.0,0.0,
1423488056924,98.3,1.0,0.0,2.0,10.0,
1423488061923,98.3,1.0,0.0,0.0,0.0,
1423488066924,98.3,1.0,0.0,2.0,10.0,
1423488071924,98.3,1.0,0.0,0.0,0.0,
1423488076925,98.3,1.0,0.0,2.0,10.0,
1423488081925,98.3,1.0,0.0,0.0,0.0,
1423488086925,98.3,1.0,0.0,2.0,10.0,
1423488091925,98.3,1.0,0.0,0.0,0.0,
1423488096925,98.3,1.0,0.0,2.0,10.0,
1423488101926,98.3,1.0,0.0,0.0,0.0,
1423488106926,98.3,1.0,0.0,0.0,0.0,
1423488111926,98.3,1.0,0.0,1.0,10.0,
1423488116927,98.3,1.0,0.0,0.0,0.0,
1423488121929,98.1,1.0,0.0,1.0,11.0,
1423488126928,98.1,1.0,0.0,0.0,0.0,
1423488131927,98.1,1.0,0.0,1.0,10.0,
1423488136931,98.1,1.0,0.0,0.0,0.0,
1423488141929,98.1,1.0,0.0,1.0,10.0,
1423488146929,98.1,1.0,0.0,0.0,0.0,
1423488151931,98.1,1.0,0.0,1.0,10.0,
1423488156930,98.1,1.0,0.0,0.0,0.0,
1423488161933,98.1,1.0,0.0,1.0,11.0,
1423488166932,98.1,1.0,0.0,0.0,0.0,
1423488171933,98.1,1.0,0.0,1.0,10.0,
1423488176935,98.1,1.0,0.0,0.0,0.0,
1423488181933,98.1,1.0,0.0,1.0,10.0,
1423488186941,98.1,1.0,0.0,0.0,0.0,
1423488191935,98.1,1.0,0.0,0.0,0.0,
1423488196935,98.1,1.0,0.0,0.0,0.0,
1423488201939,98.1,1.0,0.0,0.0,0.0,
1423488206942,98.1,1.0,0.0,0.0,0.0,
1423488211941,98.1,1.0,0.0,0.0,0.0,
1423488216941,98.1,1.0,0.0,0.0,0.0,EventProcessingUnit,ScaleIn,
1423488221941,98.1,1.0,0.0,0.0,0.0,EventProcessingUnit,ScaleIn,
1423488226943,98.1,1.0,0.0,0.0,0.0,EventProcessingUnit,ScaleIn,
1423488231942,98.1,1.0,-1.0,-1.0,-1.0,EventProcessingUnit,ScaleIn,
1423491816044,58.7,1.0,0.0,0.0,0.0,EventProcessingUnit,ScaleOut,
1423491821066,58.7,1.0,0.0,55.0,1177.0,EventProcessingUnit,ScaleOut,
1423491826057,58.7,1.0,7.0,68.0,53.0,EventProcessingUnit,ScaleOut,
1423491831057,58.7,1.0,0.0,39.0,63.0,EventProcessingUnit,ScaleOut,
1423491836057,38.3,1.0,4.0,39.0,24.0,EventProcessingUnit,ScaleOut,
1423491841059,38.3,1.0,0.0,74.0,39.0,EventProcessingUnit,ScaleOut,
1423491846060,38.3,1.0,1.0,7.0,11.0,EventProcessingUnit,ScaleOut,
1423491851059,38.3,1.0,6.0,83.0,35.0,EventProcessingUnit,ScaleOut,
1423491856060,73.0,1.0,0.0,27.0,56.0,EventProcessingUnit,ScaleOut,
1423491861061,73.0,1.0,4.0,55.0,20.0,EventProcessingUnit,ScaleOut,
1423491866061,73.0,1.0,0.0,58.0,52.0,EventProcessingUnit,ScaleOut,
1423491871063,73.0,1.0,3.0,24.0,16.0,EventProcessingUnit,ScaleOut,
1423491876087,73.0,1.0,0.0,87.0,39.0,
1423491881064,73.0,1.0,0.0,10.0,49.0,
1423491886064,73.0,1.0,5.0,69.0,34.0,
1423491891063,73.0,1.0,0.0,42.0,61.0,
1423491896067,78.4,1.0,3.0,41.0,24.0,
1423491901064,78.4,1.0,0.0,71.0,43.0,
1423491906071,78.4,1.0,2.0,11.0,12.0,
1423491911065,78.4,1.0,4.0,87.0,29.0,
1423491916066,78.4,1.0,0.0,27.0,69.0,
1423491921065,78.4,1.0,3.0,56.0,18.0,
1423491926065,78.4,1.0,0.0,59.0,52.0,
1423491931066,78.4,1.0,3.0,22.0,15.0,
1423491936067,78.4,1.0,1.0,89.0,39.0,
1423491941066,78.4,1.0,0.0,14.0,51.0,
1423491946067,78.4,1.0,4.0,69.0,26.0,
1423491951101,78.4,1.0,0.0,43.0,55.0,
1423491956073,78.4,1.0,3.0,39.0,19.0,
1423491961087,78.4,1.0,0.0,75.0,40.0,
1423491966074,78.4,1.0,2.0,6.0,15.0,
1423491971074,78.4,1.0,4.0,84.0,32.0,
1423491976073,77.3,1.0,0.0,30.0,62.0,
1423491981077,77.3,1.0,4.0,52.0,20.0,
1423491986074,77.3,1.0,0.0,59.0,41.0,
1423491991074,77.3,1.0,2.0,25.0,15.0,
1423491996081,79.2,1.0,0.0,85.0,27.0,
1423492001075,79.2,1.0,0.0,7.0,60.0,
1423492006076,79.2,1.0,4.0,75.0,27.0,
1423492011083,79.2,1.0,0.0,37.0,40.0,
1423492016081,81.1,1.0,2.0,45.0,17.0,
1423492021078,81.1,1.0,0.0,69.0,26.0,
1423492026078,81.1,1.0,1.0,13.0,12.0,
1423492031086,81.1,1.0,3.0,91.0,23.0,
1423492036085,85.0,1.0,0.0,21.0,44.0,
1423492041085,85.0,1.0,3.0,61.0,19.0,
1423492046085,85.0,1.0,0.0,52.0,40.0,
1423492051090,85.0,1.0,2.0,29.0,14.0,
1423492056086,82.6,1.0,0.0,84.0,27.0,
1423492061086,82.6,1.0,0.0,6.0,40.0,
1423492066088,82.6,1.0,5.0,73.0,31.0,
1423492071087,82.6,1.0,0.0,38.0,26.0,
1423492076088,85.0,1.0,3.0,41.0,25.0,
1423492081087,85.0,1.0,0.0,71.0,29.0,
1423492086092,85.0,1.0,1.0,11.0,12.0,
1423492091090,85.0,1.0,3.0,89.0,24.0,
1423492096089,85.0,1.0,0.0,24.0,33.0,
1423492101097,85.0,1.0,3.0,55.0,17.0,
1423492106090,85.0,1.0,0.0,58.0,31.0,
1423492111091,85.0,1.0,1.0,24.0,11.0,
1423492116090,85.0,1.0,0.0,90.0,23.0,
1423492121091,85.0,1.0,0.0,13.0,59.0,
1423492126091,85.0,1.0,3.0,71.0,23.0,
1423492131092,85.0,1.0,0.0,42.0,43.0,
1423492136091,82.2,1.0,2.0,40.0,13.0,
1423492141092,82.2,1.0,0.0,74.0,33.0,
1423492146094,82.2,1.0,1.0,8.0,12.0,
1423492151092,82.2,1.0,3.0,87.0,23.0,
1423492156093,85.9,1.0,0.0,26.0,36.0,
1423492161094,85.9,1.0,4.0,55.0,27.0,
1423492166096,85.9,1.0,0.0,58.0,32.0,
1423492171093,85.9,1.0,2.0,23.0,19.0,
1423492176094,85.9,1.0,0.0,90.0,19.0,
1423492181094,85.9,1.0,0.0,13.0,37.0,
1423492186096,85.9,1.0,1.0,69.0,12.0,
1423492191096,85.9,1.0,0.0,46.0,42.0,
1423492196095,85.9,1.0,1.0,35.0,13.0,
1423492201096,85.9,1.0,0.0,79.0,29.0,
1423492206097,85.9,1.0,1.0,5.0,30.0,
1423492211099,85.9,1.0,4.0,80.0,29.0,
1423492216097,85.9,1.0,0.0,31.0,42.0,
1423492221138,85.9,1.0,3.0,49.0,22.0,
1423492226118,85.9,1.0,0.0,63.0,32.0,
1423492231118,85.9,1.0,1.0,19.0,12.0,
1423492236117,85.9,1.0,5.0,90.0,37.0,
1423492241121,85.9,1.0,0.0,19.0,48.0,
1423492246118,84.6,1.0,4.0,63.0,29.0,
1423492251120,84.6,1.0,0.0,49.0,30.0,
1423492256118,84.6,1.0,3.0,29.0,26.0,
1423492261126,84.6,1.0,0.0,81.0,38.0,
1423492266196,84.6,1.0,1.0,4.0,22.0,
1423492271120,84.6,1.0,3.0,81.0,19.0,
1423492276119,84.6,1.0,0.0,32.0,36.0,
1423492281121,84.6,1.0,3.0,48.0,18.0,
1423492286122,84.6,1.0,0.0,64.0,25.0,
1423492291126,84.6,1.0,0.0,10.0,10.0,
1423492296121,88.1,1.0,0.0,47.0,10.0,
1423492301123,88.1,1.0,0.0,7.0,10.0,
1423492306123,88.1,1.0,0.0,34.0,10.0,
1423492311122,88.1,1.0,0.0,22.0,10.0,
1423492316123,89.2,1.0,0.0,18.0,10.0,
1423492321124,89.2,1.0,0.0,40.0,10.0,
1423492326123,89.2,1.0,1.0,2.0,10.0,
1423492331128,89.2,1.0,1.0,40.0,10.0,
1423492336123,91.2,1.0,0.0,0.0,0.0,
1423492341125,91.2,1.0,0.0,0.0,0.0,
1423492346124,91.2,1.0,0.0,0.0,0.0,
1423492351125,91.2,1.0,0.0,0.0,0.0,
1423492356124,97.4,1.0,0.0,0.0,0.0,
1423492361126,97.4,1.0,0.0,0.0,0.0,
1423492366127,97.4,1.0,1.0,11.0,10.0,
1423492371126,97.4,1.0,0.0,27.0,10.0,
1423492376125,94.1,1.0,1.0,28.0,10.0,
1423492381125,94.1,1.0,0.0,31.0,10.0,
1423492386126,94.1,1.0,0.0,34.0,10.0,
1423492391126,94.1,1.0,0.0,36.0,10.0,
1423492396135,89.7,1.0,0.0,38.0,10.0,
1423492401132,89.7,1.0,0.0,40.0,10.0,
1423492406174,89.7,1.0,1.0,41.0,10.0,
1423492411156,89.7,1.0,1.0,44.0,10.0,
1423492416154,85.2,1.0,1.0,46.0,10.0,
1423492421155,85.2,1.0,0.0,48.0,10.0,
1423492426155,85.2,1.0,0.0,50.0,10.0,
1423492431161,85.2,1.0,1.0,52.0,10.0,
1423492436164,83.7,1.0,1.0,54.0,10.0,
1423492441161,83.7,1.0,0.0,57.0,10.0,
1423492446162,83.7,1.0,1.0,57.0,10.0,
1423492451176,83.7,1.0,1.0,55.0,10.0,
1423492456176,80.9,1.0,1.0,63.0,10.0,
1423492461175,80.9,1.0,1.0,64.0,10.0,
1423492466172,80.9,1.0,1.0,67.0,10.0,
1423492471173,80.9,1.0,1.0,69.0,10.0,
1423492476176,80.3,1.0,1.0,70.0,10.0,
1423492481174,80.3,1.0,1.0,71.0,10.0,
1423492486173,80.3,1.0,1.0,74.0,10.0,
1423492491175,80.3,1.0,1.0,75.0,10.0,
1423492496206,78.6,1.0,1.0,77.0,10.0,
1423492501183,78.6,1.0,1.0,78.0,10.0,
1423492506186,78.6,1.0,1.0,81.0,10.0,
1423492511188,78.6,1.0,1.0,82.0,11.0,
1423492516180,77.0,1.0,1.0,85.0,11.0,
1423492521180,77.0,1.0,1.0,85.0,11.0,
1423492526181,77.0,1.0,2.0,87.0,11.0,
1423492531183,77.0,1.0,0.0,89.0,13.0,
1423492536183,74.6,1.0,1.0,85.0,11.0,
1423492541185,74.6,1.0,1.0,84.0,11.0,
1423492546185,74.6,1.0,1.0,82.0,11.0,
1423492551185,74.6,1.0,1.0,80.0,11.0,
1423492556182,74.6,1.0,1.0,78.0,10.0,
1423492561185,74.6,1.0,0.0,77.0,10.0,
1423492566186,74.6,1.0,0.0,75.0,10.0,
1423492571186,74.6,1.0,1.0,73.0,10.0,
1423492576185,74.6,1.0,0.0,73.0,10.0,
1423492581185,74.6,1.0,0.0,69.0,10.0,
1423492586184,74.6,1.0,0.0,68.0,10.0,
1423492591184,74.6,1.0,1.0,66.0,10.0,
1423492596186,77.9,1.0,0.0,65.0,10.0,
1423492601188,77.9,1.0,1.0,62.0,10.0,
1423492606186,77.9,1.0,1.0,58.0,10.0,
1423492611191,77.9,1.0,1.0,58.0,10.0,
1423492616186,82.1,1.0,0.0,56.0,10.0,
1423492621186,82.1,1.0,1.0,54.0,10.0,
1423492626189,82.1,1.0,0.0,52.0,10.0,
1423492631190,82.1,1.0,0.0,50.0,10.0,
1423492636188,82.1,1.0,0.0,48.0,10.0,
1423492641189,82.1,1.0,0.0,46.0,10.0,
1423492646188,82.1,1.0,0.0,44.0,10.0,
1423492651189,82.1,1.0,0.0,41.0,10.0,
1423492656198,86.6,1.0,0.0,40.0,10.0,
1423492661189,86.6,1.0,0.0,37.0,10.0,
1423492666191,86.6,1.0,0.0,35.0,10.0,
1423492671190,86.6,1.0,1.0,32.0,10.0,
1423492676189,89.0,1.0,0.0,31.0,10.0,
1423492681190,89.0,1.0,0.0,28.0,10.0,
1423492686191,89.0,1.0,0.0,27.0,10.0,
1423492691195,89.0,1.0,1.0,24.0,10.0,
1423492696195,90.8,1.0,0.0,26.0,10.0,
1423492701192,90.8,1.0,1.0,28.0,10.0,
1423492706220,90.8,1.0,0.0,31.0,10.0,
1423492711195,90.8,1.0,0.0,33.0,10.0,
1423492716195,89.5,1.0,1.0,35.0,10.0,
1423492721196,89.5,1.0,1.0,37.0,10.0,
1423492726195,89.5,1.0,0.0,40.0,10.0,
1423492731195,89.5,1.0,0.0,42.0,10.0,
1423492736196,87.2,1.0,0.0,44.0,10.0,
1423492741196,87.2,1.0,0.0,45.0,10.0,
1423492746197,87.2,1.0,1.0,48.0,10.0,
1423492751198,87.2,1.0,0.0,51.0,10.0,
1423492756197,87.2,1.0,1.0,51.0,10.0,
1423492761197,87.2,1.0,1.0,54.0,10.0,
1423492766197,87.2,1.0,0.0,56.0,10.0,
1423492771199,87.2,1.0,1.0,57.0,10.0,
1423492776199,87.2,1.0,1.0,60.0,10.0,
1423492781198,87.2,1.0,1.0,62.0,10.0,
1423492786201,87.2,1.0,1.0,64.0,10.0,
1423492791200,87.2,1.0,0.0,64.0,10.0,
1423492796199,82.6,1.0,1.0,68.0,10.0,
1423492801199,82.6,1.0,1.0,70.0,10.0,
1423492806201,82.6,1.0,1.0,70.0,10.0,
1423492811201,82.6,1.0,1.0,74.0,10.0,
1423492816201,78.0,1.0,1.0,75.0,10.0,
1423492821201,78.0,1.0,1.0,78.0,10.0,
1423492826201,78.0,1.0,1.0,78.0,10.0,
1423492831202,78.0,1.0,1.0,80.0,10.0,
1423492836204,78.0,1.0,1.0,81.0,10.0,
1423492841202,78.0,1.0,1.0,84.0,11.0,
1423492846202,78.0,1.0,1.0,85.0,11.0,
1423492851205,78.0,1.0,2.0,88.0,12.0,
1423492856203,75.6,1.0,2.0,88.0,12.0,
1423492861203,75.6,1.0,1.0,87.0,15.0,
1423492866204,75.6,1.0,1.0,83.0,11.0,
1423492871204,75.6,1.0,1.0,82.0,11.0,
1423492876205,75.1,1.0,1.0,80.0,11.0,
1423492881204,75.1,1.0,1.0,79.0,10.0,
1423492886204,75.1,1.0,2.0,77.0,10.0,
1423492891206,75.1,1.0,1.0,75.0,10.0,
1423492896206,78.6,1.0,1.0,74.0,10.0,
1423492901205,78.6,1.0,1.0,72.0,10.0,
1423492906206,78.6,1.0,1.0,70.0,10.0,
1423492911208,78.6,1.0,0.0,68.0,10.0,
1423492916206,79.3,1.0,1.0,65.0,10.0,
1423492921207,79.3,1.0,1.0,65.0,10.0,
1423492926207,79.3,1.0,1.0,63.0,10.0,
1423492931208,79.3,1.0,1.0,59.0,10.0,
1423492936208,81.7,1.0,0.0,59.0,10.0,
1423492941208,81.7,1.0,1.0,56.0,10.0,
1423492946208,81.7,1.0,0.0,54.0,10.0,
1423492951209,81.7,1.0,1.0,52.0,10.0,
1423492956208,81.7,1.0,0.0,50.0,10.0,
1423492961209,81.7,1.0,1.0,48.0,10.0,
1423492966210,81.7,1.0,1.0,46.0,10.0,
1423492971209,81.7,1.0,0.0,44.0,10.0,
1423492976209,85.5,1.0,0.0,42.0,10.0,
1423492981211,85.5,1.0,0.0,40.0,10.0,
1423492986211,85.5,1.0,0.0,37.0,10.0,
1423492991284,85.5,1.0,0.0,35.0,10.0,
1423492996286,88.1,1.0,0.0,33.0,10.0,
1423493001286,88.1,1.0,0.0,31.0,10.0,
1423493006287,88.1,1.0,1.0,28.0,10.0,
1423493011286,88.1,1.0,0.0,27.0,10.0,
1423493016287,91.0,1.0,0.0,24.0,10.0,
1423493021293,91.0,1.0,0.0,26.0,10.0,
1423493026293,91.0,1.0,0.0,28.0,10.0,
1423493031294,91.0,1.0,1.0,30.0,10.0,
1423493036294,91.0,1.0,0.0,33.0,10.0,
1423493041296,91.0,1.0,0.0,34.0,10.0,
1423493046295,91.0,1.0,0.0,37.0,10.0,
1423493051296,91.0,1.0,1.0,39.0,10.0,
1423493056296,88.6,1.0,0.0,41.0,10.0,
1423493061296,88.6,1.0,1.0,43.0,10.0,
1423493066297,88.6,1.0,1.0,37.0,10.0,
1423493071297,88.6,1.0,1.0,47.0,10.0,
1423493076297,85.8,1.0,0.0,50.0,10.0,
1423493081297,85.8,1.0,0.0,52.0,10.0,
1423493086298,85.8,1.0,1.0,53.0,10.0,
1423493091330,85.8,1.0,1.0,55.0,10.0,
1423493096304,83.9,1.0,1.0,57.0,10.0,
1423493101319,83.9,1.0,0.0,55.0,10.0,
1423493106363,83.9,1.0,1.0,61.0,10.0,
1423493111337,83.9,1.0,1.0,63.0,10.0,
1423493116337,81.7,1.0,1.0,65.0,10.0,
1423493121357,81.7,1.0,1.0,66.0,10.0,
1423493126349,81.7,1.0,1.0,69.0,10.0,
1423493131360,81.7,1.0,1.0,71.0,10.0,
1423493136363,81.7,1.0,1.0,74.0,10.0,
1423493141362,81.7,1.0,0.0,76.0,10.0,
1423493146362,81.7,1.0,1.0,77.0,10.0,
1423493151362,81.7,1.0,1.0,79.0,10.0,
1423493156364,78.9,1.0,1.0,81.0,11.0,
1423493161364,78.9,1.0,2.0,80.0,11.0,
1423493166363,78.9,1.0,0.0,86.0,11.0,
1423493171364,78.9,1.0,1.0,84.0,11.0,
1423493176365,75.8,1.0,1.0,88.0,11.0,
1423493181365,75.8,1.0,2.0,87.0,12.0,
1423493186365,75.8,1.0,1.0,86.0,11.0,
1423493191365,75.8,1.0,1.0,83.0,11.0,
1423493196366,75.8,1.0,1.0,83.0,11.0,
1423493201367,75.8,1.0,1.0,80.0,10.0,
1423493206366,75.8,1.0,1.0,79.0,10.0,
1423493211366,75.8,1.0,1.0,76.0,10.0,
1423493216367,77.3,1.0,1.0,77.0,10.0,
1423493221370,77.3,1.0,0.0,75.0,10.0,
1423493226407,77.3,1.0,1.0,63.0,10.0,
1423493231389,77.3,1.0,1.0,71.0,10.0,
1423493236390,79.2,1.0,1.0,67.0,10.0,
1423493241390,79.2,1.0,0.0,67.0,10.0,
1423493246390,79.2,1.0,1.0,65.0,10.0,
1423493251390,79.2,1.0,1.0,62.0,10.0,
1423493256390,80.8,1.0,1.0,61.0,10.0,
1423493261392,80.8,1.0,0.0,57.0,10.0,
1423493266391,80.8,1.0,1.0,58.0,10.0,
1423493271391,80.8,1.0,1.0,54.0,10.0,
1423493276393,82.2,1.0,0.0,53.0,10.0,
1423493281397,82.2,1.0,0.0,50.0,10.0,
1423493286399,82.2,1.0,1.0,48.0,10.0,
1423493291394,82.2,1.0,1.0,46.0,10.0,
1423493296394,85.0,1.0,1.0,44.0,10.0,
1423493301393,85.0,1.0,0.0,42.0,10.0,
1423493306394,85.0,1.0,1.0,39.0,10.0,
1423493311395,85.0,1.0,1.0,38.0,10.0,
1423493316394,88.4,1.0,1.0,36.0,10.0,
1423493321394,88.4,1.0,1.0,33.0,10.0,
1423493326396,88.4,1.0,1.0,32.0,10.0,
1423493331396,88.4,1.0,0.0,30.0,10.0,
1423493336395,89.5,1.0,0.0,28.0,10.0,
1423493341395,89.5,1.0,1.0,24.0,10.0,
1423493346397,89.5,1.0,0.0,26.0,10.0,
1423493351396,89.5,1.0,0.0,27.0,10.0,
1423493356467,91.5,1.0,0.0,30.0,10.0,
1423493361456,91.5,1.0,1.0,32.0,10.0,
1423493366455,91.5,1.0,1.0,34.0,10.0,
1423493371457,91.5,1.0,1.0,37.0,10.0,
1423493376456,88.1,1.0,0.0,39.0,10.0,
1423493381460,88.1,1.0,0.0,41.0,10.0,
1423493386457,88.1,1.0,1.0,42.0,10.0,
1423493391456,88.1,1.0,0.0,46.0,10.0,
1423493396457,88.1,1.0,1.0,47.0,10.0,
1423493401457,88.1,1.0,1.0,49.0,10.0,
1423493406457,88.1,1.0,0.0,51.0,10.0,
1423493411458,88.1,1.0,0.0,53.0,10.0,
1423493416459,84.3,1.0,0.0,56.0,10.0,
1423493421460,84.3,1.0,1.0,58.0,10.0,
1423493426461,84.3,1.0,1.0,60.0,10.0,
1423493431460,84.3,1.0,1.0,62.0,10.0,
1423493436461,81.9,1.0,0.0,65.0,10.0,
1423493441460,81.9,1.0,1.0,66.0,10.0,
1423493446460,81.9,1.0,1.0,67.0,10.0,
1423493451475,81.9,1.0,0.0,69.0,10.0,
1423493456466,80.3,1.0,1.0,72.0,10.0,
1423493461466,80.3,1.0,1.0,73.0,10.0,
1423493466469,80.3,1.0,1.0,76.0,10.0,
1423493471468,80.3,1.0,1.0,76.0,10.0,
1423493476472,80.3,1.0,1.0,78.0,10.0,
1423493481468,80.3,1.0,1.0,80.0,10.0,
1423493486469,80.3,1.0,0.0,83.0,11.0,
1423493491470,80.3,1.0,1.0,85.0,11.0,
1423493496470,77.0,1.0,1.0,85.0,12.0,
1423493501471,77.0,1.0,1.0,88.0,11.0,
1423493506484,77.0,1.0,1.0,88.0,11.0,
1423493511471,77.0,1.0,1.0,88.0,12.0,
1423493516471,74.9,1.0,1.0,84.0,11.0,
1423493521471,74.9,1.0,1.0,82.0,11.0,
1423493526472,74.9,1.0,1.0,80.0,10.0,
1423493531472,74.9,1.0,1.0,81.0,11.0,
1423493536473,76.3,1.0,0.0,78.0,10.0,
1423493541472,76.3,1.0,1.0,74.0,10.0,
1423493546473,76.3,1.0,1.0,75.0,10.0,
1423493551472,76.3,1.0,0.0,72.0,10.0,
1423493556474,76.3,1.0,1.0,70.0,10.0,
1423493561473,76.3,1.0,1.0,69.0,10.0,
1423493566474,76.3,1.0,1.0,65.0,10.0,
1423493571474,76.3,1.0,0.0,65.0,10.0,
1423493576475,79.3,1.0,0.0,63.0,10.0,
1423493581474,79.3,1.0,0.0,62.0,10.0,
1423493586475,79.3,1.0,0.0,59.0,10.0,
1423493591475,79.3,1.0,1.0,57.0,10.0,
1423493596476,82.6,1.0,1.0,55.0,10.0,
1423493601475,82.6,1.0,0.0,53.0,10.0,
1423493606477,82.6,1.0,0.0,50.0,10.0,
1423493611486,82.6,1.0,1.0,48.0,10.0,
1423493616477,83.9,1.0,1.0,46.0,10.0,
1423493621479,83.9,1.0,1.0,44.0,10.0,
1423493626478,83.9,1.0,1.0,42.0,10.0,
1423493631478,83.9,1.0,0.0,41.0,10.0,
1423493636478,85.4,1.0,1.0,37.0,10.0,
1423493641484,85.4,1.0,0.0,36.0,10.0,
1423493646479,85.4,1.0,1.0,33.0,10.0,
1423493651480,85.4,1.0,1.0,32.0,10.0,
1423493656479,85.4,1.0,1.0,29.0,10.0,
1423493661480,85.4,1.0,1.0,27.0,10.0,
1423493666479,85.4,1.0,1.0,25.0,10.0,
1423493671479,85.4,1.0,1.0,25.0,10.0,
1423493676480,91.1,1.0,1.0,27.0,10.0,
1423493681481,91.1,1.0,0.0,30.0,10.0,
1423493686482,91.1,1.0,1.0,32.0,10.0,
1423493691483,91.1,1.0,0.0,35.0,10.0,
1423493696483,89.6,1.0,1.0,37.0,10.0,
1423493701482,89.6,1.0,1.0,38.0,10.0,
1423493706481,89.6,1.0,1.0,40.0,10.0,
1423493711483,89.6,1.0,1.0,42.0,10.0,
1423493716483,87.2,1.0,0.0,45.0,10.0,
1423493721484,87.2,1.0,1.0,46.0,10.0,
1423493726484,87.2,1.0,0.0,50.0,10.0,
1423493731485,87.2,1.0,1.0,51.0,10.0,
1423493736485,84.8,1.0,0.0,54.0,10.0,EventProcessingUnit,ScaleIn,
1423493741484,84.8,1.0,0.0,56.0,10.0,EventProcessingUnit,ScaleIn,
1423493746495,84.8,1.0,1.0,57.0,10.0,EventProcessingUnit,ScaleIn,
1423493751491,84.8,1.0,48.0,90.0,410.0,EventProcessingUnit,ScaleIn,
1423493756495,76.0,1.0,200.0,47.0,8209.0,EventProcessingUnit,ScaleIn,
1423493761493,76.0,1.0,200.0,47.0,8209.0,EventProcessingUnit,ScaleIn,
1423493766496,76.0,1.0,200.0,47.0,8209.0,EventProcessingUnit,ScaleIn,
1423493771494,76.0,1.0,200.0,47.0,8209.0,EventProcessingUnit,ScaleIn,
1423493776497,76.0,1.0,200.0,47.0,8209.0,
1423493781497,76.0,1.0,200.0,47.0,8209.0,
1423493786498,76.0,1.0,200.0,47.0,8209.0,
1423493791497,76.0,1.0,200.0,47.0,8209.0,
1423493796496,76.0,1.0,200.0,47.0,8209.0,
1423493801497,76.0,1.0,200.0,47.0,8209.0,
1423493806497,76.0,1.0,200.0,47.0,8209.0,
1423493811497,76.0,1.0,200.0,47.0,8209.0,
1423493816498,76.0,1.0,200.0,47.0,8209.0,
1423493821498,76.0,1.0,200.0,47.0,8209.0,
1423493826497,76.0,1.0,200.0,47.0,8209.0,
1423493831498,76.0,1.0,200.0,47.0,8209.0,
1423493836499,76.0,1.0,200.0,47.0,8209.0,
1423493841499,76.0,1.0,200.0,47.0,8209.0,
1423493846499,76.0,1.0,200.0,47.0,8209.0,
1423493851500,76.0,1.0,200.0,47.0,8209.0,
1423493856506,76.0,1.0,200.0,47.0,8209.0,
1423493861500,76.0,1.0,200.0,47.0,8209.0,
1423493866501,76.0,1.0,200.0,47.0,8209.0,
1423493871501,76.0,1.0,200.0,47.0,8209.0,
1423493876503,76.0,1.0,200.0,47.0,8209.0,
1423493881501,76.0,1.0,200.0,47.0,8209.0,
1423493886503,76.0,1.0,200.0,47.0,8209.0,EventProcessingUnit,ScaleOut,
1423493891502,76.0,1.0,200.0,47.0,8209.0,EventProcessingUnit,ScaleOut,
1423493896503,76.0,1.0,200.0,47.0,8209.0,EventProcessingUnit,ScaleOut,
1423493901514,76.0,1.0,200.0,47.0,8209.0,EventProcessingUnit,ScaleOut,
1423493906513,76.0,1.0,200.0,-1.0,35240.0,EventProcessingUnit,ScaleOut,
1423493911514,76.0,1.0,200.0,-1.0,35240.0,EventProcessingUnit,ScaleOut,
1423493916514,76.0,1.0,200.0,-1.0,35240.0,EventProcessingUnit,ScaleOut,
1423493921515,76.0,1.0,200.0,-1.0,35240.0,EventProcessingUnit,ScaleOut,
1423493926520,76.0,1.0,200.0,-1.0,35240.0,EventProcessingUnit,ScaleOut,
1423493931537,76.0,1.0,200.0,-1.0,35240.0,EventProcessingUnit,ScaleOut,
1423493936540,76.0,1.0,200.0,-1.0,35240.0,EventProcessingUnit,ScaleOut,
1423493941538,76.0,1.0,200.0,-1.0,35240.0,EventProcessingUnit,ScaleOut,
1423493946538,76.0,1.0,200.0,-1.0,35240.0,EventProcessingUnit,ScaleOut,
1423493951539,76.0,1.0,200.0,-1.0,35240.0,EventProcessingUnit,ScaleOut,
1423493956540,76.0,1.0,200.0,-1.0,35240.0,EventProcessingUnit,ScaleOut,
1423493961540,76.0,1.0,200.0,-1.0,35240.0,EventProcessingUnit,ScaleOut,
1423493966539,76.0,1.0,200.0,-1.0,35240.0,EventProcessingUnit,ScaleOut,
1423493971548,76.0,1.0,200.0,-1.0,35240.0,EventProcessingUnit,ScaleOut,
1423493976549,73.5,1.0,199.0,46.0,10245.0,EventProcessingUnit,ScaleOut,
1423493981550,73.5,1.0,200.0,10.0,50328.0,EventProcessingUnit,ScaleOut,
1423493986548,73.5,1.0,75.0,36.0,7219.0,EventProcessingUnit,ScaleOut,
1423493991551,73.5,1.0,1.0,55.0,10.0,EventProcessingUnit,ScaleOut,
1423493996551,83.9,1.0,0.0,50.0,10.0,EventProcessingUnit,ScaleOut,
1423494001551,83.9,1.0,0.0,51.0,10.0,EventProcessingUnit,ScaleOut,
1423494006551,83.9,1.0,1.0,55.0,10.0,EventProcessingUnit,ScaleOut,
1423494011550,83.9,1.0,1.0,59.0,10.0,EventProcessingUnit,ScaleOut,
1423494016552,85.5,1.0,0.0,63.0,10.0,EventProcessingUnit,ScaleOut,
1423494021553,85.5,1.0,0.0,69.0,10.0,EventProcessingUnit,ScaleOut,
1423494026582,85.5,1.0,1.0,72.0,10.0,EventProcessingUnit,ScaleOut,
1423494031554,85.5,1.0,1.0,60.0,10.0,EventProcessingUnit,ScaleOut,
1423494036554,83.4,1.0,0.0,82.0,10.0,EventProcessingUnit,ScaleOut,
1423494041554,83.4,1.0,1.0,85.0,12.0,EventProcessingUnit,ScaleOut,
1423494046556,83.4,1.0,2.0,89.0,13.0,EventProcessingUnit,ScaleOut,
1423494051554,83.4,1.0,5.0,92.0,38.0,EventProcessingUnit,ScaleOut,
1423494056555,80.2,1.0,18.0,92.0,172.0,EventProcessingUnit,ScaleOut,
1423494061557,80.2,1.0,51.0,92.0,645.0,EventProcessingUnit,ScaleOut,
1423494066555,80.2,1.0,105.0,51.0,3058.0,EventProcessingUnit,ScaleOut,
1423494071555,80.2,1.0,105.0,51.0,3058.0,EventProcessingUnit,ScaleOut,
1423494076555,76.2,1.0,200.0,7.0,53241.0,EventProcessingUnit,ScaleOut,
1423494081558,76.2,1.0,200.0,45.0,518431.0,EventProcessingUnit,ScaleOut,
1423494086556,76.2,1.0,200.0,45.0,518431.0,EventProcessingUnit,ScaleOut,
1423494091557,76.2,1.0,200.0,45.0,518431.0,EventProcessingUnit,ScaleOut,
1423494096557,76.2,1.0,200.0,45.0,518431.0,EventProcessingUnit,ScaleOut,
1423494101562,76.2,1.0,200.0,45.0,518431.0,EventProcessingUnit,ScaleOut,
1423494106561,76.2,1.0,200.0,45.0,518431.0,EventProcessingUnit,ScaleOut,
1423494111561,76.2,1.0,200.0,45.0,518431.0,EventProcessingUnit,ScaleOut,
1423494116563,76.2,1.0,200.0,45.0,518431.0,EventProcessingUnit,ScaleOut,
1423494121562,76.2,1.0,200.0,45.0,518431.0,EventProcessingUnit,ScaleOut,
1423494126563,76.2,1.0,200.0,45.0,518431.0,EventProcessingUnit,ScaleOut,
1423494131563,76.2,1.0,200.0,45.0,518431.0,EventProcessingUnit,ScaleOut,
1423494136564,76.2,1.0,200.0,45.0,518431.0,EventProcessingUnit,ScaleOut,
1423494141563,76.2,1.0,200.0,45.0,518431.0,EventProcessingUnit,ScaleOut,
1423494146563,76.2,1.0,200.0,45.0,518431.0,EventProcessingUnit,ScaleOut,
1423494151565,76.2,1.0,200.0,45.0,518431.0,EventProcessingUnit,ScaleOut,
1423494156564,76.2,1.0,200.0,45.0,518431.0,EventProcessingUnit,ScaleOut,
1423494161564,76.2,1.0,200.0,45.0,518431.0,EventProcessingUnit,ScaleOut,
1423494166565,76.2,1.0,200.0,45.0,518431.0,EventProcessingUnit,ScaleOut,
1423494171565,76.2,1.0,200.0,45.0,518431.0,EventProcessingUnit,ScaleOut,
1423494176566,76.2,1.0,200.0,45.0,518431.0,EventProcessingUnit,ScaleOut,
1423494181566,76.2,1.0,200.0,45.0,518431.0,EventProcessingUnit,ScaleOut,
1423494186566,76.2,1.0,200.0,45.0,518431.0,EventProcessingUnit,ScaleOut,
1423494191567,76.2,1.0,200.0,45.0,518431.0,EventProcessingUnit,ScaleOut,
1423494196566,76.2,1.0,200.0,45.0,518431.0,EventProcessingUnit,ScaleOut,
1423494201568,76.2,1.0,200.0,45.0,518431.0,EventProcessingUnit,ScaleOut,
1423494206568,76.2,1.0,200.0,45.0,518431.0,EventProcessingUnit,ScaleOut,
1423494211567,76.2,1.0,200.0,45.0,518431.0,EventProcessingUnit,ScaleOut,
1423494216568,76.2,1.0,-1.0,5.0,18522.0,EventProcessingUnit,ScaleOut,
1423494221568,78.8,1.0,197.0,44.0,10464.0,EventProcessingUnit,ScaleOut,
1423494226569,78.8,1.0,197.0,44.0,10464.0,EventProcessingUnit,ScaleOut,
1423494231569,78.8,1.0,197.0,44.0,10464.0,EventProcessingUnit,ScaleOut,
1423494236572,78.8,1.0,197.0,44.0,10464.0,EventProcessingUnit,ScaleOut,
1423494241569,78.8,1.0,199.0,46.0,18225.0,EventProcessingUnit,ScaleOut,
1423494246569,78.8,1.0,199.0,46.0,18225.0,EventProcessingUnit,ScaleOut,
1423494251569,78.8,1.0,199.0,46.0,18225.0,EventProcessingUnit,ScaleOut,
1423494256574,78.8,1.0,200.0,36.0,12547.0,EventProcessingUnit,ScaleOut,
1423494261574,78.8,1.0,200.0,36.0,12547.0,EventProcessingUnit,ScaleOut,
1423494266570,78.8,1.0,200.0,36.0,12547.0,EventProcessingUnit,ScaleOut,
1423494271572,78.8,1.0,197.0,0.0,524570.0,EventProcessingUnit,ScaleOut,
1423494276589,78.8,1.0,198.0,30.0,11961.0,EventProcessingUnit,ScaleOut,
1423494281586,78.8,1.0,198.0,30.0,11961.0,EventProcessingUnit,ScaleOut,
1423494286628,78.8,1.0,198.0,30.0,11961.0,EventProcessingUnit,ScaleOut,
1423494291599,78.8,1.0,200.0,39.0,524187.0,EventProcessingUnit,ScaleOut,
1423494296590,78.8,1.0,199.0,0.0,527679.0,EventProcessingUnit,ScaleOut,
1423494301591,78.8,1.0,199.0,0.0,527679.0,EventProcessingUnit,ScaleOut,
1423494306592,78.8,1.0,200.0,45.0,521796.0,EventProcessingUnit,ScaleOut,
1423494311627,79.4,1.0,199.0,32.0,499534.0,EventProcessingUnit,ScaleOut,
1423494316619,79.4,1.0,141.0,38.0,10468.0,EventProcessingUnit,ScaleOut,
1423494321618,79.4,1.0,0.0,71.0,79.0,EventProcessingUnit,ScaleOut,
1423494326620,79.4,1.0,1.0,53.0,10.0,EventProcessingUnit,ScaleOut,
1423494331625,84.2,1.0,1.0,49.0,10.0,EventProcessingUnit,ScaleOut,
1423494336629,84.2,1.0,0.0,52.0,10.0,EventProcessingUnit,ScaleOut,
1423494341622,84.2,1.0,1.0,56.0,10.0,EventProcessingUnit,ScaleOut,
1423494346621,84.2,1.0,1.0,63.0,10.0,EventProcessingUnit,ScaleOut,
1423494351622,84.2,1.0,0.0,65.0,10.0,EventProcessingUnit,ScaleOut,
1423494356631,84.2,1.0,1.0,69.0,10.0,EventProcessingUnit,ScaleOut,
1423494361623,84.2,1.0,1.0,74.0,10.0,EventProcessingUnit,ScaleOut,
1423494366628,84.2,1.0,1.0,77.0,10.0,EventProcessingUnit,ScaleOut,
1423494371629,84.2,1.0,1.0,82.0,10.0,EventProcessingUnit,ScaleOut,
1423494376632,84.2,1.0,1.0,85.0,11.0,EventProcessingUnit,ScaleOut,
1423494381631,84.2,1.0,1.0,90.0,11.0,EventProcessingUnit,ScaleOut,
1423494386691,84.2,1.0,5.0,93.0,44.0,EventProcessingUnit,ScaleOut,
1423494391734,82.4,1.0,25.0,92.0,248.0,EventProcessingUnit,ScaleOut,
1423494396732,82.4,1.0,67.0,84.0,981.0,EventProcessingUnit,ScaleOut,
1423494401693,82.4,1.0,130.0,29.0,7309.0,EventProcessingUnit,ScaleOut,
1423494406693,82.4,1.0,130.0,29.0,7309.0,EventProcessingUnit,ScaleOut,
1423494411695,75.9,1.0,200.0,0.0,13376.0,EventProcessingUnit,ScaleOut,
1423494416694,75.9,1.0,200.0,0.0,13376.0,EventProcessingUnit,ScaleOut,
1423494421700,75.9,1.0,199.0,0.0,501167.0,EventProcessingUnit,ScaleOut,
1423494426696,75.9,1.0,199.0,0.0,501167.0,EventProcessingUnit,ScaleOut,
1423494431697,75.9,1.0,199.0,0.0,501167.0,EventProcessingUnit,ScaleOut,
1423494436698,75.9,1.0,199.0,0.0,501167.0,EventProcessingUnit,ScaleOut,
1423494441704,75.9,1.0,199.0,0.0,501167.0,EventProcessingUnit,ScaleOut,
1423494446753,75.9,1.0,199.0,0.0,501167.0,EventProcessingUnit,ScaleOut,
1423494451744,75.9,1.0,199.0,0.0,501167.0,EventProcessingUnit,ScaleOut,
1423494456756,75.9,1.0,199.0,0.0,501167.0,EventProcessingUnit,ScaleOut,
1423494461756,75.9,1.0,199.0,0.0,501167.0,EventProcessingUnit,ScaleOut,
1423494466763,75.9,1.0,199.0,0.0,501167.0,EventProcessingUnit,ScaleOut,
1423494471756,75.9,1.0,199.0,0.0,501167.0,EventProcessingUnit,ScaleOut,
1423494476757,75.9,1.0,199.0,0.0,501167.0,EventProcessingUnit,ScaleOut,
1423494481757,75.9,1.0,199.0,0.0,501167.0,EventProcessingUnit,ScaleOut,
1423494486762,75.9,1.0,199.0,0.0,501167.0,EventProcessingUnit,ScaleOut,
1423494491757,75.9,1.0,199.0,0.0,501167.0,EventProcessingUnit,ScaleOut,
1423494496757,75.9,1.0,199.0,0.0,501167.0,EventProcessingUnit,ScaleOut,
1423494501762,75.9,1.0,199.0,0.0,501167.0,EventProcessingUnit,ScaleOut,
1423494506758,75.9,1.0,199.0,0.0,501167.0,EventProcessingUnit,ScaleOut,
1423494511758,75.9,1.0,199.0,0.0,501167.0,EventProcessingUnit,ScaleOut,
1423494516763,75.9,1.0,199.0,0.0,501167.0,EventProcessingUnit,ScaleOut,
1423494521759,75.9,1.0,199.0,0.0,501167.0,EventProcessingUnit,ScaleOut,
1423494526759,75.9,1.0,199.0,0.0,501167.0,EventProcessingUnit,ScaleOut,
1423494531759,75.9,1.0,199.0,0.0,501167.0,
1423494536762,75.9,1.0,199.0,0.0,501167.0,
1423494541763,75.9,1.0,199.0,0.0,501167.0,
1423494546761,75.9,1.0,199.0,0.0,501167.0,
1423494551761,75.9,1.0,199.0,0.0,501167.0,
1423494556772,79.9,1.0,0.0,70.0,10.0,
1423494561765,79.9,1.0,1.0,68.0,10.0,
1423494566765,79.9,1.0,0.0,65.0,10.0,
1423494571769,79.9,1.0,0.0,64.0,10.0,
1423494576769,85.3,1.0,1.0,61.0,10.0,
1423494581768,85.3,1.0,1.0,59.0,10.0,
1423494586775,85.3,1.0,1.0,57.0,10.0,
1423494591775,85.3,1.0,1.0,55.0,10.0,
1423494596775,87.0,1.0,0.0,53.0,10.0,
1423494601776,87.0,1.0,1.0,51.0,10.0,
1423494606776,87.0,1.0,1.0,50.0,10.0,
1423494611776,87.0,1.0,1.0,47.0,10.0,
1423494616777,87.0,1.0,0.0,45.0,10.0,
1423494621778,87.0,1.0,1.0,43.0,10.0,
1423494626777,87.0,1.0,1.0,41.0,10.0,
1423494631777,87.0,1.0,1.0,39.0,10.0,
1423494636777,89.5,1.0,0.0,34.0,10.0,
1423494641778,89.5,1.0,0.0,35.0,10.0,
1423494646778,89.5,1.0,0.0,33.0,10.0,
1423494651778,89.5,1.0,1.0,30.0,10.0,
1423494656779,92.4,1.0,0.0,28.0,10.0,
1423494661780,92.4,1.0,0.0,26.0,10.0,
1423494666779,92.4,1.0,0.0,24.0,10.0,
1423494671780,92.4,1.0,1.0,26.0,10.0,
1423494676781,94.1,1.0,0.0,29.0,10.0,
1423494681780,94.1,1.0,0.0,37.0,10.0,EventProcessingUnit,ScaleIn,
1423494686782,94.1,1.0,0.0,33.0,10.0,EventProcessingUnit,ScaleIn,
1423494691781,94.1,1.0,0.0,36.0,10.0,EventProcessingUnit,ScaleIn,
1423494696781,89.1,1.0,1.0,38.0,10.0,EventProcessingUnit,ScaleIn,
1423494701782,89.1,1.0,-1.0,-1.0,-1.0,EventProcessingUnit,ScaleIn,
1423494706782,89.1,1.0,-1.0,-1.0,-1.0,EventProcessingUnit,ScaleIn,
1423495491896,71.4,1.0,0.0,0.0,0.0,EventProcessingUnit,ScaleOut,
1423495496897,71.4,1.0,3.0,19.0,19.0,EventProcessingUnit,ScaleOut,
1423495501900,71.4,1.0,0.0,68.0,11.0,EventProcessingUnit,ScaleOut,
1423495506898,71.4,1.0,0.0,14.0,10.0,EventProcessingUnit,ScaleOut,
1423495511897,56.7,1.0,1.0,40.0,10.0,EventProcessingUnit,ScaleOut,
1423495516899,56.7,1.0,0.0,48.0,10.0,EventProcessingUnit,ScaleOut,
1423495521898,56.7,1.0,1.0,6.0,12.0,EventProcessingUnit,ScaleOut,
1423495526899,56.7,1.0,1.0,60.0,10.0,EventProcessingUnit,ScaleOut,
1423495531899,77.6,1.0,0.0,28.0,10.0,EventProcessingUnit,ScaleOut,
1423495536899,77.6,1.0,1.0,22.0,10.0,EventProcessingUnit,ScaleOut,
1423495541899,77.6,1.0,1.0,66.0,10.0,EventProcessingUnit,ScaleOut,
1423495546901,77.6,1.0,0.0,16.0,10.0,EventProcessingUnit,ScaleOut,
1423495551900,74.4,1.0,0.0,39.0,10.0,
1423495556900,74.4,1.0,0.0,49.0,10.0,
1423495561900,74.4,1.0,1.0,8.0,11.0,
1423495566902,74.4,1.0,1.0,63.0,10.0,
1423495571902,81.6,1.0,0.0,26.0,10.0,
1423495576902,81.6,1.0,1.0,30.0,11.0,
1423495581903,81.6,1.0,0.0,57.0,10.0,
1423495586902,81.6,1.0,0.0,5.0,10.0,
1423495591910,82.5,1.0,1.0,49.0,10.0,
1423495596903,82.5,1.0,0.0,39.0,10.0,
1423495601904,82.5,1.0,1.0,14.0,11.0,
1423495606904,82.5,1.0,1.0,69.0,10.0,
1423495611904,85.6,1.0,0.0,18.0,10.0,
1423495616904,85.6,1.0,0.0,38.0,10.0,
1423495621905,85.6,1.0,0.0,50.0,10.0,
1423495626904,85.6,1.0,0.0,6.0,10.0,
1423495631904,85.6,1.0,0.0,61.0,10.0,
1423495636908,85.6,1.0,0.0,47.0,10.0,
1423495641924,85.6,1.0,1.0,40.0,10.0,
1423495646923,85.6,1.0,0.0,14.0,10.0,
1423495651924,85.6,1.0,0.0,69.0,10.0,
1423495656924,85.6,1.0,0.0,20.0,10.0,
1423495661926,85.6,1.0,0.0,33.0,10.0,
1423495666925,85.6,1.0,1.0,57.0,10.0,
1423495671927,74.1,1.0,0.0,3.0,10.0,
1423495676927,74.1,1.0,1.0,46.0,10.0,
1423495681926,74.1,1.0,1.0,42.0,10.0,
1423495686926,74.1,1.0,0.0,13.0,10.0,
1423495691927,84.8,1.0,1.0,68.0,10.0,
1423495696926,84.8,1.0,0.0,20.0,10.0,
1423495701926,84.8,1.0,0.0,34.0,10.0,
1423495706928,84.8,1.0,0.0,57.0,10.0,
1423495711927,84.8,1.0,0.0,1.0,10.0,
1423495716928,84.8,1.0,1.0,54.0,10.0,
1423495721929,84.8,1.0,0.0,36.0,10.0,
1423495726928,84.8,1.0,1.0,18.0,11.0,
1423495731929,86.1,1.0,1.0,70.0,10.0,
1423495736930,86.1,1.0,0.0,15.0,10.0,
1423495741928,86.1,1.0,0.0,40.0,10.0,
1423495746930,86.1,1.0,0.0,49.0,10.0,
1423495751931,88.0,1.0,0.0,7.0,10.0,
1423495756932,88.0,1.0,1.0,63.0,10.0,
1423495761933,88.0,1.0,0.0,23.0,10.0,
1423495766931,88.0,1.0,1.0,31.0,10.0,
1423495771931,89.3,1.0,0.0,59.0,10.0,
1423495776932,89.3,1.0,0.0,2.0,10.0,
1423495781934,89.3,1.0,1.0,53.0,10.0,
1423495786932,89.3,1.0,0.0,36.0,10.0,
1423495791933,89.3,1.0,1.0,20.0,10.0,
1423495796933,89.3,1.0,0.0,67.0,10.0,
1423495801933,89.3,1.0,0.0,13.0,10.0,
1423495806943,89.3,1.0,0.0,42.0,10.0,
1423495811938,85.3,1.0,0.0,46.0,10.0,
1423495816936,85.3,1.0,1.0,4.0,10.0,
1423495821935,85.3,1.0,1.0,57.0,10.0,
1423495826936,85.3,1.0,0.0,30.0,10.0,
1423495831938,88.8,1.0,1.0,24.0,10.0,
1423495836938,88.8,1.0,0.0,63.0,10.0,
1423495841937,88.8,1.0,0.0,10.0,10.0,
1423495846957,88.8,1.0,0.0,41.0,10.0,
1423495851954,88.8,1.0,0.0,50.0,10.0,
1423495856954,88.8,1.0,0.0,6.0,10.0,
1423495861955,88.8,1.0,1.0,57.0,10.0,
1423495866955,88.8,1.0,0.0,29.0,10.0,
1423495871954,88.8,1.0,1.0,27.0,10.0,
1423495876954,88.8,1.0,0.0,60.0,10.0,
1423495881956,88.8,1.0,0.0,3.0,10.0,EventProcessingUnit,ScaleIn,
1423495886956,88.8,1.0,0.0,52.0,10.0,EventProcessingUnit,ScaleIn,
1423495891964,88.8,1.0,0.0,36.0,10.0,EventProcessingUnit,ScaleIn,
1423495896964,88.8,1.0,12.0,48.0,308.0,EventProcessingUnit,ScaleIn,
1423495901964,88.8,1.0,50.0,88.0,300.0,EventProcessingUnit,ScaleIn,
1423495906965,88.8,1.0,0.0,78.0,449.0,EventProcessingUnit,ScaleIn,
1423495911964,78.9,1.0,21.0,52.0,200.0,EventProcessingUnit,ScaleIn,
1423495916966,78.9,1.0,36.0,91.0,379.0,
1423495921966,78.9,1.0,0.0,56.0,457.0,
1423495926966,78.9,1.0,30.0,58.0,173.0,
1423495931967,80.2,1.0,23.0,90.0,431.0,
1423495936967,80.2,1.0,6.0,50.0,476.0,
1423495941967,80.2,1.0,41.0,81.0,236.0,
1423495946967,80.2,1.0,0.0,90.0,406.0,
1423495951968,76.0,1.0,18.0,49.0,302.0,
1423495956968,76.0,1.0,47.0,91.0,337.0,
1423495961967,76.0,1.0,0.0,67.0,473.0,
1423495966968,76.0,1.0,28.0,53.0,163.0,
1423495971968,79.8,1.0,28.0,90.0,410.0,
1423495976968,79.8,1.0,2.0,50.0,508.0,
1423495981970,79.8,1.0,38.0,72.0,210.0,
1423495986968,79.8,1.0,6.0,92.0,409.0,
1423495991969,79.8,1.0,12.0,49.0,354.0,
1423495996969,79.8,1.0,43.0,83.0,247.0,
1423496001970,79.8,1.0,0.0,86.0,401.0,
1423496006970,79.8,1.0,20.0,49.0,312.0,
1423496011971,79.8,1.0,45.0,90.0,357.0,
1423496016971,79.8,1.0,0.0,64.0,455.0,
1423496021971,79.8,1.0,28.0,56.0,167.0,
1423496026972,79.8,1.0,26.0,89.0,422.0,
1423496031971,79.8,1.0,3.0,51.0,462.0,
1423496036972,79.8,1.0,37.0,73.0,208.0,
1423496041972,79.8,1.0,8.0,90.0,400.0,
1423496046976,79.8,1.0,12.0,49.0,415.0,
1423496051980,80.0,1.0,48.0,89.0,282.0,
1423496056979,80.0,1.0,0.0,77.0,436.0,
1423496061980,80.0,1.0,20.0,51.0,187.0,
1423496066985,80.0,1.0,46.0,90.0,329.0,EventProcessingUnit,ScaleOut,
1423496071982,80.0,1.0,0.0,68.0,450.0,EventProcessingUnit,ScaleOut,
1423496076984,80.0,1.0,28.0,53.0,159.0,EventProcessingUnit,ScaleOut,
1423496081985,80.0,1.0,29.0,90.0,398.0,EventProcessingUnit,ScaleOut,
1423496086982,80.0,1.0,1.0,51.0,507.0,EventProcessingUnit,ScaleOut,
1423496091986,76.9,1.0,35.0,73.0,201.0,EventProcessingUnit,ScaleOut,
1423496096987,76.9,1.0,34.0,82.0,786.0,EventProcessingUnit,ScaleOut,
1423496101985,76.9,1.0,14.0,51.0,420.0,EventProcessingUnit,ScaleOut,
1423496106991,76.9,1.0,48.0,90.0,284.0,EventProcessingUnit,ScaleOut,
1423496111986,67.8,1.0,0.0,76.0,413.0,EventProcessingUnit,ScaleOut,
1423496116996,67.8,1.0,23.0,51.0,211.0,EventProcessingUnit,ScaleOut,
1423496121993,67.8,1.0,35.0,91.0,351.0,EventProcessingUnit,ScaleOut,
1423496126993,67.8,1.0,0.0,58.0,462.0,EventProcessingUnit,ScaleOut,
1423496131994,78.1,1.0,34.0,63.0,195.0,EventProcessingUnit,ScaleOut,
1423496136993,78.1,1.0,26.0,90.0,428.0,EventProcessingUnit,ScaleOut,
1423496141994,78.1,1.0,3.0,49.0,481.0,EventProcessingUnit,ScaleOut,
1423496146994,78.1,1.0,40.0,74.0,222.0,EventProcessingUnit,ScaleOut,
1423496151995,76.3,1.0,4.0,92.0,392.0,EventProcessingUnit,ScaleOut,
1423496156995,76.3,1.0,13.0,51.0,367.0,EventProcessingUnit,ScaleOut,
1423496161996,76.3,1.0,50.0,90.0,301.0,EventProcessingUnit,ScaleOut,
1423496166996,76.3,1.0,0.0,72.0,458.0,EventProcessingUnit,ScaleOut,
1423496171996,78.6,1.0,24.0,47.0,150.0,EventProcessingUnit,ScaleOut,
1423496176996,78.6,1.0,32.0,91.0,388.0,EventProcessingUnit,ScaleOut,
1423496182001,78.6,1.0,0.0,54.0,476.0,EventProcessingUnit,ScaleOut,
1423496187003,78.6,1.0,33.0,70.0,186.0,EventProcessingUnit,ScaleOut,
1423496191999,70.8,1.0,6.0,93.0,393.0,EventProcessingUnit,ScaleOut,
1423496197001,70.8,1.0,11.0,50.0,405.0,EventProcessingUnit,ScaleOut,
1423496202000,70.8,1.0,43.0,93.0,231.0,EventProcessingUnit,ScaleOut,
1423496207001,70.8,1.0,0.0,88.0,400.0,EventProcessingUnit,ScaleOut,
1423496212001,76.5,1.0,26.0,71.0,230.0,EventProcessingUnit,ScaleOut,
1423496217001,76.5,1.0,48.0,90.0,316.0,EventProcessingUnit,ScaleOut,
1423496222007,76.5,1.0,0.0,66.0,448.0,EventProcessingUnit,ScaleOut,
1423496227004,76.5,1.0,28.0,56.0,164.0,EventProcessingUnit,ScaleOut,
1423496232005,83.4,1.0,20.0,92.0,386.0,EventProcessingUnit,ScaleOut,
1423496237005,83.4,1.0,6.0,48.0,412.0,EventProcessingUnit,ScaleOut,
1423496242005,83.4,1.0,39.0,81.0,220.0,EventProcessingUnit,ScaleOut,
1423496247005,83.4,1.0,0.0,91.0,401.0,EventProcessingUnit,ScaleOut,
1423496252008,79.2,1.0,17.0,49.0,322.0,EventProcessingUnit,ScaleOut,
1423496257008,79.2,1.0,47.0,91.0,308.0,EventProcessingUnit,ScaleOut,
1423496262007,79.2,1.0,0.0,66.0,425.0,EventProcessingUnit,ScaleOut,
1423496267008,79.2,1.0,30.0,53.0,181.0,EventProcessingUnit,ScaleOut,
1423496272008,81.6,1.0,22.0,92.0,401.0,EventProcessingUnit,ScaleOut,
1423496277008,81.6,1.0,2.0,48.0,508.0,EventProcessingUnit,ScaleOut,
1423496282009,81.6,1.0,35.0,72.0,206.0,EventProcessingUnit,ScaleOut,
1423496287009,81.6,1.0,5.0,93.0,379.0,EventProcessingUnit,ScaleOut,
1423496292009,81.6,1.0,13.0,49.0,357.0,EventProcessingUnit,ScaleOut,
1423496297009,81.6,1.0,44.0,92.0,253.0,EventProcessingUnit,ScaleOut,
1423496302011,81.6,1.0,0.0,78.0,423.0,EventProcessingUnit,ScaleOut,
1423496307009,81.6,1.0,22.0,48.0,185.0,EventProcessingUnit,ScaleOut,
1423496312010,81.6,1.0,36.0,92.0,359.0,EventProcessingUnit,ScaleOut,
1423496317011,81.6,1.0,0.0,57.0,475.0,EventProcessingUnit,ScaleOut,
1423496322011,81.6,1.0,31.0,61.0,177.0,EventProcessingUnit,ScaleOut,
1423496327011,81.6,1.0,17.0,92.0,398.0,EventProcessingUnit,ScaleOut,
1423496332011,79.1,1.0,7.0,48.0,439.0,EventProcessingUnit,ScaleOut,
1423496337012,79.1,1.0,40.0,84.0,220.0,EventProcessingUnit,ScaleOut,
1423496342012,79.1,1.0,0.0,87.0,392.0,EventProcessingUnit,ScaleOut,
1423496347012,79.1,1.0,12.0,47.0,284.0,EventProcessingUnit,ScaleOut,
1423496352013,83.4,1.0,43.0,92.0,253.0,EventProcessingUnit,ScaleOut,
1423496357013,83.4,1.0,0.0,77.0,397.0,EventProcessingUnit,ScaleOut,
1423496362013,83.4,1.0,21.0,47.0,198.0,EventProcessingUnit,ScaleOut,
1423496367013,83.4,1.0,36.0,93.0,350.0,EventProcessingUnit,ScaleOut,
1423496372014,83.4,1.0,0.0,56.0,469.0,EventProcessingUnit,ScaleOut,
1423496377017,83.4,1.0,28.0,61.0,164.0,EventProcessingUnit,ScaleOut,
1423496382013,83.4,1.0,19.0,92.0,398.0,EventProcessingUnit,ScaleOut,
1423496387015,83.4,1.0,8.0,48.0,431.0,EventProcessingUnit,ScaleOut,
1423496392015,83.4,1.0,42.0,86.0,235.0,EventProcessingUnit,ScaleOut,
1423496397014,83.4,1.0,0.0,85.0,411.0,EventProcessingUnit,ScaleOut,
1423496402014,83.4,1.0,17.0,49.0,202.0,EventProcessingUnit,ScaleOut,
1423496407016,83.4,1.0,41.0,93.0,329.0,EventProcessingUnit,ScaleOut,
1423496412016,83.4,1.0,0.0,61.0,439.0,EventProcessingUnit,ScaleOut,
1423496417016,83.4,1.0,25.0,49.0,139.0,EventProcessingUnit,ScaleOut,
1423496422017,83.4,1.0,29.0,92.0,377.0,EventProcessingUnit,ScaleOut,
1423496427017,83.4,1.0,1.0,49.0,505.0,EventProcessingUnit,ScaleOut,
1423496432017,83.4,1.0,33.0,70.0,186.0,EventProcessingUnit,ScaleOut,
1423496437018,83.4,1.0,9.0,92.0,380.0,EventProcessingUnit,ScaleOut,
1423496442018,83.0,1.0,11.0,48.0,326.0,EventProcessingUnit,ScaleOut,
1423496447018,83.0,1.0,45.0,90.0,250.0,EventProcessingUnit,ScaleOut,
1423496452018,83.0,1.0,0.0,81.0,400.0,EventProcessingUnit,ScaleOut,
1423496457019,83.0,1.0,20.0,48.0,172.0,EventProcessingUnit,ScaleOut,
1423496462020,83.0,1.0,36.0,92.0,354.0,EventProcessingUnit,ScaleOut,
1423496467019,83.0,1.0,0.0,56.0,466.0,EventProcessingUnit,ScaleOut,
1423496472019,83.0,1.0,31.0,65.0,176.0,EventProcessingUnit,ScaleOut,
1423496477020,83.0,1.0,15.0,92.0,377.0,EventProcessingUnit,ScaleOut,
1423496482020,83.0,1.0,4.0,48.0,431.0,EventProcessingUnit,ScaleOut,
1423496487020,83.0,1.0,36.0,72.0,201.0,EventProcessingUnit,ScaleOut,
1423496492022,83.0,1.0,5.0,92.0,377.0,EventProcessingUnit,ScaleOut,
1423496497021,83.0,1.0,11.0,48.0,394.0,EventProcessingUnit,ScaleOut,
1423496502020,83.0,1.0,45.0,92.0,256.0,EventProcessingUnit,ScaleOut,
1423496507021,83.0,1.0,0.0,60.0,371.0,EventProcessingUnit,ScaleOut,
1423496512023,84.7,1.0,1.0,32.0,10.0,EventProcessingUnit,ScaleOut,
1423496517022,84.7,1.0,0.0,57.0,10.0,EventProcessingUnit,ScaleOut,
1423496522021,84.7,1.0,0.0,1.0,17.0,EventProcessingUnit,ScaleOut,
1423496527023,84.7,1.0,0.0,54.0,10.0,EventProcessingUnit,ScaleOut,
1423496532023,90.9,1.0,0.0,35.0,10.0,EventProcessingUnit,ScaleOut,
1423496537022,90.9,1.0,1.0,18.0,10.0,EventProcessingUnit,ScaleOut,
1423496542023,90.9,1.0,1.0,68.0,10.0,EventProcessingUnit,ScaleOut,
1423496547024,90.9,1.0,0.0,18.0,10.0,EventProcessingUnit,ScaleOut,
1423496552024,90.9,1.0,0.0,36.0,10.0,EventProcessingUnit,ScaleOut,
1423496557024,90.9,1.0,0.0,54.0,10.0,EventProcessingUnit,ScaleOut,
1423496562025,90.9,1.0,1.0,1.0,13.0,EventProcessingUnit,ScaleOut,
1423496567026,90.9,1.0,1.0,55.0,10.0,
1423496572025,90.9,1.0,0.0,34.0,10.0,
1423496577028,90.9,1.0,0.0,23.0,10.0,
1423496582028,90.9,1.0,0.0,68.0,10.0,
1423496587026,90.9,1.0,0.0,15.0,10.0,
1423496592027,90.9,1.0,1.0,41.0,10.0,
1423496597029,90.9,1.0,0.0,48.0,10.0,
1423496602029,90.9,1.0,0.0,0.0,0.0,
1423496607029,90.9,1.0,1.0,53.0,10.0,
1423496612029,90.9,1.0,0.0,34.0,10.0,
1423496617029,90.9,1.0,1.0,21.0,10.0,
1423496622036,91.1,1.0,0.0,68.0,10.0,
1423496627035,91.1,1.0,0.0,12.0,10.0,
1423496632036,91.1,1.0,1.0,43.0,10.0,
1423496637036,91.1,1.0,0.0,46.0,10.0,
1423496642036,91.1,1.0,1.0,6.0,10.0,
1423496647037,91.1,1.0,1.0,61.0,10.0,
1423496652036,88.0,1.0,0.0,27.0,10.0,
1423496657037,88.0,1.0,0.0,28.0,10.0,
1423496662037,88.0,1.0,0.0,61.0,10.0,
1423496667037,88.0,1.0,0.0,7.0,10.0,
1423496672038,90.1,1.0,1.0,48.0,10.0,
1423496677037,90.1,1.0,0.0,41.0,10.0,
1423496682038,90.1,1.0,1.0,13.0,10.0,
1423496687039,90.1,1.0,1.0,68.0,10.0,
1423496692038,90.1,1.0,0.0,20.0,10.0,
1423496697039,90.1,1.0,1.0,35.0,10.0,
1423496702039,90.1,1.0,0.0,54.0,10.0,
1423496707041,90.1,1.0,0.0,0.0,0.0,
1423496712039,90.1,1.0,0.0,52.0,10.0,
1423496717049,90.1,1.0,0.0,38.0,10.0,EventProcessingUnit,ScaleIn,
1423496722047,90.1,1.0,1.0,16.0,10.0,EventProcessingUnit,ScaleIn,
1423496727045,90.1,1.0,-1.0,-1.0,-1.0,EventProcessingUnit,ScaleIn,
1423497232295,36.1,1.0,EventProcessingUnit,ScaleOut,
1423497237298,54.7,1.0,0.0,0.0,0.0,EventProcessingUnit,ScaleOut,
1423497242296,54.7,1.0,0.0,8.0,12.0,EventProcessingUnit,ScaleOut,
1423497247297,54.7,1.0,1.0,46.0,11.0,EventProcessingUnit,ScaleOut,
1423497252317,54.7,1.0,0.0,41.0,10.0,EventProcessingUnit,ScaleOut,
1423497257331,50.0,1.0,1.0,14.0,11.0,EventProcessingUnit,ScaleOut,
1423497262332,50.0,1.0,1.0,68.0,10.0,EventProcessingUnit,ScaleOut,
1423497267331,50.0,1.0,0.0,20.0,10.0,EventProcessingUnit,ScaleOut,
1423497272332,78.1,1.0,0.0,34.0,10.0,EventProcessingUnit,ScaleOut,
1423497277331,78.1,1.0,0.0,54.0,10.0,EventProcessingUnit,ScaleOut,
1423497282332,78.1,1.0,1.0,1.0,18.0,EventProcessingUnit,ScaleOut,
1423497287332,78.1,1.0,0.0,57.0,10.0,EventProcessingUnit,ScaleOut,
1423497292334,79.8,1.0,0.0,32.0,10.0,
1423497297334,79.8,1.0,1.0,22.0,10.0,
1423497302333,79.8,1.0,0.0,65.0,10.0,
1423497307333,79.8,1.0,0.0,11.0,10.0,
1423497312334,79.8,1.0,1.0,43.0,10.0,
1423497317334,79.8,1.0,0.0,45.0,10.0,
1423497322335,79.8,1.0,1.0,8.0,11.0,
1423497327334,79.8,1.0,1.0,62.0,11.0,
1423497332337,83.9,1.0,0.0,27.0,10.0,
1423497337336,83.9,1.0,1.0,26.0,10.0,
1423497342336,83.9,1.0,0.0,62.0,10.0,
1423497347335,83.9,1.0,0.0,7.0,10.0,
1423497352337,83.9,1.0,1.0,47.0,10.0,
1423497357337,83.9,1.0,0.0,42.0,10.0,
1423497362337,83.9,1.0,1.0,13.0,10.0,
1423497367338,83.9,1.0,1.0,58.0,10.0,
1423497372338,83.9,1.0,0.0,31.0,10.0,
1423497377338,83.9,1.0,1.0,22.0,10.0,
1423497382338,83.9,1.0,0.0,67.0,10.0,
1423497387339,83.9,1.0,0.0,12.0,10.0,
1423497392339,83.9,1.0,1.0,43.0,11.0,
1423497397338,83.9,1.0,0.0,45.0,10.0,
1423497402339,83.9,1.0,1.0,10.0,10.0,
1423497407339,83.9,1.0,0.0,66.0,10.0,
1423497412340,76.1,1.0,0.0,25.0,10.0,
1423497417340,76.1,1.0,1.0,30.0,10.0,
1423497422341,76.1,1.0,0.0,59.0,10.0,
1423497427340,76.1,1.0,0.0,3.0,10.0,
1423497432341,82.5,1.0,1.0,51.0,10.0,
1423497437341,82.5,1.0,0.0,37.0,10.0,
1423497442344,82.5,1.0,1.0,20.0,10.0,EventProcessingUnit,ScaleIn,
1423497447341,82.5,1.0,0.0,67.0,10.0,EventProcessingUnit,ScaleIn,
1423497452345,82.8,1.0,0.0,13.0,10.0,EventProcessingUnit,ScaleIn,
1423497457343,82.8,1.0,1.0,42.0,10.0,EventProcessingUnit,ScaleIn,
1423497462343,82.8,1.0,4.0,49.0,430.0,EventProcessingUnit,ScaleIn,
1423497467342,82.8,1.0,4.0,49.0,430.0,EventProcessingUnit,ScaleIn,
1423497472343,75.4,1.0,39.0,76.0,229.0,EventProcessingUnit,ScaleIn,
1423497477343,75.4,1.0,4.0,90.0,411.0,
1423497482344,75.4,1.0,7.0,35.0,268.0,
1423497487344,75.4,1.0,43.0,79.0,248.0,
1423497492344,78.8,1.0,0.0,88.0,396.0,
1423497497344,78.8,1.0,17.0,50.0,297.0,
1423497502344,78.8,1.0,48.0,90.0,346.0,
1423497507345,78.8,1.0,0.0,65.0,439.0,
1423497512345,78.8,1.0,27.0,54.0,166.0,
1423497517345,78.8,1.0,24.0,91.0,403.0,
1423497522345,78.8,1.0,3.0,50.0,478.0,
1423497527345,78.8,1.0,39.0,76.0,226.0,
1423497532346,76.8,1.0,5.0,90.0,406.0,
1423497537345,76.8,1.0,14.0,50.0,386.0,
1423497542349,76.8,1.0,48.0,90.0,297.0,
1423497547348,76.8,1.0,0.0,74.0,431.0,
1423497552347,76.8,1.0,13.0,29.0,141.0,
1423497557348,76.8,1.0,49.0,90.0,284.0,
1423497562348,76.8,1.0,0.0,74.0,449.0,
1423497567349,76.8,1.0,26.0,50.0,201.0,
1423497572348,79.7,1.0,32.0,90.0,409.0,
1423497577355,79.7,1.0,0.0,52.0,512.0,
1423497582352,79.7,1.0,36.0,70.0,204.0,
1423497587350,79.7,1.0,13.0,89.0,442.0,
1423497592351,78.0,1.0,9.0,46.0,384.0,
1423497597352,78.0,1.0,44.0,86.0,248.0,
1423497602351,78.0,1.0,0.0,85.0,432.0,
1423497607351,78.0,1.0,19.0,49.0,231.0,
1423497612352,79.8,1.0,45.0,89.0,339.0,
1423497617354,79.8,1.0,0.0,67.0,469.0,
1423497622360,79.8,1.0,1.0,51.0,104.0,
1423497627356,79.8,1.0,46.0,90.0,359.0,EventProcessingUnit,ScaleOut,
1423497632355,79.8,1.0,0.0,63.0,483.0,EventProcessingUnit,ScaleOut,
1423497637356,79.8,1.0,31.0,56.0,183.0,EventProcessingUnit,ScaleOut,
1423497642359,79.8,1.0,24.0,88.0,433.0,EventProcessingUnit,ScaleOut,
1423497647357,79.8,1.0,5.0,51.0,496.0,EventProcessingUnit,ScaleOut,
1423497652356,77.5,1.0,37.0,75.0,214.0,EventProcessingUnit,ScaleOut,
1423497657356,77.5,1.0,12.0,89.0,490.0,EventProcessingUnit,ScaleOut,
1423497662359,77.5,1.0,13.0,51.0,357.0,EventProcessingUnit,ScaleOut,
1423497667358,77.5,1.0,47.0,90.0,273.0,EventProcessingUnit,ScaleOut,
1423497672359,77.5,1.0,0.0,77.0,427.0,EventProcessingUnit,ScaleOut,
1423497677362,77.5,1.0,22.0,48.0,231.0,EventProcessingUnit,ScaleOut,
1423497682360,77.5,1.0,38.0,90.0,371.0,EventProcessingUnit,ScaleOut,
1423497687358,77.5,1.0,0.0,57.0,455.0,EventProcessingUnit,ScaleOut,
1423497692358,79.3,1.0,30.0,60.0,168.0,EventProcessingUnit,ScaleOut,
1423497697360,79.3,1.0,39.0,90.0,375.0,EventProcessingUnit,ScaleOut,
1423497702360,79.3,1.0,0.0,58.0,456.0,EventProcessingUnit,ScaleOut,
1423497707360,79.3,1.0,35.0,62.0,197.0,EventProcessingUnit,ScaleOut,
1423497712360,77.9,1.0,17.0,89.0,424.0,EventProcessingUnit,ScaleOut,
1423497717360,77.9,1.0,7.0,48.0,442.0,EventProcessingUnit,ScaleOut,
1423497722360,77.9,1.0,46.0,79.0,264.0,EventProcessingUnit,ScaleOut,
1423497727361,77.9,1.0,0.0,88.0,421.0,EventProcessingUnit,ScaleOut,
1423497732361,75.7,1.0,17.0,50.0,329.0,EventProcessingUnit,ScaleOut,
1423497737365,75.7,1.0,50.0,89.0,327.0,EventProcessingUnit,ScaleOut,
1423497742362,75.7,1.0,0.0,70.0,468.0,EventProcessingUnit,ScaleOut,
1423497747361,75.7,1.0,27.0,52.0,154.0,EventProcessingUnit,ScaleOut,
1423497752362,77.8,1.0,27.0,90.0,412.0,EventProcessingUnit,ScaleOut,
1423497757363,77.8,1.0,2.0,49.0,517.0,EventProcessingUnit,ScaleOut,
1423497762362,77.8,1.0,35.0,71.0,206.0,EventProcessingUnit,ScaleOut,
1423497767363,77.8,1.0,27.0,91.0,402.0,EventProcessingUnit,ScaleOut,
1423497772363,79.5,1.0,2.0,51.0,521.0,EventProcessingUnit,ScaleOut,
1423497777364,79.5,1.0,38.0,71.0,216.0,EventProcessingUnit,ScaleOut,
1423497782363,79.5,1.0,9.0,90.0,432.0,EventProcessingUnit,ScaleOut,
1423497787365,79.5,1.0,11.0,49.0,397.0,EventProcessingUnit,ScaleOut,
1423497792365,78.7,1.0,47.0,89.0,264.0,EventProcessingUnit,ScaleOut,
1423497797364,78.7,1.0,0.0,79.0,424.0,EventProcessingUnit,ScaleOut,
1423497802365,78.7,1.0,19.0,49.0,224.0,EventProcessingUnit,ScaleOut,
1423497807368,78.7,1.0,41.0,91.0,352.0,EventProcessingUnit,ScaleOut,
1423497812365,78.7,1.0,0.0,61.0,457.0,EventProcessingUnit,ScaleOut,
1423497817365,78.7,1.0,29.0,58.0,173.0,EventProcessingUnit,ScaleOut,
1423497822368,78.7,1.0,22.0,89.0,425.0,EventProcessingUnit,ScaleOut,
1423497827367,78.7,1.0,6.0,49.0,428.0,EventProcessingUnit,ScaleOut,
1423497832368,78.7,1.0,40.0,78.0,227.0,EventProcessingUnit,ScaleOut,
1423497837368,78.7,1.0,21.0,91.0,413.0,EventProcessingUnit,ScaleOut,
1423497842368,78.7,1.0,4.0,48.0,482.0,EventProcessingUnit,ScaleOut,
1423497847369,78.7,1.0,41.0,76.0,239.0,EventProcessingUnit,ScaleOut,
1423497852369,78.7,1.0,2.0,91.0,429.0,EventProcessingUnit,ScaleOut,
1423497857369,78.7,1.0,15.0,51.0,374.0,EventProcessingUnit,ScaleOut,
1423497862370,78.7,1.0,51.0,89.0,319.0,EventProcessingUnit,ScaleOut,
1423497867369,78.7,1.0,0.0,71.0,436.0,EventProcessingUnit,ScaleOut,
1423497872370,78.0,1.0,25.0,51.0,200.0,EventProcessingUnit,ScaleOut,
1423497877371,78.0,1.0,32.0,90.0,405.0,EventProcessingUnit,ScaleOut,
1423497882371,78.0,1.0,0.0,52.0,525.0,EventProcessingUnit,ScaleOut,
1423497887372,78.0,1.0,36.0,67.0,208.0,EventProcessingUnit,ScaleOut,
1423497892371,79.8,1.0,12.0,91.0,405.0,EventProcessingUnit,ScaleOut,
1423497897370,79.8,1.0,9.0,49.0,391.0,EventProcessingUnit,ScaleOut,
1423497902371,79.8,1.0,44.0,88.0,254.0,EventProcessingUnit,ScaleOut,
1423497907373,79.8,1.0,0.0,88.0,208.0,EventProcessingUnit,ScaleOut,
1423497912373,79.8,1.0,9.0,46.0,443.0,EventProcessingUnit,ScaleOut,
1423497917372,79.8,1.0,44.0,83.0,252.0,EventProcessingUnit,ScaleOut,
1423497922374,79.8,1.0,0.0,88.0,410.0,EventProcessingUnit,ScaleOut,
1423497927374,79.8,1.0,18.0,51.0,295.0,EventProcessingUnit,ScaleOut,
1423497932373,82.0,1.0,49.0,91.0,321.0,EventProcessingUnit,ScaleOut,
1423497937374,82.0,1.0,0.0,15.0,10.0,EventProcessingUnit,ScaleOut,
1423497942376,82.0,1.0,1.0,39.0,10.0,EventProcessingUnit,ScaleOut,
1423497947375,82.0,1.0,0.0,51.0,10.0,EventProcessingUnit,ScaleOut,
1423497952376,88.6,1.0,1.0,5.0,10.0,EventProcessingUnit,ScaleOut,
1423497957376,88.6,1.0,1.0,59.0,10.0,EventProcessingUnit,ScaleOut,
1423497962375,88.6,1.0,0.0,29.0,10.0,EventProcessingUnit,ScaleOut,
1423497967376,88.6,1.0,1.0,24.0,10.0,EventProcessingUnit,ScaleOut,
1423497972376,87.1,1.0,0.0,64.0,10.0,EventProcessingUnit,ScaleOut,
1423497977377,87.1,1.0,0.0,9.0,10.0,EventProcessingUnit,ScaleOut,
1423497982376,87.1,1.0,1.0,44.0,10.0,EventProcessingUnit,ScaleOut,
1423497987377,87.1,1.0,0.0,43.0,10.0,
1423497992377,87.1,1.0,1.0,12.0,10.0,
1423497997377,87.1,1.0,1.0,67.0,10.0,
1423498002378,87.1,1.0,0.0,22.0,10.0,
1423498007378,87.1,1.0,1.0,33.0,10.0,
