Time ,cost , ongoingAction, targetedNodeID
1423483144052,1.2222,
1423483149052,1.2222,
1423483154069,1.2222,
1423483159075,1.2222,
1423483164047,1.2222,
1423483169048,1.2222,
1423483174049,1.2222,
1423483179057,1.2222,
1423483184055,1.2222,
1423483189061,1.2222,
1423483194060,1.2222,
1423483199060,1.2222,
1423483204053,1.2222,
1423483209063,1.2222,
1423483214052,1.2222,
1423483219061,1.2222,
1423483224055,1.2222,
1423483229065,1.2222,
1423483234057,1.2222,
1423483239068,1.2222,
1423483244068,1.2222,
1423483249065,1.2222,
1423483254077,1.2222,
1423483259065,1.2222,
1423483264064,1.2222,
1423483269066,1.2222,
1423483274067,1.2222,
1423483279066,1.2222,
1423483284065,1.2222,
1423483289066,1.2222,
1423483294068,0.0679,
1423483299067,0.094,
1423483304070,0.014,EventProcessingUnit,ScaleOut,
1423483309072,0.0437,EventProcessingUnit,ScaleOut,
1423483314070,0.0226,EventProcessingUnit,ScaleOut,
1423483319068,0.0214,EventProcessingUnit,ScaleOut,
1423483324068,0.0509,EventProcessingUnit,ScaleOut,
1423483329069,0.0137,EventProcessingUnit,ScaleOut,
1423483334069,0.0815,EventProcessingUnit,ScaleOut,
1423483339069,0.0185,EventProcessingUnit,ScaleOut,
1423483344080,0.0278,EventProcessingUnit,ScaleOut,
1423483349073,0.033,EventProcessingUnit,ScaleOut,
1423483354073,0.0161,EventProcessingUnit,ScaleOut,
1423483359075,0.1746,EventProcessingUnit,ScaleOut,
1423483364073,0.0147,EventProcessingUnit,ScaleOut,
1423483369072,0.0407,EventProcessingUnit,ScaleOut,
1423483374072,0.0249,EventProcessingUnit,ScaleOut,
1423483379073,0.0191,EventProcessingUnit,ScaleOut,
1423483384081,0.0815,EventProcessingUnit,ScaleOut,
1423483389073,0.0137,EventProcessingUnit,ScaleOut,
1423483394086,0.0531,EventProcessingUnit,ScaleOut,
1423483399078,0.0218,EventProcessingUnit,ScaleOut,
1423483404075,0.0207,EventProcessingUnit,ScaleOut,
1423483409079,0.0643,EventProcessingUnit,ScaleOut,
1423483414076,0.0136,EventProcessingUnit,ScaleOut,
1423483419077,0.0643,EventProcessingUnit,ScaleOut,
1423483424077,0.02,EventProcessingUnit,ScaleOut,
1423483429077,0.0231,EventProcessingUnit,ScaleOut,
1423483434078,0.0421,EventProcessingUnit,ScaleOut,
1423483439077,0.0144,EventProcessingUnit,ScaleOut,
1423483444078,0.1528,EventProcessingUnit,ScaleOut,
1423483449083,0.0177,EventProcessingUnit,ScaleOut,
1423483454102,0.0278,EventProcessingUnit,ScaleOut,
1423483459097,0.034,EventProcessingUnit,ScaleOut,
1423483464099,0.0159,EventProcessingUnit,ScaleOut,
1423483469097,0.6111,EventProcessingUnit,ScaleOut,
1423483474098,0.0157,EventProcessingUnit,ScaleOut,
1423483479104,0.0349,EventProcessingUnit,ScaleOut,
1423483484103,0.0278,EventProcessingUnit,ScaleOut,
1423483489103,0.0177,EventProcessingUnit,ScaleOut,
1423483494104,0.1528,EventProcessingUnit,ScaleOut,
1423483499104,0.0142,EventProcessingUnit,ScaleOut,
1423483504108,0.0437,EventProcessingUnit,ScaleOut,
1423483509107,0.024,EventProcessingUnit,ScaleOut,
1423483514124,0.02,EventProcessingUnit,ScaleOut,
1423483519123,0.0679,EventProcessingUnit,ScaleOut,
1423483524118,0.0133,EventProcessingUnit,ScaleOut,
1423483529118,0.0643,EventProcessingUnit,ScaleOut,
1423483534121,0.0207,EventProcessingUnit,ScaleOut,
1423483539121,0.0218,EventProcessingUnit,ScaleOut,
1423483544121,0.0582,EventProcessingUnit,ScaleOut,
1423483549119,0.0134,EventProcessingUnit,ScaleOut,
1423483554169,0.094,EventProcessingUnit,ScaleOut,
1423483559138,0.0175,EventProcessingUnit,ScaleOut,
1423483564174,0.0266,EventProcessingUnit,ScaleOut,
1423483569151,0.0359,EventProcessingUnit,ScaleOut,
1423483574152,0.0157,EventProcessingUnit,ScaleOut,
1423483579155,0.6111,EventProcessingUnit,ScaleOut,
1423483584151,0.0163,EventProcessingUnit,ScaleOut,
1423483589152,0.0359,EventProcessingUnit,ScaleOut,
1423483594153,0.0255,EventProcessingUnit,ScaleOut,
1423483599154,0.0197,EventProcessingUnit,ScaleOut,
1423483604161,0.0815,EventProcessingUnit,ScaleOut,
1423483609160,0.0136,EventProcessingUnit,ScaleOut,
1423483614165,0.0509,EventProcessingUnit,ScaleOut,
1423483619164,0.0235,EventProcessingUnit,ScaleOut,
1423483624166,0.0214,EventProcessingUnit,ScaleOut,
1423483629166,0.0582,EventProcessingUnit,ScaleOut,
1423483634167,0.0136,EventProcessingUnit,ScaleOut,
1423483639166,0.1358,EventProcessingUnit,ScaleOut,
1423483644167,0.0175,EventProcessingUnit,ScaleOut,
1423483649283,0.0362,EventProcessingUnit,ScaleOut,
1423483654167,0.0432,EventProcessingUnit,ScaleOut,
1423483659169,0.0192,EventProcessingUnit,ScaleOut,
1423483664168,0.3111,EventProcessingUnit,ScaleOut,
1423483669167,0.0194,EventProcessingUnit,ScaleOut,
1423483674167,0.0458,EventProcessingUnit,ScaleOut,
1423483679169,0.0338,EventProcessingUnit,ScaleOut,
1423483684173,0.0229,EventProcessingUnit,ScaleOut,
1423483689168,0.1296,EventProcessingUnit,ScaleOut,
1423483694169,0.0173,EventProcessingUnit,ScaleOut,
1423483699169,0.0676,EventProcessingUnit,ScaleOut,
1423483704172,0.0259,EventProcessingUnit,ScaleOut,
1423483709217,0.0278,EventProcessingUnit,ScaleOut,
1423483714197,0.0648,
1423483719194,0.0177,
1423483724194,0.1728,
1423483729198,0.0216,
1423483734198,0.0379,
1423483739242,0.0409,
1423483744247,0.0207,
1423483749226,0.3111,
1423483754682,0.0187,
1423483759671,0.0317,
1423483764672,0.0239,
1423483769672,0.1111,
1423483774672,0.0169,
1423483779674,0.0778,
1423483784674,0.0259,
1423483789674,0.0278,
1423483794674,0.0648,
1423483799676,0.0173,
1423483804676,1.5556,
1423483806986,1.5556,
1423483811983,1.5556,
1423483816983,1.5556,
1423483821984,1.5556,
1423483826983,1.5556,
1423483831984,1.5556,
1423483836986,1.5556,
1423483841988,1.5556,
1423483846985,1.5556,
1423483851988,1.5556,
1423483856990,1.5556,
1423483861988,1.5556,
1423483866986,1.5556,
1423483871994,1.5556,
1423483876988,1.5556,
1423483881988,1.5556,
1423483886990,1.5556,
1423483891993,1.5556,
1423483896992,1.5556,
1423483901992,1.5556,
1423483906994,1.5556,
1423483911993,1.5556,
1423483916995,1.5556,
1423483921994,1.5556,
1423483926992,1.5556,
1423483931992,1.5556,
1423483936994,1.5556,
1423483941994,1.5556,
1423483946995,1.5556,
1423483951993,1.5556,
1423483956997,1.5556,
1423483961994,1.5556,
1423483966997,1.5556,
1423483971994,1.5556,
1423483976998,1.5556,
1423483981995,1.5556,
1423483986995,1.5556,
1423483991998,1.5556,
1423483997002,1.5556,
1423484001998,1.5556,
1423484006996,1.5556,
1423484011999,1.5556,
1423484016999,1.5556,
1423484021999,1.5556,
1423484027000,1.5556,
1423484031999,1.5556,
1423484037000,1.5556,
1423484041999,1.5556,
1423484046999,1.5556,
1423484052000,1.5556,
1423484057001,1.5556,
1423484062002,1.5556,
1423484067003,1.5556,
1423484072003,1.5556,
1423484077000,1.5556,
1423484082001,1.5556,EventProcessingUnit,ScaleIn,
1423484087001,1.5556,EventProcessingUnit,ScaleIn,
1423484092002,1.5556,EventProcessingUnit,ScaleIn,
1423484097004,1.2222,EventProcessingUnit,ScaleIn,
1423484102003,1.2222,EventProcessingUnit,ScaleIn,
1423484107002,1.2222,EventProcessingUnit,ScaleIn,
1423484112003,1.2222,
1423484117003,1.2222,
1423484122005,1.2222,
1423484127006,1.2222,
1423484132006,1.2222,
1423484137007,1.2222,
1423484142006,1.2222,
1423484147006,1.2222,
1423484152005,1.2222,
1423484157005,1.2222,
1423484162005,1.2222,
1423484167008,1.2222,
1423484172009,1.2222,
1423484177006,1.2222,
1423484182007,1.2222,
1423484187008,1.2222,
1423484192008,1.2222,
1423484197007,1.2222,
1423484202010,1.2222,
1423484207010,1.2222,
1423484212010,1.2222,
1423484217010,1.2222,
1423484222012,1.2222,
1423484227011,1.2222,
1423484232011,1.2222,
1423484237012,1.2222,
1423484242012,1.2222,
1423484247012,1.2222,
1423484252013,1.2222,
1423484257019,1.2222,
1423484262013,1.2222,
1423484267014,1.2222,
1423484272016,1.2222,
1423484277014,1.2222,
1423484282013,1.2222,
1423484287014,1.2222,
1423484292017,1.2222,
1423484297014,1.2222,
1423484302014,1.2222,
1423484307020,1.2222,
1423484312020,1.2222,
1423484317015,1.2222,
1423484322024,1.2222,
1423484327017,1.2222,
1423484332018,1.2222,
1423484337016,1.2222,
1423484342019,1.2222,
1423484347019,1.2222,
1423484352019,1.2222,
1423484357021,0.02,
1423484362020,0.0163,
1423484367020,0.0815,
1423484372019,0.0815,
1423484377019,0.047,
1423484382020,1.2222,
1423484387021,0.0815,
1423484392020,1.2222,
1423484397021,1.2222,
1423484402023,1.2222,
1423484407022,1.2222,
1423484412023,1.2222,
1423484417038,1.2222,
1423484422023,1.2222,
1423484427022,1.2222,
1423484432023,1.2222,
1423484437110,1.2222,
1423484442075,1.2222,
1423484447100,1.2222,
1423484452103,1.2222,
1423484457096,1.2222,
1423484462097,1.2222,
1423484467097,0.0278,
1423484472097,0.3056,
1423484477098,1.2222,
1423484482098,1.2222,
1423484487153,1.2222,
1423484492100,1.2222,
1423484496388,0.0272,
1423484501369,0.0509,
1423484506367,1.2222,
1423484511368,1.2222,
1423484516371,1.2222,
1423484521368,1.2222,
1423484526369,0.1111,
1423484531370,0.0272,
1423484536370,0.0272,
1423484541369,0.0272,
1423484546370,0.0272,
1423484551372,1.2222,
1423484556371,1.2222,
1423484561371,0.0313,
1423484566373,0.0313,
1423484571373,0.0313,
1423484576372,0.0313,
1423484581371,0.0313,
1423484586375,0.0313,
1423484591373,0.0313,
1423484596375,0.0313,
1423484601375,0.0313,
1423484606373,0.0313,
1423484611374,0.0313,
1423484616374,0.0313,
1423484621374,0.0313,
1423484626374,1.2222,
1423484631374,1.2222,
1423484636377,1.2222,
1423484641375,0.0407,
1423484646377,0.0272,
1423484651376,0.0272,
1423484656378,1.2222,
1423484661378,0.0437,
1423484666378,0.0159,
1423484671377,1.2222,
1423484676379,0.0155,
1423484681379,0.0359,
1423484686379,0.0272,
1423484691379,0.0175,
1423484696381,0.2037,
1423484701379,0.0146,
1423484706379,0.0437,
1423484711381,0.024,
1423484716381,0.0194,
1423484721380,0.0249,
1423484726382,0.0133,
1423484731380,0.018,
1423484736381,0.0197,
1423484741382,0.0131,
1423484746384,0.0226,
1423484751381,0.0133,
1423484756383,0.0214,
1423484761387,0.0151,
1423484766384,0.0165,
1423484771385,0.0188,EventProcessingUnit,ScaleOut,
1423484776382,0.0134,EventProcessingUnit,ScaleOut,
1423484781386,0.0235,EventProcessingUnit,ScaleOut,
1423484786383,0.0142,EventProcessingUnit,ScaleOut,
1423484791384,0.0177,EventProcessingUnit,ScaleOut,
1423484796385,0.0191,EventProcessingUnit,ScaleOut,
1423484801387,0.0131,EventProcessingUnit,ScaleOut,
1423484806386,0.0235,EventProcessingUnit,ScaleOut,
1423484811385,0.0139,EventProcessingUnit,ScaleOut,
1423484816387,0.0161,EventProcessingUnit,ScaleOut,
1423484821386,0.0218,EventProcessingUnit,ScaleOut,
1423484826386,0.0131,EventProcessingUnit,ScaleOut,
1423484831417,0.024,EventProcessingUnit,ScaleOut,
1423484836394,0.0133,EventProcessingUnit,ScaleOut,
1423484841394,0.0191,EventProcessingUnit,ScaleOut,
1423484846418,0.0188,EventProcessingUnit,ScaleOut,
1423484851417,0.0131,EventProcessingUnit,ScaleOut,
1423484856417,0.024,EventProcessingUnit,ScaleOut,
1423484861417,0.012,EventProcessingUnit,ScaleOut,
1423484866418,0.0214,EventProcessingUnit,ScaleOut,
1423484871418,0.0149,EventProcessingUnit,ScaleOut,
1423484876418,0.0167,EventProcessingUnit,ScaleOut,
1423484881418,0.0188,EventProcessingUnit,ScaleOut,
1423484886421,0.0139,EventProcessingUnit,ScaleOut,
1423484891422,0.0235,EventProcessingUnit,ScaleOut,
1423484896420,0.0139,EventProcessingUnit,ScaleOut,
1423484901420,0.0175,EventProcessingUnit,ScaleOut,
1423484906420,0.0191,EventProcessingUnit,ScaleOut,
1423484911421,0.013,EventProcessingUnit,ScaleOut,
1423484916436,0.024,EventProcessingUnit,ScaleOut,
1423484921425,0.0131,EventProcessingUnit,ScaleOut,
1423484926426,0.018,EventProcessingUnit,ScaleOut,
1423484931424,0.0197,EventProcessingUnit,ScaleOut,
1423484936445,0.0131,EventProcessingUnit,ScaleOut,
1423484941446,0.024,EventProcessingUnit,ScaleOut,
1423484946428,0.013,EventProcessingUnit,ScaleOut,
1423484951426,0.0222,EventProcessingUnit,ScaleOut,
1423484956430,0.0163,EventProcessingUnit,ScaleOut,
1423484961431,0.0146,EventProcessingUnit,ScaleOut,
1423484966430,0.0231,EventProcessingUnit,ScaleOut,
1423484971431,0.0133,EventProcessingUnit,ScaleOut,
1423484976429,0.0231,EventProcessingUnit,ScaleOut,
1423484981429,0.0139,EventProcessingUnit,ScaleOut,
1423484986431,0.0182,EventProcessingUnit,ScaleOut,
1423484991436,0.0172,EventProcessingUnit,ScaleOut,
1423484996435,0.0146,EventProcessingUnit,ScaleOut,
1423485001435,0.0218,EventProcessingUnit,ScaleOut,
1423485006434,0.0134,EventProcessingUnit,ScaleOut,
1423485011435,0.0185,EventProcessingUnit,ScaleOut,
1423485016436,0.0182,EventProcessingUnit,ScaleOut,
1423485021436,0.0134,EventProcessingUnit,ScaleOut,
1423485026436,0.024,EventProcessingUnit,ScaleOut,
1423485031435,0.0131,EventProcessingUnit,ScaleOut,
1423485036435,0.0207,EventProcessingUnit,ScaleOut,
1423485041436,0.0177,EventProcessingUnit,ScaleOut,
1423485046437,0.0131,EventProcessingUnit,ScaleOut,
1423485051438,0.0244,EventProcessingUnit,ScaleOut,
1423485056437,0.0133,EventProcessingUnit,ScaleOut,
1423485061437,0.0226,EventProcessingUnit,ScaleOut,
1423485066437,0.0147,EventProcessingUnit,ScaleOut,
1423485071438,0.0205,EventProcessingUnit,ScaleOut,
1423485076454,0.0157,EventProcessingUnit,ScaleOut,
1423485081449,0.0179,EventProcessingUnit,ScaleOut,
1423485086449,0.0432,EventProcessingUnit,ScaleOut,
1423485091451,0.0136,EventProcessingUnit,ScaleOut,
1423485096451,0.0354,EventProcessingUnit,ScaleOut,
1423485101455,0.0171,EventProcessingUnit,ScaleOut,
1423485106452,0.0236,EventProcessingUnit,ScaleOut,
1423485111452,0.0236,EventProcessingUnit,ScaleOut,
1423485116452,0.0167,EventProcessingUnit,ScaleOut,
1423485121453,0.0278,EventProcessingUnit,ScaleOut,
1423485126452,0.0199,EventProcessingUnit,ScaleOut,
1423485131458,0.0197,
1423485136455,0.0305,
1423485141455,0.0147,
1423485146456,0.0556,
1423485151456,0.0145,
1423485156458,0.0102,
1423485161457,0.0187,
1423485166457,0.0098,
1423485171458,0.019,
1423485176458,0.0102,
1423485181461,0.0135,
1423485186459,0.0139,
1423485191459,0.0115,
1423485196458,0.0154,
1423485201460,0.0107,
1423485206460,0.0157,
1423485211464,0.0133,
1423485216486,0.011,
1423485221475,0.0148,
1423485226476,0.0116,
1423485231481,0.0086,
1423485236480,0.0097,
1423485241483,0.0087,
1423485246481,0.0095,
1423485251520,0.0096,
1423485256508,0.0086,
1423485261508,0.0102,
1423485266508,0.0085,
1423485271510,0.0098,
1423485276508,0.0086,
1423485281511,0.0093,
1423485286511,0.009,
1423485291520,0.0096,
1423485296514,0.0092,
1423485301517,0.0089,
1423485306514,0.0092,
1423485311516,0.0098,
1423485316515,0.0085,
1423485321534,0.0095,
1423485326520,0.0088,
1423485331524,0.0085,
1423485336522,0.0169,
1423485341522,0.0164,
1423485346522,0.0164,
1423485351522,0.0278,
1423485356522,0.0278,
1423485361521,0.0278,
1423485366521,0.0278,
1423485371522,0.0278,
1423485376524,0.0278,
1423485381584,0.0278,
1423485386577,0.0278,
1423485391576,0.0278,
1423485396575,0.0278,
1423485401575,0.0278,
1423485406578,0.0278,
1423485411578,0.0278,
1423485416578,0.0278,
1423485421600,0.0346,
1423485426596,0.0346,
1423485431595,0.0346,
1423485436595,0.0346,
1423485441599,0.0346,
1423485446598,0.0346,
1423485451603,0.0346,
1423485456599,0.0346,
1423485461601,0.0346,
1423485466600,0.0346,
1423485471600,0.0346,
1423485476603,0.0346,
1423485481601,0.0346,
1423485486604,0.0346,
1423485491602,0.0346,
1423485496602,0.0346,
1423485501602,0.0346,
1423485506604,0.0346,
1423485511605,0.0346,
1423485516642,0.1296,
1423485521636,0.1296,
1423485526636,0.1296,
1423485531637,0.1296,
1423485536637,0.1296,
1423485541637,0.0338,
1423485546638,0.0338,
1423485551639,0.0338,
1423485556639,0.0338,
1423485561639,0.0338,
1423485566640,0.0338,
1423485571640,0.0171,
1423485576653,0.0338,
1423485581641,0.0338,
1423485586640,0.0338,
1423485591641,0.0222,
1423485596640,0.0187,
1423485601641,0.0169,
1423485606641,0.0486,
1423485611642,0.0486,
1423485616642,0.0486,
1423485621642,0.0486,
1423485626642,0.0486,
1423485631642,0.0486,
1423485636644,0.0486,
1423485641643,0.0486,
1423485646643,0.0486,
1423485651644,0.0486,
1423485656644,0.0486,
1423485661644,0.0486,
1423485666644,0.0486,
1423485671645,0.0486,
1423485676645,0.021,
1423485681646,0.021,
1423485686649,0.0232,
1423485691649,0.0232,
1423485696649,0.0232,
1423485701648,0.0232,
1423485706649,0.0232,
1423485711649,0.0232,
1423485716651,0.0232,
1423485721651,0.0486,
1423485726650,0.0199,
1423485731649,0.0268,
1423485736650,0.0216,
1423485741651,0.0154,
1423485746649,0.016,
1423485751650,0.0181,
1423485756650,0.0135,
1423485761651,0.0187,
1423485766650,0.0162,
1423485771651,0.016,
1423485776655,0.016,
1423485781653,0.0147,
1423485786651,0.0202,
1423485791653,0.0138,
1423485796653,0.0165,
1423485801654,0.016,
1423485806654,0.016,
1423485811655,0.019,
1423485816668,0.0134,
1423485821653,0.0181,
1423485826657,0.016,
1423485831657,0.0162,
1423485836654,0.0165,
1423485841660,0.0136,
1423485846657,0.0202,
1423485851657,0.0157,
1423485856656,0.0122,
1423485861658,0.0135,
1423485866657,0.0117,
1423485871657,0.015,
1423485876656,0.0114,
1423485881660,0.0131,
1423485886659,0.0141,
1423485891660,0.0117,
1423485896660,0.0145,
1423485901658,0.011,
1423485906660,0.0153,
1423485911660,0.012,
1423485916661,0.0104,
1423485921660,0.0109,
1423485926661,0.0103,
1423485931662,0.0119,
1423485936662,0.01,
1423485941662,0.0108,
1423485946662,0.0109,
1423485951661,0.0104,
1423485956665,0.0112,
1423485961663,0.0097,
1423485966665,0.0111,
1423485971662,0.0107,
1423485976662,0.0107,
1423485981664,0.0109,
1423485986670,0.0102,
1423485991666,0.0116,
1423485996666,0.0104,
1423486001667,0.0105,
1423486006665,0.0108,
1423486011667,0.0104,
1423486016667,0.0112,
1423486021668,0.0099,
1423486026668,0.011,
1423486031669,0.0106,
1423486036669,0.0107,
1423486041669,0.0109,
1423486046669,0.0103,
1423486051667,0.0117,
1423486056670,0.0102,
1423486061672,0.0107,
1423486066671,0.0107,
1423486071672,0.0105,
1423486076671,0.011,
1423486081671,0.0104,
1423486086671,0.0109,
1423486091672,0.0107,
1423486096672,0.0107,
1423486101672,0.0107,
1423486106673,0.0105,
1423486111673,0.0113,
1423486116673,0.0107,
1423486121675,0.0106,
1423486126675,0.0107,
1423486131676,0.0107,
1423486136675,0.0109,
1423486141676,0.0101,
1423486146674,0.0107,
1423486151675,0.0107,
1423486156676,0.0107,
1423486161675,0.0108,
1423486166718,0.0103,
1423486171694,0.0116,
1423486176696,0.0099,
1423486181695,0.0107,
1423486186695,0.0106,
1423486191695,0.0107,
1423486196697,0.0107,
1423486201696,0.0105,
1423486206695,0.0108,
1423486211697,0.0107,
1423486216696,0.0107,
1423486221697,0.0107,
1423486226697,0.0109,
1423486231698,0.0102,
1423486236698,0.0111,
1423486241699,0.0104,
1423486246699,0.0107,
1423486251699,0.0106,
1423486256699,0.0107,
1423486261699,0.0103,
1423486266700,0.0085,
1423486271700,0.0112,
1423486276700,0.0143,
1423486281701,0.0283,
1423486286701,0.0305,
1423486291701,0.1197,
1423486296701,0.0444,
1423486301702,0.0346,
1423486306702,0.0264,
1423486311702,0.2222,
1423486316704,0.0741,
1423486321703,1.5556,
1423486326706,0.0122,
1423486331701,0.0185,
1423486336702,0.0141,
1423486341704,0.0225,
1423486346704,0.0167,
1423486351705,0.0205,
1423486356706,0.011,
1423486361704,0.0097,
1423486366705,0.0121,
1423486371707,0.0094,
1423486376707,0.0121,
1423486381707,0.0095,
1423486386707,0.011,
1423486391707,0.0107,
1423486396709,0.0106,
1423486401708,0.0107,
1423486406710,0.0106,
1423486411708,0.0105,
1423486416709,0.0115,
1423486421709,0.01,
1423486426715,0.0107,
1423486431712,0.0111,
1423486436709,0.0102,
1423486441712,0.0094,
1423486446712,0.0087,
1423486451710,0.0092,
1423486456713,0.0091,
1423486461713,0.0092,
1423486466713,0.0091,
1423486471717,0.0092,
1423486476714,0.0094,
1423486481712,0.0085,
1423486486712,0.0096,
1423486491713,0.0092,
1423486496715,0.009,
1423486501716,0.0091,
1423486506714,0.0089,
1423486511717,0.0092,
1423486516718,0.0088,
1423486521716,0.0093,
1423486526722,0.0087,
1423486531720,0.0094,
1423486536720,0.0088,
1423486541719,0.0093,
1423486546721,0.0088,
1423486551719,0.0094,
1423486556719,0.0089,
1423486561720,0.0092,
1423486566720,0.0091,
1423486571720,0.0096,
1423486576741,0.009,
1423486581745,0.0092,
1423486586744,0.0096,
1423486591743,0.0092,
1423486596744,0.0094,
1423486601744,0.0085,
1423486606742,0.0095,
1423486611745,0.009,
1423486616745,0.0092,
1423486621744,0.009,
1423486626743,0.009,
1423486631744,0.0092,EventProcessingUnit,ScaleOut,
1423486636746,0.0088,EventProcessingUnit,ScaleOut,
1423486641747,0.0093,EventProcessingUnit,ScaleOut,
1423486646749,0.0088,EventProcessingUnit,ScaleOut,
1423486651747,0.0094,EventProcessingUnit,ScaleOut,
1423486656748,0.009,EventProcessingUnit,ScaleOut,
1423486661755,0.0092,EventProcessingUnit,ScaleOut,
1423486666751,0.009,EventProcessingUnit,ScaleOut,
1423486671750,0.009,EventProcessingUnit,ScaleOut,
1423486676749,0.009,EventProcessingUnit,ScaleOut,
1423486681750,0.009,EventProcessingUnit,ScaleOut,
1423486686751,0.009,EventProcessingUnit,ScaleOut,
1423486691751,0.0096,EventProcessingUnit,ScaleOut,
1423486696751,0.0086,EventProcessingUnit,ScaleOut,
1423486701752,0.0092,EventProcessingUnit,ScaleOut,
1423486706752,0.0092,EventProcessingUnit,ScaleOut,
1423486711753,0.0091,EventProcessingUnit,ScaleOut,
1423486716752,0.0092,EventProcessingUnit,ScaleOut,
1423486721753,0.0087,EventProcessingUnit,ScaleOut,
1423486726754,0.0099,EventProcessingUnit,ScaleOut,
1423486731753,0.0088,EventProcessingUnit,ScaleOut,
1423486736752,0.0092,EventProcessingUnit,ScaleOut,
1423486741754,0.009,EventProcessingUnit,ScaleOut,
1423486746752,0.0091,EventProcessingUnit,ScaleOut,
1423486751752,0.0092,EventProcessingUnit,ScaleOut,
1423486756761,0.0088,EventProcessingUnit,ScaleOut,
1423486761759,0.0093,EventProcessingUnit,ScaleOut,
1423486766759,0.0088,EventProcessingUnit,ScaleOut,
1423486771760,0.0093,EventProcessingUnit,ScaleOut,
1423486776760,0.009,EventProcessingUnit,ScaleOut,
1423486781761,0.0089,EventProcessingUnit,ScaleOut,
1423486786760,0.0093,EventProcessingUnit,ScaleOut,
1423486791761,0.0088,EventProcessingUnit,ScaleOut,
1423486796763,0.0094,EventProcessingUnit,ScaleOut,
1423486801761,0.0092,EventProcessingUnit,ScaleOut,
1423486806763,0.0091,EventProcessingUnit,ScaleOut,
1423486811761,0.0094,EventProcessingUnit,ScaleOut,
1423486816760,0.0085,EventProcessingUnit,ScaleOut,
1423486821762,0.0092,EventProcessingUnit,ScaleOut,
1423486826764,0.0091,EventProcessingUnit,ScaleOut,
1423486831763,0.009,EventProcessingUnit,ScaleOut,
1423486836763,0.0092,EventProcessingUnit,ScaleOut,
1423486841764,0.0088,EventProcessingUnit,ScaleOut,
1423486846764,0.0097,EventProcessingUnit,ScaleOut,
1423486851764,0.0088,EventProcessingUnit,ScaleOut,
1423486856764,0.009,EventProcessingUnit,ScaleOut,
1423486861765,0.0091,EventProcessingUnit,ScaleOut,
1423486866765,0.0091,EventProcessingUnit,ScaleOut,
1423486871765,0.0093,EventProcessingUnit,ScaleOut,
1423486876766,0.0088,EventProcessingUnit,ScaleOut,
1423486881766,0.0093,EventProcessingUnit,ScaleOut,
1423486886766,0.0087,EventProcessingUnit,ScaleOut,
1423486891767,0.0092,EventProcessingUnit,ScaleOut,
1423486896767,0.009,EventProcessingUnit,ScaleOut,
1423486901767,0.0089,EventProcessingUnit,ScaleOut,
1423486906767,0.0093,EventProcessingUnit,ScaleOut,
1423486911766,0.0087,EventProcessingUnit,ScaleOut,
1423486916778,0.0094,EventProcessingUnit,ScaleOut,
1423486921766,0.009,EventProcessingUnit,ScaleOut,
1423486926766,0.0092,EventProcessingUnit,ScaleOut,
1423486931768,0.0092,EventProcessingUnit,ScaleOut,
1423486936769,0.0086,EventProcessingUnit,ScaleOut,
1423486941767,0.0096,EventProcessingUnit,ScaleOut,
1423486946770,0.0087,EventProcessingUnit,ScaleOut,
1423486951770,0.0092,EventProcessingUnit,ScaleOut,
1423486956770,0.0089,EventProcessingUnit,ScaleOut,
1423486961770,0.0092,EventProcessingUnit,ScaleOut,
1423486966771,0.0096,EventProcessingUnit,ScaleOut,
1423486971772,0.0084,EventProcessingUnit,ScaleOut,
1423486976771,0.0094,EventProcessingUnit,ScaleOut,
1423486981770,0.009,EventProcessingUnit,ScaleOut,
1423486986772,0.0092,EventProcessingUnit,ScaleOut,
1423486991772,0.0094,EventProcessingUnit,ScaleOut,
1423486996773,0.0088,EventProcessingUnit,ScaleOut,
1423487001773,0.0094,EventProcessingUnit,ScaleOut,
1423487006774,0.0087,EventProcessingUnit,ScaleOut,
1423487011773,0.0111,EventProcessingUnit,ScaleOut,
1423487016772,0.0151,EventProcessingUnit,ScaleOut,
1423487021774,0.0173,EventProcessingUnit,ScaleOut,
1423487026774,0.0159,EventProcessingUnit,ScaleOut,
1423487031772,0.0129,EventProcessingUnit,ScaleOut,
1423487036775,0.0141,EventProcessingUnit,ScaleOut,
1423487041774,0.0127,EventProcessingUnit,ScaleOut,
1423487046773,0.012,EventProcessingUnit,ScaleOut,
1423487051776,0.0113,EventProcessingUnit,ScaleOut,
1423487056776,0.0101,EventProcessingUnit,ScaleOut,
1423487061776,0.0129,EventProcessingUnit,ScaleOut,
1423487066776,0.0096,EventProcessingUnit,ScaleOut,
1423487071777,0.013,
1423487076777,0.0095,
1423487081778,0.0123,
1423487086776,0.0111,
1423487091777,0.0102,
1423487096777,0.0124,
1423487101778,0.0094,
1423487106797,0.0129,
1423487111800,0.0092,
1423487116798,0.0131,
1423487121799,0.0101,
1423487126799,0.0109,
1423487131800,0.0114,
1423487136799,0.0099,
1423487141801,0.0134,
1423487146800,0.0094,
1423487151801,0.0126,
1423487156799,0.0107,
1423487161802,0.011,
1423487166801,0.0112,
1423487171801,0.0105,
1423487176802,0.0119,
1423487181803,0.0104,
1423487186802,0.0109,
1423487191804,0.012,
1423487196803,0.0102,
1423487201803,0.0121,
1423487206803,0.01,
1423487211804,0.0122,
1423487216802,0.0109,
1423487221805,0.0105,
1423487226805,0.0125,
1423487231805,0.0096,
1423487236803,0.0136,
1423487241805,0.0093,
1423487246806,0.0136,
1423487251804,0.01,
1423487256807,0.0109,
1423487261807,0.0117,
1423487266805,0.0098,
1423487271806,0.0132,
1423487276806,0.0094,
1423487281807,0.0129,
1423487286808,0.0103,
1423487291808,0.0111,
1423487296810,0.0111,
1423487301809,0.0106,
1423487306809,0.0118,
1423487311809,0.0103,
1423487316811,0.0113,
1423487321810,0.0114,
1423487326810,0.0104,
1423487331809,0.012,
1423487336811,0.01,
1423487341811,0.0123,
1423487346811,0.0104,
1423487351812,0.0107,
1423487356812,0.0128,
1423487361812,0.0095,
1423487366813,0.0137,
1423487371813,0.0091,
1423487376814,0.0132,
1423487381813,0.0102,
1423487386816,0.0107,
1423487391814,0.012,
1423487396815,0.0098,
1423487401815,0.0132,
1423487406816,0.0092,
1423487411816,0.0139,
1423487416814,0.0097,
1423487421817,0.0117,
1423487426817,0.011,
1423487431816,0.0104,
1423487436818,0.0123,
1423487441815,0.0095,
1423487446815,0.0128,
1423487451818,0.011,
1423487456830,0.0109,
1423487461831,0.012,
1423487466830,0.0104,
1423487471831,0.0119,
1423487476832,0.0104,
1423487481831,0.0109,
1423487486832,0.0117,
1423487491832,0.0099,
1423487496832,0.0123,
1423487501830,0.0099,
1423487506833,0.0125,
1423487511834,0.0099,
1423487516833,0.0109,
1423487521833,0.0123,
1423487526834,0.0097,
1423487531834,0.0133,
1423487536835,0.0091,
1423487541835,0.0135,
1423487546835,0.0099,
1423487551836,0.011,
1423487556836,0.0119,
1423487561836,0.0099,
1423487566836,0.0129,
1423487571836,0.0093,
1423487576837,0.0131,
1423487581837,0.0102,
1423487586837,0.0112,
1423487591839,0.0112,
1423487596838,0.0107,
1423487601838,0.0117,
1423487606839,0.0102,
1423487611839,0.0117,
1423487616837,0.0111,
1423487621837,0.0105,
1423487626839,0.0145,
1423487631839,0.0112,
1423487636838,0.0182,
1423487641848,0.015,
1423487646850,0.0205,
1423487651852,0.0225,
1423487656852,0.0151,
1423487661852,0.0295,
1423487666851,0.0138,
1423487671934,0.035,
1423487676870,0.014,
1423487681873,0.0239,
1423487686872,0.0183,
1423487691874,0.0185,
1423487696876,0.0228,
1423487701872,0.0156,
1423487706873,0.0274,
1423487711872,0.0161,
1423487716875,0.0212,
1423487721884,0.0183,
1423487726876,0.0195,
1423487731884,0.0203,
1423487736878,0.0189,
1423487741879,0.0177,
1423487746878,0.0242,
1423487751885,0.0159,
1423487756884,0.0255,
1423487761883,1.8889,
1423487766882,0.0651,
1423487771886,0.0756,
1423487776887,0.0821,
1423487781884,0.0651,
1423487786889,0.1049,
1423487791888,0.0572,
1423487796888,0.1259,
1423487801899,0.0525,
1423487806889,0.1574,
1423487811890,0.0511,
1423487816894,0.1259,
1423487821890,1.8889,
1423487826890,1.8889,
1423487831890,1.8889,
1423487836895,1.8889,
1423487841893,1.8889,
1423487846899,1.8889,
1423487851897,1.8889,EventProcessingUnit,ScaleIn,
1423487856896,1.8889,EventProcessingUnit,ScaleIn,
1423487861895,1.8889,EventProcessingUnit,ScaleIn,
1423487866895,1.8889,EventProcessingUnit,ScaleIn,
1423487871904,1.5556,EventProcessingUnit,ScaleIn,
1423487876903,1.5556,EventProcessingUnit,ScaleIn,
1423487881903,1.5556,EventProcessingUnit,ScaleIn,
1423487886900,1.5556,
1423487891901,1.5556,
1423487896905,1.5556,
1423487901904,1.5556,
1423487906903,0.0432,
1423487911904,0.1197,
1423487916903,0.0819,
1423487921904,0.2222,
1423487926904,0.1197,
1423487931908,0.3111,
1423487936904,0.1037,
1423487941906,0.3111,
1423487946906,0.1037,
1423487951904,0.3111,
1423487956905,0.1037,
1423487961915,0.3111,
1423487966914,1.5556,
1423487971913,1.5556,
1423487976932,0.5185,
1423487981921,1.5556,
1423487986919,0.5185,
1423487991919,1.5556,
1423487996918,0.5185,
1423488001918,1.5556,
1423488006918,0.5185,
1423488011920,1.5556,
1423488016919,0.5185,
1423488021919,1.5556,
1423488026919,0.5185,
1423488031921,1.5556,
1423488036920,0.5185,
1423488041920,1.5556,
1423488046921,0.5185,
1423488051925,1.5556,
1423488056924,0.5185,
1423488061923,1.5556,
1423488066924,0.3889,
1423488071924,1.5556,
1423488076925,0.3889,
1423488081925,1.5556,
1423488086925,0.3889,
1423488091925,1.5556,
1423488096925,0.3889,
1423488101926,1.5556,
1423488106926,1.5556,
1423488111926,1.5556,
1423488116927,1.5556,
1423488121929,0.7778,
1423488126928,1.5556,
1423488131927,0.7778,
1423488136931,1.5556,
1423488141929,0.7778,
1423488146929,1.5556,
1423488151931,0.7778,
1423488156930,1.5556,
1423488161933,0.7778,
1423488166932,1.5556,
1423488171933,0.7778,
1423488176935,1.5556,
1423488181933,0.7778,
1423488186941,1.5556,
1423488191935,1.5556,
1423488196935,1.5556,
1423488201939,1.5556,
1423488206942,1.5556,
1423488211941,1.5556,
1423488216941,1.5556,EventProcessingUnit,ScaleIn,
1423488221941,1.5556,EventProcessingUnit,ScaleIn,
1423488226943,1.5556,EventProcessingUnit,ScaleIn,
1423488231942,1.5556,EventProcessingUnit,ScaleIn,
1423488236941,1.2222,EventProcessingUnit,ScaleIn,
1423488241942,1.2222,EventProcessingUnit,ScaleIn,
1423488246943,1.2222,EventProcessingUnit,ScaleIn,
1423488251943,1.2222,
1423488256947,1.2222,
1423488261946,1.2222,
1423488266946,1.2222,
1423488271945,1.2222,
1423488276949,1.2222,
1423488281951,1.2222,
1423488286950,1.2222,
1423488291975,1.2222,
1423488296952,1.2222,
1423488301953,1.2222,
1423488306951,1.2222,
1423488311951,1.2222,
1423488316959,1.2222,
1423488321953,1.2222,
1423488326954,1.2222,
1423488331953,1.2222,
1423488336954,1.2222,
1423488341953,1.2222,
1423488346962,1.2222,
1423488351955,1.2222,
1423488356954,1.2222,
1423488361956,1.2222,
1423488366954,1.2222,
1423488371954,1.2222,
1423488376954,1.2222,
1423488381955,1.2222,
1423488386955,1.2222,
1423488391955,1.2222,
1423488396956,1.2222,
1423488401968,1.2222,
1423488406963,1.2222,
1423488411960,1.2222,
1423488416961,1.2222,
1423488421966,1.2222,
1423488426961,1.2222,
1423488431962,1.2222,
1423488436965,1.2222,
1423488441964,1.2222,
1423488446966,1.2222,
1423488451967,1.2222,
1423488456967,1.2222,
1423488461967,1.2222,
1423488466968,1.2222,
1423488471969,1.2222,
1423488476969,1.2222,
1423488481969,1.2222,
1423488486971,1.2222,
1423488491970,1.2222,
1423488496970,1.2222,
1423488501970,1.2222,
1423488506969,1.2222,
1423488511969,1.2222,
1423488516975,1.2222,
1423488521970,1.2222,
1423488526974,1.2222,
1423488531971,1.2222,
1423488536971,1.2222,
1423488541971,1.2222,
1423488546973,1.2222,
1423488551972,1.2222,
1423488556974,1.2222,
1423488561975,1.2222,
1423488566974,1.2222,
1423488571975,1.2222,
1423488576974,1.2222,
1423488581973,1.2222,
1423488586973,1.2222,
1423488591975,1.2222,
1423488596974,1.2222,
1423488601974,1.2222,
1423488606975,1.2222,
1423488611975,1.2222,
1423488616976,1.2222,
1423488621975,1.2222,
1423488626976,1.2222,
1423488631976,1.2222,
1423488636976,1.2222,
1423488641981,1.2222,
1423488646977,1.2222,
1423488651978,1.2222,
1423488656978,1.2222,
1423488661979,1.2222,
1423488666978,1.2222,
1423488671978,1.2222,
1423488676979,1.2222,
1423488681979,1.2222,
1423488686979,1.2222,
1423488691979,1.2222,
1423488696980,1.2222,
1423488701981,1.2222,
1423488706980,1.2222,
1423488711981,1.2222,
1423488716981,1.2222,
1423488721981,1.2222,
1423488726982,1.2222,
1423488731982,1.2222,
1423488736982,1.2222,
1423488741982,1.2222,
1423488746983,1.2222,
1423488751985,1.2222,
1423488756985,1.2222,
1423488761986,1.2222,
1423488766984,1.2222,
1423488771985,1.2222,
1423488776984,1.2222,
1423488781986,1.2222,
1423488786985,1.2222,
1423488791985,1.2222,
1423488796986,1.2222,
1423488801987,1.2222,
1423488806986,1.2222,
1423488811986,1.2222,
1423488816990,1.2222,
1423488821988,1.2222,
1423488826990,1.2222,
1423488831988,1.2222,
1423488836989,1.2222,
1423488841988,1.2222,
1423488846989,1.2222,
1423488851989,1.2222,
1423488856991,1.2222,
1423488861990,1.2222,
1423488866990,1.2222,
1423488871990,1.2222,
1423488876991,1.2222,
1423488881990,1.2222,
1423488886992,1.2222,
1423488892001,1.2222,
1423488896994,1.2222,
1423488901994,1.2222,
1423488906998,1.2222,
1423488911995,1.2222,
1423488916996,1.2222,
1423488921996,1.2222,
1423488926996,1.2222,
1423488931996,1.2222,
1423488936999,1.2222,
1423488941997,1.2222,
1423488946997,1.2222,
1423488951997,1.2222,
1423488957000,1.2222,
1423488962000,1.2222,
1423488966998,1.2222,
1423488972001,1.2222,
1423488977003,1.2222,
1423488982003,1.2222,
1423488987002,1.2222,
1423488992002,1.2222,
1423488997002,1.2222,
1423489002004,1.2222,
1423489007003,1.2222,
1423489012002,1.2222,
1423489017007,1.2222,
1423489022002,1.2222,
1423489027003,1.2222,
1423489032003,1.2222,
1423489037005,1.2222,
1423489042005,1.2222,
1423489047006,1.2222,
1423489052007,1.2222,
1423489057006,1.2222,
1423489062007,1.2222,
1423489067006,1.2222,
1423489072006,1.2222,
1423489077007,1.2222,
1423489082008,1.2222,
1423489087008,1.2222,
1423489092008,1.2222,
1423489097009,1.2222,
1423489102007,1.2222,
1423489107022,1.2222,
1423489112015,1.2222,
1423489117017,1.2222,
1423489122018,1.2222,
1423489127017,1.2222,
1423489132019,1.2222,
1423489137019,1.2222,
1423489142017,1.2222,
1423489147018,1.2222,
1423489152022,1.2222,
1423489157024,1.2222,
1423489162018,1.2222,
1423489167025,1.2222,
1423489172020,1.2222,
1423489177020,1.2222,
1423489182021,1.2222,
1423489187020,1.2222,
1423489192020,1.2222,
1423489197021,1.2222,
1423489202024,1.2222,
1423489207022,1.2222,
1423489212022,1.2222,
1423489217027,1.2222,
1423489222028,1.2222,
1423489227025,1.2222,
1423489232025,1.2222,
1423489237029,1.2222,
1423489242026,1.2222,
1423489247026,1.2222,
1423489252026,1.2222,
1423489257028,1.2222,
1423489262027,1.2222,
1423489267028,1.2222,
1423489272028,1.2222,
1423489277028,1.2222,
1423489282029,1.2222,
1423489287028,1.2222,
1423489292040,1.2222,
1423489297037,1.2222,
1423489302037,1.2222,
1423489307037,1.2222,
1423489312038,1.2222,
1423489317036,1.2222,
1423489322039,1.2222,
1423489327037,1.2222,
1423489332037,1.2222,
1423489337037,1.2222,
1423489342038,1.2222,
1423489347040,1.2222,
1423489352040,1.2222,
1423489357040,1.2222,
1423489362043,1.2222,
1423489367043,1.2222,
1423489372042,1.2222,
1423489377044,1.2222,
1423489382044,1.2222,
1423489387042,1.2222,
1423489392043,1.2222,
1423489397044,1.2222,
1423489402044,1.2222,
1423489407057,1.2222,
1423489412048,1.2222,
1423489417049,1.2222,
1423489422048,1.2222,
1423489427048,1.2222,
1423489432049,1.2222,
1423489437049,1.2222,
1423489442049,1.2222,
1423489447052,1.2222,
1423489452052,1.2222,
1423489457051,1.2222,
1423489462052,1.2222,
1423489467051,1.2222,
1423489472052,1.2222,
1423489477052,1.2222,
1423489482052,1.2222,
1423489487052,1.2222,
1423489492054,1.2222,
1423489497052,1.2222,
1423489502053,1.2222,
1423489507053,1.2222,
1423489512053,1.2222,
1423489517054,1.2222,
1423489522056,1.2222,
1423489527054,1.2222,
1423489532056,1.2222,
1423489537055,1.2222,
1423489542069,1.2222,
1423489547089,1.2222,
1423489552072,1.2222,
1423489557077,1.2222,
1423489562072,1.2222,
1423489567085,1.2222,
1423489572075,1.2222,
1423489577076,1.2222,
1423489582077,1.2222,
1423489587077,1.2222,
1423489592078,1.2222,
1423489597078,1.2222,
1423489602076,1.2222,
1423489607079,1.2222,
1423489612079,1.2222,
1423489617079,1.2222,
1423489622078,1.2222,
1423489627078,1.2222,
1423489632078,1.2222,
1423489637078,1.2222,
1423489642079,1.2222,
1423489647079,1.2222,
1423489652081,1.2222,
1423489657082,1.2222,
1423489662082,1.2222,
1423489667085,1.2222,
1423489672085,1.2222,
1423489677085,1.2222,
1423489682086,1.2222,
1423489687088,1.2222,
1423489692089,1.2222,
1423489697088,1.2222,
1423489702087,1.2222,
1423489707087,1.2222,
1423489712087,1.2222,
1423489717087,1.2222,
1423489722088,1.2222,
1423489727089,1.2222,
1423489732096,1.2222,
1423489737088,1.2222,
1423489742088,1.2222,
1423489747089,1.2222,
1423489752089,1.2222,
1423489757094,1.2222,
1423489762095,1.2222,
1423489767095,1.2222,
1423489772094,1.2222,
1423489777097,1.2222,
1423489782096,1.2222,
1423489787096,1.2222,
1423489792096,1.2222,
1423489797096,1.2222,
1423489802097,1.2222,
1423489807098,1.2222,
1423489812098,1.2222,
1423489817116,1.2222,
1423489822097,1.2222,
1423489827098,1.2222,
1423489832100,1.2222,
1423489837100,1.2222,
1423489842098,1.2222,
1423489847099,1.2222,
1423489852100,1.2222,
1423489857100,1.2222,
1423489862101,1.2222,
1423489867102,1.2222,
1423489872103,1.2222,
1423489877103,1.2222,
1423489882101,1.2222,
1423489887101,1.2222,
1423489892104,1.2222,
1423489897105,1.2222,
1423489902104,1.2222,
1423489907104,1.2222,
1423489912104,1.2222,
1423489917105,1.2222,
1423489922110,1.2222,
1423489927106,1.2222,
1423489932105,1.2222,
1423489937108,1.2222,
1423489942126,1.2222,
1423489947125,1.2222,
1423489952126,1.2222,
1423489957128,1.2222,
1423489962126,1.2222,
1423489967127,1.2222,
1423489972127,1.2222,
1423489977128,1.2222,
1423489982127,1.2222,
1423489987128,1.2222,
1423489992130,1.2222,
1423489997131,1.2222,
1423490002129,1.2222,
1423490007130,1.2222,
1423490012131,1.2222,
1423490017129,1.2222,
1423490022132,1.2222,
1423490027132,1.2222,
1423490032132,1.2222,
1423490037132,1.2222,
1423490042133,1.2222,
1423490047133,1.2222,
1423490052133,1.2222,
1423490057132,1.2222,
1423490062134,1.2222,
1423490067132,1.2222,
1423490072133,1.2222,
1423490077137,1.2222,
1423490082135,1.2222,
1423490087133,1.2222,
1423490092137,1.2222,
1423490097137,1.2222,
1423490102137,1.2222,
1423490107136,1.2222,
1423490112139,1.2222,
1423490117139,1.2222,
1423490122137,1.2222,
1423490127141,1.2222,
1423490132140,1.2222,
1423490137140,1.2222,
1423490142140,1.2222,
1423490147143,1.2222,
1423490152143,1.2222,
1423490157144,1.2222,
1423490162141,1.2222,
1423490167141,1.2222,
1423490172141,1.2222,
1423490177142,1.2222,
1423490182144,1.2222,
1423490187143,1.2222,
1423490192142,1.2222,
1423490197148,1.2222,
1423490202149,1.2222,
1423490207149,1.2222,
1423490212147,1.2222,
1423490217148,1.2222,
1423490222148,1.2222,
1423490227149,1.2222,
1423490232149,1.2222,
1423490237149,1.2222,
1423490242151,1.2222,
1423490247149,1.2222,
1423490252152,1.2222,
1423490257153,1.2222,
1423490262151,1.2222,
1423490267155,1.2222,
1423490272152,1.2222,
1423490277156,1.2222,
1423490282154,1.2222,
1423490287153,1.2222,
1423490292153,1.2222,
1423490297153,1.2222,
1423490302154,1.2222,
1423490307177,1.2222,
1423490312158,1.2222,
1423490317154,1.2222,
1423490322156,1.2222,
1423490327157,1.2222,
1423490332155,1.2222,
1423490337159,1.2222,
1423490342165,1.2222,
1423490347161,1.2222,
1423490352158,1.2222,
1423490357158,1.2222,
1423490362157,1.2222,
1423490367158,1.2222,
1423490372158,1.2222,
1423490377173,1.2222,
1423490382160,1.2222,
1423490387159,1.2222,
1423490392163,1.2222,
1423490397163,1.2222,
1423490402162,1.2222,
1423490407175,1.2222,
1423490412174,1.2222,
1423490417174,1.2222,
1423490422174,1.2222,
1423490427181,1.2222,
1423490432179,1.2222,
1423490437178,1.2222,
1423490442179,1.2222,
1423490447179,1.2222,
1423490452179,1.2222,
1423490457183,1.2222,
1423490462182,1.2222,
1423490467182,1.2222,
1423490472186,1.2222,
1423490477182,1.2222,
1423490482182,1.2222,
1423490487189,1.2222,
1423490492191,1.2222,
1423490497191,1.2222,
1423490502191,1.2222,
1423490507189,1.2222,
1423490512191,1.2222,
1423490517190,1.2222,
1423490522192,1.2222,
1423490527192,1.2222,
1423490532191,1.2222,
1423490537191,1.2222,
1423490542193,1.2222,
1423490547192,1.2222,
1423490552193,1.2222,
1423490557194,1.2222,
1423490562193,1.2222,
1423490567195,1.2222,
1423490572198,1.2222,
1423490577194,1.2222,
1423490582195,1.2222,
1423490587194,1.2222,
1423490592195,1.2222,
1423490597194,1.2222,
1423490602196,1.2222,
1423490607196,1.2222,
1423490612198,1.2222,
1423490617199,1.2222,
1423490622197,1.2222,
1423490627199,1.2222,
1423490632199,1.2222,
1423490637199,1.2222,
1423490642199,1.2222,
1423490647198,1.2222,
1423490652200,1.2222,
1423490657199,1.2222,
1423490662200,1.2222,
1423490667201,1.2222,
1423490672200,1.2222,
1423490677200,1.2222,
1423490682200,1.2222,
1423490687202,1.2222,
1423490692202,1.2222,
1423490697201,1.2222,
1423490702201,1.2222,
1423490707202,1.2222,
1423490712202,1.2222,
1423490717203,1.2222,
1423490722203,1.2222,
1423490727207,1.2222,
1423490732204,1.2222,
1423490737205,1.2222,
1423490742205,1.2222,
1423490747205,1.2222,
1423490752205,1.2222,
1423490757205,1.2222,
1423490762205,1.2222,
1423490767205,1.2222,
1423490772207,1.2222,
1423490777208,1.2222,
1423490782206,1.2222,
1423490787206,1.2222,
1423490792207,1.2222,
1423490797208,1.2222,
1423490802209,1.2222,
1423490807208,1.2222,
1423490812210,1.2222,
1423490817211,1.2222,
1423490822209,1.2222,
1423490827221,1.2222,
1423490832213,1.2222,
1423490837210,1.2222,
1423490842210,1.2222,
1423490847211,1.2222,
1423490852211,1.2222,
1423490857215,1.2222,
1423490862213,1.2222,
1423490867213,1.2222,
1423490872213,1.2222,
1423490877213,1.2222,
1423490882221,1.2222,
1423490887220,1.2222,
1423490892219,1.2222,
1423490897220,1.2222,
1423490902222,1.2222,
1423490907220,1.2222,
1423490912220,1.2222,
1423490917222,1.2222,
1423490922221,1.2222,
1423490927223,1.2222,
1423490932222,1.2222,
1423490937222,1.2222,
1423490942222,1.2222,
1423490947223,1.2222,
1423490952223,1.2222,
1423490957225,1.2222,
1423490962223,1.2222,
1423490967225,1.2222,
1423490972224,1.2222,
1423490977225,1.2222,
1423490982298,1.2222,
1423490987265,1.2222,
1423490992262,1.2222,
1423490997265,1.2222,
1423491002269,1.2222,
1423491007270,1.2222,
1423491012267,1.2222,
1423491017267,1.2222,
1423491022268,1.2222,
1423491027268,1.2222,
1423491032268,1.2222,
1423491037271,1.2222,
1423491042269,1.2222,
1423491047278,1.2222,
1423491052276,1.2222,
1423491057280,1.2222,
1423491062289,1.2222,
1423491067284,1.2222,
1423491072284,1.2222,
1423491077286,1.2222,
1423491082285,1.2222,
1423491087287,1.2222,
1423491092285,1.2222,
1423491097291,1.2222,
1423491102288,1.2222,
1423491107288,1.2222,
1423491112303,1.2222,
1423491117289,1.2222,
1423491122288,1.2222,
1423491127294,1.2222,
1423491132288,1.2222,
1423491137288,1.2222,
1423491142289,1.2222,
1423491147289,1.2222,
1423491152289,1.2222,
1423491157296,1.2222,
1423491162293,1.2222,
1423491167295,1.2222,
1423491172294,1.2222,
1423491177297,1.2222,
1423491182297,1.2222,
1423491187299,1.2222,
1423491192296,1.2222,
1423491197298,1.2222,
1423491202298,1.2222,
1423491207298,1.2222,
1423491212298,1.2222,
1423491217300,1.2222,
1423491222298,1.2222,
1423491227298,1.2222,
1423491232303,1.2222,
1423491237301,1.2222,
1423491242299,1.2222,
1423491247302,1.2222,
1423491252301,1.2222,
1423491257300,1.2222,
1423491262300,1.2222,
1423491265953,1.2222,
1423491270950,1.2222,
1423491275950,1.2222,
1423491280953,1.2222,
1423491285953,1.2222,
1423491290955,1.2222,
1423491295953,1.2222,
1423491300954,1.2222,
1423491305953,1.2222,
1423491310952,1.2222,
1423491315953,1.2222,
1423491320973,1.2222,
1423491325968,1.2222,
1423491330972,1.2222,
1423491335986,1.2222,
1423491340971,1.2222,
1423491345972,0.094,
1423491350970,0.0207,
1423491355971,0.0155,
1423491360971,0.1111,
1423491365970,0.0437,
1423491370971,1.2222,
1423491375972,1.2222,
1423491380973,1.2222,
1423491385973,1.2222,
1423491390972,0.0719,
1423491395972,0.0272,
1423491400972,0.0873,
1423491405973,0.0873,
1423491410973,0.0873,
1423491415976,0.0873,
1423491420976,0.0873,
1423491425977,0.0873,
1423491430974,0.0873,
1423491435976,0.0873,
1423491440977,0.0873,
1423491445977,0.0272,
1423491450977,1.2222,EventProcessingUnit,ScaleOut,
1423491455977,1.2222,EventProcessingUnit,ScaleOut,
1423491460977,1.2222,EventProcessingUnit,ScaleOut,
1423491465978,1.2222,EventProcessingUnit,ScaleOut,
1423491470978,1.2222,EventProcessingUnit,ScaleOut,
1423491475979,1.2222,EventProcessingUnit,ScaleOut,
1423491480978,1.2222,EventProcessingUnit,ScaleOut,
1423491485979,1.2222,EventProcessingUnit,ScaleOut,
1423491490979,1.2222,EventProcessingUnit,ScaleOut,
1423491495984,1.2222,EventProcessingUnit,ScaleOut,
1423491500985,1.2222,EventProcessingUnit,ScaleOut,
1423491505984,1.2222,EventProcessingUnit,ScaleOut,
1423491510981,1.2222,EventProcessingUnit,ScaleOut,
1423491515981,1.2222,EventProcessingUnit,ScaleOut,
1423491521001,1.2222,EventProcessingUnit,ScaleOut,
1423491525985,1.2222,EventProcessingUnit,ScaleOut,
1423491530982,1.2222,EventProcessingUnit,ScaleOut,
1423491535986,1.2222,EventProcessingUnit,ScaleOut,
1423491540985,1.2222,EventProcessingUnit,ScaleOut,
1423491545987,1.2222,EventProcessingUnit,ScaleOut,
1423491550986,1.2222,EventProcessingUnit,ScaleOut,
1423491555988,1.2222,EventProcessingUnit,ScaleOut,
1423491560992,1.2222,EventProcessingUnit,ScaleOut,
1423491566012,1.2222,EventProcessingUnit,ScaleOut,
1423491570988,1.2222,EventProcessingUnit,ScaleOut,
1423491575987,1.2222,EventProcessingUnit,ScaleOut,
1423491581003,1.2222,EventProcessingUnit,ScaleOut,
1423491586006,-1.2222,EventProcessingUnit,ScaleOut,
1423491591005,-1.2222,EventProcessingUnit,ScaleOut,
1423491596005,-1.2222,EventProcessingUnit,ScaleOut,
1423491601005,0.094,EventProcessingUnit,ScaleOut,
1423491606004,1.2222,EventProcessingUnit,ScaleOut,
1423491611004,0.0394,EventProcessingUnit,ScaleOut,
1423491616005,0.0394,EventProcessingUnit,ScaleOut,
1423491621005,0.0394,EventProcessingUnit,ScaleOut,
1423491626006,0.0394,EventProcessingUnit,ScaleOut,
1423491631006,0.0394,EventProcessingUnit,ScaleOut,
1423491636006,0.0394,EventProcessingUnit,ScaleOut,
1423491641007,0.0394,EventProcessingUnit,ScaleOut,
1423491646006,1.2222,EventProcessingUnit,ScaleOut,
1423491651007,1.2222,EventProcessingUnit,ScaleOut,
1423491656007,1.2222,EventProcessingUnit,ScaleOut,
1423491661007,0.0272,EventProcessingUnit,ScaleOut,
1423491666016,0.0272,EventProcessingUnit,ScaleOut,
1423491671010,0.0272,EventProcessingUnit,ScaleOut,
1423491676008,0.0272,EventProcessingUnit,ScaleOut,
1423491681010,1.2222,EventProcessingUnit,ScaleOut,
1423491686011,1.2222,EventProcessingUnit,ScaleOut,
1423491691010,1.2222,EventProcessingUnit,ScaleOut,
1423491696010,1.2222,EventProcessingUnit,ScaleOut,
1423491701012,1.2222,EventProcessingUnit,ScaleOut,
1423491706026,1.2222,EventProcessingUnit,ScaleOut,
1423491711026,1.2222,EventProcessingUnit,ScaleOut,
1423491716027,1.2222,EventProcessingUnit,ScaleOut,
1423491721028,1.2222,EventProcessingUnit,ScaleOut,
1423491726027,1.2222,EventProcessingUnit,ScaleOut,
1423491731027,1.2222,EventProcessingUnit,ScaleOut,
1423491736028,1.2222,EventProcessingUnit,ScaleOut,
1423491741029,1.2222,EventProcessingUnit,ScaleOut,
1423491746030,1.2222,EventProcessingUnit,ScaleOut,
1423491751041,1.2222,EventProcessingUnit,ScaleOut,
1423491756040,1.2222,EventProcessingUnit,ScaleOut,
1423491761041,1.2222,EventProcessingUnit,ScaleOut,
1423491766042,1.2222,EventProcessingUnit,ScaleOut,
1423491771044,1.2222,EventProcessingUnit,ScaleOut,
1423491776042,1.2222,EventProcessingUnit,ScaleOut,
1423491781042,1.2222,EventProcessingUnit,ScaleOut,
1423491786042,1.2222,EventProcessingUnit,ScaleOut,
1423491791043,1.2222,EventProcessingUnit,ScaleOut,
1423491796043,1.2222,EventProcessingUnit,ScaleOut,
1423491801045,1.2222,EventProcessingUnit,ScaleOut,
1423491806046,1.2222,EventProcessingUnit,ScaleOut,
1423491811044,1.2222,EventProcessingUnit,ScaleOut,
1423491816044,1.5556,EventProcessingUnit,ScaleOut,
1423491821066,0.0173,EventProcessingUnit,ScaleOut,
1423491826057,0.0159,EventProcessingUnit,ScaleOut,
1423491831057,0.0399,EventProcessingUnit,ScaleOut,
1423491836057,0.0273,EventProcessingUnit,ScaleOut,
1423491841059,0.0095,EventProcessingUnit,ScaleOut,
1423491846060,0.0648,EventProcessingUnit,ScaleOut,
1423491851059,0.0105,EventProcessingUnit,ScaleOut,
1423491856060,0.0213,EventProcessingUnit,ScaleOut,
1423491861061,0.0173,EventProcessingUnit,ScaleOut,
1423491866061,0.0115,EventProcessingUnit,ScaleOut,
1423491871063,0.0536,EventProcessingUnit,ScaleOut,
1423491876087,0.0091,
1423491881064,0.0399,
1423491886064,0.0129,
1423491891063,0.015,
1423491896067,0.0251,
1423491901064,0.0097,
1423491906071,0.0648,
1423491911065,0.01,
1423491916066,0.0216,
1423491921065,0.0169,
1423491926065,0.0114,
1423491931066,0.0598,
1423491936067,0.0092,
1423491941066,0.0338,
1423491946067,0.0133,
1423491951101,0.0147,
1423491956073,0.0273,
1423491961087,0.0094,
1423491966074,0.0676,
1423491971074,0.0105,
1423491976073,0.0197,
1423491981077,0.0185,
1423491986074,0.011,
1423491991074,0.0576,
1423491996081,0.0092,
1423492001075,0.0458,
1423492006076,0.0121,
1423492011083,0.0164,
1423492016081,0.0229,
1423492021078,0.0098,
1423492026078,0.0676,
1423492031086,0.0097,
1423492036085,0.0243,
1423492041085,0.0154,
1423492046085,0.0124,
1423492051090,0.0409,
1423492056086,0.0092,
1423492061086,0.0471,
1423492066088,0.0122,
1423492071087,0.0162,
1423492076088,0.0259,
1423492081087,0.0095,
1423492086092,0.0676,
1423492091090,0.0098,
1423492096089,0.0229,
1423492101097,0.0171,
1423492106090,0.0114,
1423492111091,0.0576,
1423492116090,0.009,
1423492121091,0.0354,
1423492126091,0.0128,
1423492131092,0.0153,
1423492136091,0.0259,
1423492141092,0.0094,
1423492146094,0.0741,
1423492151092,0.0101,
1423492156093,0.0219,
1423492161094,0.0171,
1423492166096,0.0114,
1423492171093,0.0598,
1423492176094,0.009,
1423492181094,0.0346,
1423492186096,0.0132,
1423492191096,0.014,
1423492196095,0.0311,
1423492201096,0.009,
1423492206097,0.0648,
1423492211099,0.011,
1423492216097,0.0187,
1423492221138,0.0197,
1423492226118,0.0106,
1423492231118,0.0676,
1423492236117,0.0094,
1423492241121,0.0278,
1423492246118,0.0145,
1423492251120,0.0133,
1423492256118,0.0379,
1423492261126,0.009,
1423492266196,0.0676,
1423492271120,0.011,
1423492276119,0.0187,
1423492281121,0.0199,
1423492286122,0.0105,
1423492291126,0.1556,
1423492296121,0.0179,
1423492301123,0.0648,
1423492306123,0.0268,
1423492311122,0.0288,
1423492316123,0.0598,
1423492321124,0.0179,
1423492326123,0.1414,
1423492331128,0.0216,
1423492336123,0.0778,
1423492341125,1.5556,
1423492346124,1.5556,
1423492351125,1.5556,
1423492356124,1.5556,
1423492361126,1.5556,
1423492366127,0.1414,
1423492371126,0.0299,
1423492376125,0.0278,
1423492381125,0.0255,
1423492386126,0.0232,
1423492391126,0.0219,
1423492396135,0.021,
1423492401132,0.0197,
1423492406174,0.019,
1423492411156,0.0179,
1423492416154,0.0171,
1423492421155,0.0164,
1423492426155,0.0157,
1423492431161,0.0151,
1423492436164,0.0145,
1423492441161,0.0139,
1423492446162,0.0136,
1423492451176,0.0136,
1423492456176,0.0125,
1423492461175,0.0122,
1423492466172,0.0118,
1423492471173,0.0114,
1423492476176,0.0111,
1423492481174,0.011,
1423492486173,0.0106,
1423492491175,0.0104,
1423492496206,0.0102,
1423492501183,0.01,
1423492506186,0.0097,
1423492511188,0.0098,
1423492516180,0.0095,
1423492521180,0.0092,
1423492526181,0.009,
1423492531183,0.009,
1423492536183,0.0092,
1423492541185,0.0093,
1423492546185,0.0094,
1423492551185,0.0097,
1423492556182,0.0099,
1423492561185,0.01,
1423492566186,0.0103,
1423492571186,0.0106,
1423492576185,0.0108,
1423492581185,0.0111,
1423492586184,0.0114,
1423492591184,0.0117,
1423492596186,0.012,
1423492601188,0.0125,
1423492606186,0.0131,
1423492611191,0.0133,
1423492616186,0.0138,
1423492621186,0.0144,
1423492626189,0.0148,
1423492631190,0.0154,
1423492636188,0.0162,
1423492641189,0.0167,
1423492646188,0.0177,
1423492651189,0.0185,
1423492656198,0.0194,
1423492661189,0.0207,
1423492666191,0.0219,
1423492671190,0.0239,
1423492676189,0.0247,
1423492681190,0.0268,
1423492686191,0.0288,
1423492691195,0.0317,
1423492696195,0.0299,
1423492701192,0.0283,
1423492706220,0.0255,
1423492711195,0.0239,
1423492716195,0.0225,
1423492721196,0.0213,
1423492726195,0.0199,
1423492731195,0.019,
1423492736196,0.0181,
1423492741196,0.0173,
1423492746197,0.0165,
1423492751198,0.0157,
1423492756197,0.0151,
1423492761197,0.0145,
1423492766197,0.0141,
1423492771199,0.0135,
1423492776199,0.0131,
1423492781198,0.0126,
1423492786201,0.0123,
1423492791200,0.0121,
1423492796199,0.0114,
1423492801199,0.0112,
1423492806201,0.011,
1423492811201,0.0105,
1423492816201,0.0102,
1423492821201,0.0101,
1423492826201,0.0102,
1423492831202,0.0097,
1423492836204,0.0096,
1423492841202,0.0093,
1423492846202,0.0093,
1423492851205,0.0088,
1423492856203,0.0093,
1423492861203,0.009,
1423492866204,0.0092,
1423492871204,0.0095,
1423492876205,0.0097,
1423492881204,0.01,
1423492886204,0.0102,
1423492891206,0.0102,
1423492896206,0.0104,
1423492901205,0.0109,
1423492906206,0.0113,
1423492911208,0.0114,
1423492916206,0.0118,
1423492921207,0.012,
1423492926207,0.0125,
1423492931208,0.0129,
1423492936208,0.0132,
1423492941208,0.0139,
1423492946208,0.0144,
1423492951209,0.0151,
1423492956208,0.0156,
1423492961209,0.016,
1423492966210,0.0169,
1423492971209,0.0177,
1423492976209,0.0183,
1423492981211,0.0192,
1423492986211,0.0205,
1423492991284,0.0219,
1423492996286,0.0232,
1423493001286,0.0247,
1423493006287,0.0268,
1423493011286,0.0283,
1423493016287,0.0317,
1423493021293,0.0305,
1423493026293,0.0283,
1423493031294,0.0259,
1423493036294,0.0243,
1423493041296,0.0232,
1423493046295,0.0216,
1423493051296,0.0202,
1423493056296,0.019,
1423493061296,0.0183,
1423493066297,0.019,
1423493071297,0.0169,
1423493076297,0.0157,
1423493081297,0.0154,
1423493086298,0.0148,
1423493091330,0.0143,
1423493096304,0.0139,
1423493101319,0.0139,
1423493106363,0.0129,
1423493111337,0.0123,
1423493116337,0.0121,
1423493121357,0.012,
1423493126349,0.0114,
1423493131360,0.0111,
1423493136363,0.0107,
1423493141362,0.0103,
1423493146362,0.0102,
1423493151362,0.01,
1423493156364,0.0097,
1423493161364,0.0097,
1423493166363,0.0093,
1423493171364,0.0097,
1423493176365,0.009,
1423493181365,0.0088,
1423493186365,0.009,
1423493191365,0.0093,
1423493196366,0.0094,
1423493201367,0.0097,
1423493206366,0.01,
1423493211366,0.0102,
1423493216367,0.0102,
1423493221370,0.0104,
1423493226407,0.0114,
1423493231389,0.011,
1423493236390,0.0114,
1423493241390,0.0119,
1423493246390,0.012,
1423493251390,0.0123,
1423493256390,0.0128,
1423493261392,0.0133,
1423493266391,0.0135,
1423493271391,0.0143,
1423493276393,0.0145,
1423493281397,0.0154,
1423493286399,0.0159,
1423493291394,0.0167,
1423493296394,0.0175,
1423493301393,0.0183,
1423493306394,0.0194,
1423493311395,0.0202,
1423493316394,0.0213,
1423493321394,0.0229,
1423493326396,0.0239,
1423493331396,0.0255,
1423493336395,0.0273,
1423493341395,0.0311,
1423493346397,0.0305,
1423493351396,0.0288,
1423493356467,0.0264,
1423493361456,0.0247,
1423493366455,0.0229,
1423493371457,0.0213,
1423493376456,0.0202,
1423493381460,0.0192,
1423493386457,0.0185,
1423493391456,0.0173,
1423493396457,0.0167,
1423493401457,0.016,
1423493406457,0.0154,
1423493411458,0.0148,
1423493416459,0.0143,
1423493421460,0.0135,
1423493426461,0.0131,
1423493431460,0.0129,
1423493436461,0.0122,
1423493441460,0.0118,
1423493446460,0.0117,
1423493451475,0.0114,
1423493456466,0.0108,
1423493461466,0.0109,
1423493466469,0.0104,
1423493471468,0.0102,
1423493476472,0.01,
1423493481468,0.0098,
1423493486469,0.0094,
1423493491470,0.0094,
1423493496470,0.0093,
1423493501471,0.0088,
1423493506484,0.0088,
1423493511471,0.0089,
1423493516471,0.0092,
1423493521471,0.0097,
1423493526472,0.0097,
1423493531472,0.0097,
1423493536473,0.01,
1423493541472,0.0104,
1423493546473,0.0105,
1423493551472,0.0107,
1423493556474,0.0111,
1423493561473,0.0112,
1423493566474,0.0118,
1423493571474,0.0119,
1423493576475,0.0122,
1423493581474,0.0125,
1423493586475,0.0131,
1423493591475,0.0135,
1423493596476,0.0141,
1423493601475,0.0147,
1423493606477,0.0154,
1423493611486,0.0159,
1423493616477,0.0165,
1423493621479,0.0173,
1423493626478,0.0183,
1423493631478,0.0187,
1423493636478,0.0207,
1423493641484,0.0229,
1423493646479,0.0232,
1423493651480,0.0239,
1423493656479,0.0264,
1423493661480,0.0283,
1423493666479,0.0305,
1423493671479,0.0317,
1423493676480,0.0294,
1423493681481,0.0264,
1423493686482,0.0247,
1423493691483,0.0225,
1423493696483,0.0216,
1423493701482,0.0207,
1423493706481,0.0197,
1423493711483,0.0185,
1423493716483,0.0177,
1423493721484,0.0169,
1423493726484,0.0159,
1423493731485,0.0154,
1423493736485,0.0148,EventProcessingUnit,ScaleIn,
1423493741484,0.0141,EventProcessingUnit,ScaleIn,
1423493746495,0.0138,EventProcessingUnit,ScaleIn,
1423493751491,0.0173,EventProcessingUnit,ScaleIn,
1423493756495,0.0331,EventProcessingUnit,ScaleIn,
1423493761493,0.026,EventProcessingUnit,ScaleIn,
1423493766496,0.026,EventProcessingUnit,ScaleIn,
1423493771494,0.026,EventProcessingUnit,ScaleIn,
1423493776497,0.026,
1423493781497,0.026,
1423493786498,0.026,
1423493791497,0.026,
1423493796496,0.026,
1423493801497,0.026,
1423493806497,0.026,
1423493811497,0.026,
1423493816498,0.026,
1423493821498,0.026,
1423493826497,0.026,
1423493831498,0.026,
1423493836499,0.026,
1423493841499,0.026,
1423493846499,0.026,
1423493851500,0.026,
1423493856506,0.026,
1423493861500,0.026,
1423493866501,0.026,
1423493871501,0.026,
1423493876503,0.026,
1423493881501,0.026,
1423493886503,0.026,EventProcessingUnit,ScaleOut,
1423493891502,0.026,EventProcessingUnit,ScaleOut,
1423493896503,0.026,EventProcessingUnit,ScaleOut,
1423493901514,0.026,EventProcessingUnit,ScaleOut,
1423493906513,-1.2222,EventProcessingUnit,ScaleOut,
1423493911514,-1.2222,EventProcessingUnit,ScaleOut,
1423493916514,-1.2222,EventProcessingUnit,ScaleOut,
1423493921515,-1.2222,EventProcessingUnit,ScaleOut,
1423493926520,-1.2222,EventProcessingUnit,ScaleOut,
1423493931537,-1.2222,EventProcessingUnit,ScaleOut,
1423493936540,-1.2222,EventProcessingUnit,ScaleOut,
1423493941538,-1.2222,EventProcessingUnit,ScaleOut,
1423493946538,-1.2222,EventProcessingUnit,ScaleOut,
1423493951539,-1.2222,EventProcessingUnit,ScaleOut,
1423493956540,-1.2222,EventProcessingUnit,ScaleOut,
1423493961540,-1.2222,EventProcessingUnit,ScaleOut,
1423493966539,-1.2222,EventProcessingUnit,ScaleOut,
1423493971548,-1.2222,EventProcessingUnit,ScaleOut,
1423493976549,0.0266,EventProcessingUnit,ScaleOut,
1423493981550,0.1222,EventProcessingUnit,ScaleOut,
1423493986548,0.034,EventProcessingUnit,ScaleOut,
1423493991551,0.0222,EventProcessingUnit,ScaleOut,
1423493996551,0.0244,EventProcessingUnit,ScaleOut,
1423494001551,0.024,EventProcessingUnit,ScaleOut,
1423494006551,0.0222,EventProcessingUnit,ScaleOut,
1423494011550,0.0207,EventProcessingUnit,ScaleOut,
1423494016552,0.0194,EventProcessingUnit,ScaleOut,
1423494021553,0.0177,EventProcessingUnit,ScaleOut,
1423494026582,0.017,EventProcessingUnit,ScaleOut,
1423494031554,0.0204,EventProcessingUnit,ScaleOut,
1423494036554,0.0149,EventProcessingUnit,ScaleOut,
1423494041554,0.0144,EventProcessingUnit,ScaleOut,
1423494046556,0.0137,EventProcessingUnit,ScaleOut,
1423494051554,0.0133,EventProcessingUnit,ScaleOut,
1423494056555,0.0133,EventProcessingUnit,ScaleOut,
1423494061557,0.0133,EventProcessingUnit,ScaleOut,
1423494066555,0.024,EventProcessingUnit,ScaleOut,
1423494071555,0.024,EventProcessingUnit,ScaleOut,
1423494076555,0.1746,EventProcessingUnit,ScaleOut,
1423494081558,0.0272,EventProcessingUnit,ScaleOut,
1423494086556,0.0272,EventProcessingUnit,ScaleOut,
1423494091557,0.0272,EventProcessingUnit,ScaleOut,
1423494096557,0.0272,EventProcessingUnit,ScaleOut,
1423494101562,0.0272,EventProcessingUnit,ScaleOut,
1423494106561,0.0272,EventProcessingUnit,ScaleOut,
1423494111561,0.0272,EventProcessingUnit,ScaleOut,
1423494116563,0.0272,EventProcessingUnit,ScaleOut,
1423494121562,0.0272,EventProcessingUnit,ScaleOut,
1423494126563,0.0272,EventProcessingUnit,ScaleOut,
1423494131563,0.0272,EventProcessingUnit,ScaleOut,
1423494136564,0.0272,EventProcessingUnit,ScaleOut,
1423494141563,0.0272,EventProcessingUnit,ScaleOut,
1423494146563,0.0272,EventProcessingUnit,ScaleOut,
1423494151565,0.0272,EventProcessingUnit,ScaleOut,
1423494156564,0.0272,EventProcessingUnit,ScaleOut,
1423494161564,0.0272,EventProcessingUnit,ScaleOut,
1423494166565,0.0272,EventProcessingUnit,ScaleOut,
1423494171565,0.0272,EventProcessingUnit,ScaleOut,
1423494176566,0.0272,EventProcessingUnit,ScaleOut,
1423494181566,0.0272,EventProcessingUnit,ScaleOut,
1423494186566,0.0272,EventProcessingUnit,ScaleOut,
1423494191567,0.0272,EventProcessingUnit,ScaleOut,
1423494196566,0.0272,EventProcessingUnit,ScaleOut,
1423494201568,0.0272,EventProcessingUnit,ScaleOut,
1423494206568,0.0272,EventProcessingUnit,ScaleOut,
1423494211567,0.0272,EventProcessingUnit,ScaleOut,
1423494216568,0.2444,EventProcessingUnit,ScaleOut,
1423494221568,0.0278,EventProcessingUnit,ScaleOut,
1423494226569,0.0278,EventProcessingUnit,ScaleOut,
1423494231569,0.0278,EventProcessingUnit,ScaleOut,
1423494236572,0.0278,EventProcessingUnit,ScaleOut,
1423494241569,0.0266,EventProcessingUnit,ScaleOut,
1423494246569,0.0266,EventProcessingUnit,ScaleOut,
1423494251569,0.0266,EventProcessingUnit,ScaleOut,
1423494256574,0.034,EventProcessingUnit,ScaleOut,
1423494261574,0.034,EventProcessingUnit,ScaleOut,
1423494266570,0.034,EventProcessingUnit,ScaleOut,
1423494271572,1.2222,EventProcessingUnit,ScaleOut,
1423494276589,0.0407,EventProcessingUnit,ScaleOut,
1423494281586,0.0407,EventProcessingUnit,ScaleOut,
1423494286628,0.0407,EventProcessingUnit,ScaleOut,
1423494291599,0.0313,EventProcessingUnit,ScaleOut,
1423494296590,1.2222,EventProcessingUnit,ScaleOut,
1423494301591,1.2222,EventProcessingUnit,ScaleOut,
1423494306592,0.0272,EventProcessingUnit,ScaleOut,
1423494311627,0.0382,EventProcessingUnit,ScaleOut,
1423494316619,0.0322,EventProcessingUnit,ScaleOut,
1423494321618,0.0172,EventProcessingUnit,ScaleOut,
1423494326620,0.0231,EventProcessingUnit,ScaleOut,
1423494331625,0.0249,EventProcessingUnit,ScaleOut,
1423494336629,0.0235,EventProcessingUnit,ScaleOut,
1423494341622,0.0218,EventProcessingUnit,ScaleOut,
1423494346621,0.0194,EventProcessingUnit,ScaleOut,
1423494351622,0.0188,EventProcessingUnit,ScaleOut,
1423494356631,0.0177,EventProcessingUnit,ScaleOut,
1423494361623,0.0165,EventProcessingUnit,ScaleOut,
1423494366628,0.0159,EventProcessingUnit,ScaleOut,
1423494371629,0.0149,EventProcessingUnit,ScaleOut,
1423494376632,0.0144,EventProcessingUnit,ScaleOut,
1423494381631,0.0136,EventProcessingUnit,ScaleOut,
1423494386691,0.0131,EventProcessingUnit,ScaleOut,
1423494391734,0.0133,EventProcessingUnit,ScaleOut,
1423494396732,0.0146,EventProcessingUnit,ScaleOut,
1423494401693,0.0421,EventProcessingUnit,ScaleOut,
1423494406693,0.0421,EventProcessingUnit,ScaleOut,
1423494411695,1.2222,EventProcessingUnit,ScaleOut,
1423494416694,1.2222,EventProcessingUnit,ScaleOut,
1423494421700,1.2222,EventProcessingUnit,ScaleOut,
1423494426696,1.2222,EventProcessingUnit,ScaleOut,
1423494431697,1.2222,EventProcessingUnit,ScaleOut,
1423494436698,1.2222,EventProcessingUnit,ScaleOut,
1423494441704,1.2222,EventProcessingUnit,ScaleOut,
1423494446753,1.2222,EventProcessingUnit,ScaleOut,
1423494451744,1.2222,EventProcessingUnit,ScaleOut,
1423494456756,1.2222,EventProcessingUnit,ScaleOut,
1423494461756,1.2222,EventProcessingUnit,ScaleOut,
1423494466763,1.2222,EventProcessingUnit,ScaleOut,
1423494471756,1.5556,EventProcessingUnit,ScaleOut,
1423494476757,1.5556,EventProcessingUnit,ScaleOut,
1423494481757,0.0536,EventProcessingUnit,ScaleOut,
1423494486762,0.0536,EventProcessingUnit,ScaleOut,
1423494491757,0.0819,EventProcessingUnit,ScaleOut,
1423494496757,0.0486,EventProcessingUnit,ScaleOut,
1423494501762,0.5185,EventProcessingUnit,ScaleOut,
1423494506758,1.5556,EventProcessingUnit,ScaleOut,
1423494511758,1.5556,EventProcessingUnit,ScaleOut,
1423494516763,1.5556,EventProcessingUnit,ScaleOut,
1423494521759,0.0346,EventProcessingUnit,ScaleOut,
1423494526759,0.0915,EventProcessingUnit,ScaleOut,
1423494531759,0.0389,
1423494536762,0.0255,
1423494541763,0.021,
1423494546761,0.0239,
1423494551761,0.0219,
1423494556772,0.0112,
1423494561765,0.0115,
1423494566765,0.0121,
1423494571769,0.0122,
1423494576769,0.0128,
1423494581768,0.0132,
1423494586775,0.0138,
1423494591775,0.0141,
1423494596775,0.0147,
1423494601776,0.0151,
1423494606776,0.0156,
1423494611776,0.0165,
1423494616777,0.0173,
1423494621778,0.0181,
1423494626777,0.019,
1423494631777,0.0202,
1423494636777,0.0222,
1423494641778,0.0225,
1423494646778,0.0236,
1423494651778,0.0255,
1423494656779,0.0278,
1423494661780,0.0299,
1423494666779,0.0317,
1423494671780,0.0294,
1423494676781,0.0268,
1423494681780,0.0229,EventProcessingUnit,ScaleIn,
1423494686782,0.0232,EventProcessingUnit,ScaleIn,
1423494691781,0.0216,EventProcessingUnit,ScaleIn,
1423494696781,0.0205,EventProcessingUnit,ScaleIn,
1423494701782,0.0389,EventProcessingUnit,ScaleIn,
1423494706782,0.0185,EventProcessingUnit,ScaleIn,
1423494711783,0.0139,EventProcessingUnit,ScaleIn,
1423494716783,0.0136,EventProcessingUnit,ScaleIn,
1423494721783,0.0136,EventProcessingUnit,ScaleIn,
1423494726783,0.0177,
1423494731782,0.047,
1423494736783,0.0278,
1423494741784,0.0278,
1423494746783,0.1358,
1423494751784,0.0306,
1423494756783,0.0306,
1423494761787,0.0306,
1423494766785,0.0306,
1423494771786,0.0306,
1423494776786,0.0306,
1423494781786,0.0306,
1423494786786,0.0306,
1423494791786,0.0306,
1423494796788,0.0306,
1423494801789,0.0306,
1423494806813,0.0306,
1423494811809,0.0306,
1423494816810,0.0306,
1423494821811,0.0306,
1423494826810,0.0306,
1423494831811,0.0306,
1423494836810,0.0306,
1423494841811,0.0306,
1423494846811,0.0306,
1423494851812,0.0272,
1423494856818,0.0272,
1423494861815,0.0272,
1423494866814,0.0272,
1423494871851,1.2222,
1423494876821,1.2222,
1423494881821,0.1111,
1423494886822,0.1111,
1423494891822,0.1111,
1423494896822,0.1111,
1423494901824,0.1111,
1423494906823,0.0815,
1423494911823,0.0815,
1423494916822,0.0489,
1423494921824,0.0489,
1423494926824,0.0489,
1423494931824,0.0489,
1423494936825,0.0489,
1423494941825,0.0489,
1423494946825,0.0489,
1423494951825,0.0489,
1423494956826,0.0489,
1423494961826,0.0489,
1423494966826,0.0489,EventProcessingUnit,ScaleOut,
1423494971826,0.0489,EventProcessingUnit,ScaleOut,
1423494976827,0.0489,EventProcessingUnit,ScaleOut,
1423494981827,0.033,EventProcessingUnit,ScaleOut,
1423494986827,0.0222,EventProcessingUnit,ScaleOut,
1423494991830,0.024,EventProcessingUnit,ScaleOut,
1423494996832,0.0249,EventProcessingUnit,ScaleOut,
1423495001832,0.0231,EventProcessingUnit,ScaleOut,
1423495006836,0.0211,EventProcessingUnit,ScaleOut,
1423495011831,0.0194,EventProcessingUnit,ScaleOut,
1423495016832,0.018,EventProcessingUnit,ScaleOut,
1423495021832,0.0175,EventProcessingUnit,ScaleOut,
1423495026833,1.2222,EventProcessingUnit,ScaleOut,
1423495031834,1.2222,EventProcessingUnit,ScaleOut,
1423495036834,0.0134,EventProcessingUnit,ScaleOut,
1423495041834,0.0249,EventProcessingUnit,ScaleOut,
1423495046835,0.0151,EventProcessingUnit,ScaleOut,
1423495051834,0.0139,EventProcessingUnit,ScaleOut,
1423495056846,0.0244,EventProcessingUnit,ScaleOut,
1423495061839,0.0133,EventProcessingUnit,ScaleOut,
1423495066863,0.0188,EventProcessingUnit,ScaleOut,
1423495071837,0.0211,EventProcessingUnit,ScaleOut,
1423495076846,0.0133,EventProcessingUnit,ScaleOut,
1423495081840,0.026,EventProcessingUnit,ScaleOut,
1423495086839,0.0142,EventProcessingUnit,ScaleOut,
1423495091839,0.0144,EventProcessingUnit,ScaleOut,
1423495096842,0.026,EventProcessingUnit,ScaleOut,
1423495101841,0.0133,EventProcessingUnit,ScaleOut,
1423495106841,0.0188,EventProcessingUnit,ScaleOut,
1423495111842,0.0235,EventProcessingUnit,ScaleOut,
1423495116840,0.0134,EventProcessingUnit,ScaleOut,
1423495121842,0.0249,EventProcessingUnit,ScaleOut,
1423495126841,0.0165,EventProcessingUnit,ScaleOut,
1423495131843,0.0131,EventProcessingUnit,ScaleOut,
1423495136843,0.0249,EventProcessingUnit,ScaleOut,
1423495141842,0.0133,EventProcessingUnit,ScaleOut,
1423495146843,0.0157,EventProcessingUnit,ScaleOut,
1423495151845,0.026,EventProcessingUnit,ScaleOut,
1423495156843,0.0134,EventProcessingUnit,ScaleOut,
1423495161843,0.0222,EventProcessingUnit,ScaleOut,
1423495166844,0.0185,EventProcessingUnit,ScaleOut,
1423495171845,0.0133,EventProcessingUnit,ScaleOut,
1423495176845,0.0244,EventProcessingUnit,ScaleOut,
1423495181847,0.0139,EventProcessingUnit,ScaleOut,
1423495186846,0.0149,EventProcessingUnit,ScaleOut,
1423495191845,0.0249,EventProcessingUnit,ScaleOut,
1423495196845,0.0133,EventProcessingUnit,ScaleOut,
1423495201846,0.02,EventProcessingUnit,ScaleOut,
1423495206847,0.0207,EventProcessingUnit,ScaleOut,
1423495211846,0.0133,EventProcessingUnit,ScaleOut,
1423495216848,0.0255,EventProcessingUnit,ScaleOut,
1423495221847,0.0144,EventProcessingUnit,ScaleOut,
1423495226848,0.0144,EventProcessingUnit,ScaleOut,
1423495231848,0.024,EventProcessingUnit,ScaleOut,
1423495236849,0.0131,EventProcessingUnit,ScaleOut,
1423495241849,0.0188,EventProcessingUnit,ScaleOut,
1423495246848,0.0218,EventProcessingUnit,ScaleOut,
1423495251849,0.0137,EventProcessingUnit,ScaleOut,
1423495256850,0.0255,EventProcessingUnit,ScaleOut,
1423495261849,0.0159,EventProcessingUnit,ScaleOut,
1423495266869,0.0159,EventProcessingUnit,ScaleOut,
1423495271863,0.0266,EventProcessingUnit,ScaleOut,
1423495276863,0.0133,EventProcessingUnit,ScaleOut,
1423495281863,0.0165,EventProcessingUnit,ScaleOut,
1423495286864,0.026,EventProcessingUnit,ScaleOut,
1423495291864,0.0134,EventProcessingUnit,ScaleOut,
1423495296865,0.0231,EventProcessingUnit,ScaleOut,
1423495301864,0.0177,EventProcessingUnit,ScaleOut,
1423495306865,0.0133,EventProcessingUnit,ScaleOut,
1423495311865,0.0244,EventProcessingUnit,ScaleOut,
1423495316865,0.0139,EventProcessingUnit,ScaleOut,
1423495321866,0.0149,EventProcessingUnit,ScaleOut,
1423495326866,0.0244,EventProcessingUnit,ScaleOut,
1423495331866,0.0133,EventProcessingUnit,ScaleOut,
1423495336868,0.0197,EventProcessingUnit,ScaleOut,
1423495341868,0.0204,EventProcessingUnit,ScaleOut,
1423495346868,0.0134,EventProcessingUnit,ScaleOut,
1423495351868,0.0255,EventProcessingUnit,ScaleOut,
1423495356870,0.0155,EventProcessingUnit,ScaleOut,
1423495361870,0.0134,EventProcessingUnit,ScaleOut,
1423495366870,0.0255,EventProcessingUnit,ScaleOut,
1423495371870,0.0131,EventProcessingUnit,ScaleOut,
1423495376870,0.0175,EventProcessingUnit,ScaleOut,
1423495381869,0.0235,EventProcessingUnit,ScaleOut,
1423495386870,0.0131,EventProcessingUnit,ScaleOut,
1423495391871,0.0255,EventProcessingUnit,ScaleOut,
1423495396872,0.0165,EventProcessingUnit,ScaleOut,
1423495401871,0.0131,EventProcessingUnit,ScaleOut,
1423495406872,0.0255,EventProcessingUnit,ScaleOut,
1423495411872,0.0134,EventProcessingUnit,ScaleOut,
1423495416873,0.017,EventProcessingUnit,ScaleOut,
1423495421872,0.0249,EventProcessingUnit,ScaleOut,
1423495426874,0.0134,EventProcessingUnit,ScaleOut,
1423495431874,0.0249,EventProcessingUnit,ScaleOut,
1423495436874,0.017,EventProcessingUnit,ScaleOut,
1423495441874,0.0133,EventProcessingUnit,ScaleOut,
1423495446874,0.0255,EventProcessingUnit,ScaleOut,
1423495451883,0.0139,EventProcessingUnit,ScaleOut,
1423495456896,0.0146,EventProcessingUnit,ScaleOut,
1423495461894,0.0244,EventProcessingUnit,ScaleOut,
1423495466900,0.0134,EventProcessingUnit,ScaleOut,
1423495471894,0.0194,EventProcessingUnit,ScaleOut,
1423495476896,0.0211,EventProcessingUnit,ScaleOut,
1423495481905,0.0131,EventProcessingUnit,ScaleOut,
1423495486896,0.0249,EventProcessingUnit,ScaleOut,
1423495491896,0.0194,EventProcessingUnit,ScaleOut,
1423495496897,0.0317,EventProcessingUnit,ScaleOut,
1423495501900,0.0169,EventProcessingUnit,ScaleOut,
1423495506898,0.0197,EventProcessingUnit,ScaleOut,
1423495511897,0.0299,EventProcessingUnit,ScaleOut,
1423495516899,0.0171,EventProcessingUnit,ScaleOut,
1423495521898,0.0305,EventProcessingUnit,ScaleOut,
1423495526899,0.0225,EventProcessingUnit,ScaleOut,
1423495531899,0.0173,EventProcessingUnit,ScaleOut,
1423495536899,0.0305,EventProcessingUnit,ScaleOut,
1423495541899,0.0173,EventProcessingUnit,ScaleOut,
1423495546901,0.0185,EventProcessingUnit,ScaleOut,
1423495551900,0.0299,
1423495556900,0.0169,
1423495561900,0.0299,
1423495566902,0.0213,
1423495571902,0.0169,
1423495576902,0.0299,
1423495581903,0.0171,
1423495586902,0.0251,
1423495591910,0.0299,
1423495596903,0.0171,
1423495601904,0.0305,
1423495606904,0.0181,
1423495611904,0.0181,
1423495616904,0.0299,
1423495621905,0.0171,
1423495626904,0.0299,
1423495631904,0.0222,
1423495636908,0.014,
1423495641924,0.0247,
1423495646923,0.0354,
1423495651924,0.0122,
1423495656924,0.0778,
1423495661926,0.019,
1423495666925,0.0159,
1423495671927,0.0972,
1423495676927,0.0144,
1423495681926,0.0229,
1423495686926,0.0379,
1423495691927,0.0122,
1423495696926,0.0648,
1423495701926,0.019,
1423495706928,0.016,
1423495711927,0.1037,
1423495716928,0.0128,
1423495721929,0.0278,
1423495726928,0.0299,
1423495731929,0.0125,
1423495736930,0.0972,
1423495741928,0.0164,
1423495746930,0.019,
1423495751931,0.0536,
1423495756932,0.0122,
1423495761933,0.0519,
1423495766931,0.0202,
1423495771931,0.0151,
1423495776932,0.0972,
1423495781934,0.013,
1423495786932,0.0278,
1423495791933,0.0278,
1423495796933,0.0131,
1423495801933,0.0972,
1423495806943,0.0156,
1423495811938,0.0205,
1423495816936,0.0676,
1423495821935,0.0124,
1423495826936,0.0346,
1423495831938,0.0243,
1423495836938,0.014,
1423495841937,0.1037,
1423495846957,0.016,
1423495851954,0.0185,
1423495856954,0.0598,
1423495861955,0.0124,
1423495866955,0.0362,
1423495871954,0.0222,
1423495876954,0.015,
1423495881956,0.1037,EventProcessingUnit,ScaleIn,
1423495886956,0.0131,EventProcessingUnit,ScaleIn,
1423495891964,0.0273,EventProcessingUnit,ScaleIn,
1423495896964,0.0324,EventProcessingUnit,ScaleIn,
1423495901964,0.0139,EventProcessingUnit,ScaleIn,
1423495906965,0.0157,EventProcessingUnit,ScaleIn,
1423495911964,0.0235,EventProcessingUnit,ScaleIn,
1423495916966,0.0134,
1423495921966,0.0218,
1423495926966,0.0211,
1423495931967,0.0136,
1423495936967,0.0244,
1423495941967,0.0151,
1423495946967,0.0136,
1423495951968,0.0249,
1423495956968,0.0134,
1423495961967,0.0182,
1423495966968,0.0231,
1423495971968,0.0136,
1423495976968,0.0244,
1423495981970,0.017,
1423495986968,0.0133,
1423495991969,0.0249,
1423495996969,0.0147,
1423496001970,0.0142,
1423496006970,0.0249,
1423496011971,0.0136,
1423496016971,0.0191,
1423496021971,0.0218,
1423496026972,0.0137,
1423496031971,0.024,
1423496036972,0.0167,
1423496041972,0.0136,
1423496046976,0.0249,
1423496051980,0.0137,
1423496056979,0.0159,
1423496061980,0.024,
1423496066985,0.0136,EventProcessingUnit,ScaleOut,
1423496071982,0.018,EventProcessingUnit,ScaleOut,
1423496076984,0.0231,EventProcessingUnit,ScaleOut,
1423496081985,0.0136,EventProcessingUnit,ScaleOut,
1423496086982,0.024,EventProcessingUnit,ScaleOut,
1423496091986,0.0167,EventProcessingUnit,ScaleOut,
1423496096987,0.0149,EventProcessingUnit,ScaleOut,
1423496101985,0.024,EventProcessingUnit,ScaleOut,
1423496106991,0.0136,EventProcessingUnit,ScaleOut,
1423496111986,0.0161,EventProcessingUnit,ScaleOut,
1423496116996,0.024,EventProcessingUnit,ScaleOut,
1423496121993,0.0134,EventProcessingUnit,ScaleOut,
1423496126993,0.0211,EventProcessingUnit,ScaleOut,
1423496131994,0.0194,EventProcessingUnit,ScaleOut,
1423496136993,0.0136,EventProcessingUnit,ScaleOut,
1423496141994,0.0249,EventProcessingUnit,ScaleOut,
1423496146994,0.0165,EventProcessingUnit,ScaleOut,
1423496151995,0.0133,EventProcessingUnit,ScaleOut,
1423496156995,0.024,EventProcessingUnit,ScaleOut,
1423496161996,0.0136,EventProcessingUnit,ScaleOut,
1423496166996,0.017,EventProcessingUnit,ScaleOut,
1423496171996,0.026,EventProcessingUnit,ScaleOut,
1423496176996,0.0134,EventProcessingUnit,ScaleOut,
1423496182001,0.0226,EventProcessingUnit,ScaleOut,
1423496187003,0.0175,EventProcessingUnit,ScaleOut,
1423496191999,0.0131,EventProcessingUnit,ScaleOut,
1423496197001,0.0244,EventProcessingUnit,ScaleOut,
1423496202000,0.0131,EventProcessingUnit,ScaleOut,
1423496207001,0.0139,EventProcessingUnit,ScaleOut,
1423496212001,0.0172,EventProcessingUnit,ScaleOut,
1423496217001,0.0136,EventProcessingUnit,ScaleOut,
1423496222007,0.0185,EventProcessingUnit,ScaleOut,
1423496227004,0.0218,EventProcessingUnit,ScaleOut,
1423496232005,0.0133,EventProcessingUnit,ScaleOut,
1423496237005,0.0255,EventProcessingUnit,ScaleOut,
1423496242005,0.0151,EventProcessingUnit,ScaleOut,
1423496247005,0.0134,EventProcessingUnit,ScaleOut,
1423496252008,0.0249,EventProcessingUnit,ScaleOut,
1423496257008,0.0134,EventProcessingUnit,ScaleOut,
1423496262007,0.0185,EventProcessingUnit,ScaleOut,
1423496267008,0.0231,EventProcessingUnit,ScaleOut,
1423496272008,0.0133,EventProcessingUnit,ScaleOut,
1423496277008,0.0255,EventProcessingUnit,ScaleOut,
1423496282009,0.017,EventProcessingUnit,ScaleOut,
1423496287009,0.0131,EventProcessingUnit,ScaleOut,
1423496292009,0.0249,EventProcessingUnit,ScaleOut,
1423496297009,0.0133,EventProcessingUnit,ScaleOut,
1423496302011,0.0157,EventProcessingUnit,ScaleOut,
1423496307009,0.0255,EventProcessingUnit,ScaleOut,
1423496312010,0.0133,EventProcessingUnit,ScaleOut,
1423496317011,0.0214,EventProcessingUnit,ScaleOut,
1423496322011,0.02,EventProcessingUnit,ScaleOut,
1423496327011,0.0133,EventProcessingUnit,ScaleOut,
1423496332011,0.0255,EventProcessingUnit,ScaleOut,
1423496337012,0.0146,EventProcessingUnit,ScaleOut,
1423496342012,0.014,EventProcessingUnit,ScaleOut,
1423496347012,0.026,EventProcessingUnit,ScaleOut,
1423496352013,0.0133,EventProcessingUnit,ScaleOut,
1423496357013,0.0159,EventProcessingUnit,ScaleOut,
1423496362013,0.026,EventProcessingUnit,ScaleOut,
1423496367013,0.0131,EventProcessingUnit,ScaleOut,
1423496372014,0.0218,EventProcessingUnit,ScaleOut,
1423496377017,0.02,EventProcessingUnit,ScaleOut,
1423496382013,0.0133,EventProcessingUnit,ScaleOut,
1423496387015,0.0255,EventProcessingUnit,ScaleOut,
1423496392015,0.0142,EventProcessingUnit,ScaleOut,
1423496397014,0.0144,EventProcessingUnit,ScaleOut,
1423496402014,0.0249,EventProcessingUnit,ScaleOut,
1423496407016,0.0131,EventProcessingUnit,ScaleOut,
1423496412016,0.02,EventProcessingUnit,ScaleOut,
1423496417016,0.0249,EventProcessingUnit,ScaleOut,
1423496422017,0.0133,EventProcessingUnit,ScaleOut,
1423496427017,0.0249,EventProcessingUnit,ScaleOut,
1423496432017,0.0175,EventProcessingUnit,ScaleOut,
1423496437018,0.0133,EventProcessingUnit,ScaleOut,
1423496442018,0.0255,EventProcessingUnit,ScaleOut,
1423496447018,0.0136,EventProcessingUnit,ScaleOut,
1423496452018,0.0151,EventProcessingUnit,ScaleOut,
1423496457019,0.0255,EventProcessingUnit,ScaleOut,
1423496462020,0.0133,EventProcessingUnit,ScaleOut,
1423496467019,0.0218,EventProcessingUnit,ScaleOut,
1423496472019,0.0188,EventProcessingUnit,ScaleOut,
1423496477020,0.0133,EventProcessingUnit,ScaleOut,
1423496482020,0.0255,EventProcessingUnit,ScaleOut,
1423496487020,0.017,EventProcessingUnit,ScaleOut,
1423496492022,0.0133,EventProcessingUnit,ScaleOut,
1423496497021,0.0255,EventProcessingUnit,ScaleOut,
1423496502020,0.0133,EventProcessingUnit,ScaleOut,
1423496507021,0.0259,EventProcessingUnit,ScaleOut,
1423496512023,0.0232,EventProcessingUnit,ScaleOut,
1423496517022,0.0202,EventProcessingUnit,ScaleOut,
1423496522021,0.0225,EventProcessingUnit,ScaleOut,
1423496527023,0.0232,EventProcessingUnit,ScaleOut,
1423496532023,0.0202,EventProcessingUnit,ScaleOut,
1423496537022,0.0236,EventProcessingUnit,ScaleOut,
1423496542023,0.0213,EventProcessingUnit,ScaleOut,
1423496547024,0.0202,EventProcessingUnit,ScaleOut,
1423496552024,0.0243,EventProcessingUnit,ScaleOut,
1423496557024,0.0199,EventProcessingUnit,ScaleOut,
1423496562025,0.0232,EventProcessingUnit,ScaleOut,
1423496567026,0.0236,
1423496572025,0.0199,
1423496577028,0.0232,
1423496582028,0.0202,
1423496587026,0.0202,
1423496592027,0.0236,
1423496597029,0.0202,
1423496602029,0.0259,
1423496607029,0.0239,
1423496612029,0.0202,
1423496617029,0.0236,
1423496622036,0.0202,
1423496627035,0.0202,
1423496632036,0.0236,
1423496637036,0.0202,
1423496642036,0.0243,
1423496647037,0.0232,
1423496652036,0.0202,
1423496657037,0.0236,
1423496662037,0.0202,
1423496667037,0.0207,
1423496672038,0.0236,
1423496677037,0.0202,
1423496682038,0.0236,
1423496687039,0.0222,
1423496692038,0.0199,
1423496697039,0.0236,
1423496702039,0.0202,
1423496707041,0.0232,
1423496712039,0.0239,
1423496717049,0.0202,EventProcessingUnit,ScaleIn,
1423496722047,0.0236,EventProcessingUnit,ScaleIn,
1423496727045,0.3111,EventProcessingUnit,ScaleIn,
1423496732043,0.0167,EventProcessingUnit,ScaleIn,
1423496737059,0.0136,EventProcessingUnit,ScaleIn,
1423496742058,0.0244,EventProcessingUnit,ScaleIn,
1423496747058,0.0155,EventProcessingUnit,ScaleIn,
1423496752058,0.0136,
1423496757059,0.0255,
1423496762059,0.0134,
1423496767059,0.0177,
1423496772174,0.0244,
1423496777077,0.0136,
1423496782077,0.024,
1423496787077,0.0172,
1423496792077,0.0134,
1423496797092,0.0235,
1423496802090,0.0136,
1423496807090,0.0139,
1423496812089,0.0244,
1423496817093,0.0137,
1423496822089,0.0175,
1423496827091,0.0249,
1423496832175,0.0134,
1423496837147,0.024,
1423496842153,0.0172,
1423496847152,0.0136,
1423496852153,0.0244,
1423496857153,0.0134,
1423496862155,0.0155,
1423496867155,0.0249,
1423496872153,0.0136,
1423496877153,0.0159,
1423496882155,0.0249,
1423496887160,0.0134,
1423496892194,0.0204,
1423496897171,0.0194,
1423496902170,0.0134,EventProcessingUnit,ScaleOut,
1423496907170,0.0255,EventProcessingUnit,ScaleOut,
1423496912171,0.0144,EventProcessingUnit,ScaleOut,
1423496917171,0.014,EventProcessingUnit,ScaleOut,
1423496922171,0.0226,EventProcessingUnit,ScaleOut,
1423496927173,0.0139,EventProcessingUnit,ScaleOut,
1423496932172,0.0182,EventProcessingUnit,ScaleOut,
1423496937172,0.0244,EventProcessingUnit,ScaleOut,
1423496942173,0.0134,EventProcessingUnit,ScaleOut,
1423496947173,0.02,EventProcessingUnit,ScaleOut,
1423496952195,0.0204,EventProcessingUnit,ScaleOut,
1423496957195,0.0136,EventProcessingUnit,ScaleOut,
1423496962196,0.0244,EventProcessingUnit,ScaleOut,
1423496967196,0.0155,EventProcessingUnit,ScaleOut,
1423496972196,0.0133,EventProcessingUnit,ScaleOut,
1423496977196,0.0255,EventProcessingUnit,ScaleOut,
1423496982198,0.0136,EventProcessingUnit,ScaleOut,
1423496987198,0.018,EventProcessingUnit,ScaleOut,
1423496992197,0.0235,EventProcessingUnit,ScaleOut,
1423496997197,0.0134,EventProcessingUnit,ScaleOut,
1423497002199,0.0249,EventProcessingUnit,ScaleOut,
1423497007199,0.017,EventProcessingUnit,ScaleOut,
1423497012225,0.0134,EventProcessingUnit,ScaleOut,
1423497017227,0.0349,EventProcessingUnit,ScaleOut,
1423497022227,0.0161,EventProcessingUnit,ScaleOut,
1423497027233,0.0134,EventProcessingUnit,ScaleOut,
1423497032226,0.0249,EventProcessingUnit,ScaleOut,
1423497037229,0.0133,EventProcessingUnit,ScaleOut,
1423497042228,0.0167,EventProcessingUnit,ScaleOut,
1423497047229,0.0266,EventProcessingUnit,ScaleOut,
1423497052228,0.0134,EventProcessingUnit,ScaleOut,
1423497057231,0.024,EventProcessingUnit,ScaleOut,
1423497062230,0.018,EventProcessingUnit,ScaleOut,
1423497067228,0.0133,EventProcessingUnit,ScaleOut,
1423497072256,0.026,EventProcessingUnit,ScaleOut,
1423497077256,0.014,EventProcessingUnit,ScaleOut,
1423497082257,0.0146,EventProcessingUnit,ScaleOut,
1423497087259,0.0359,EventProcessingUnit,ScaleOut,
1423497092259,0.0133,EventProcessingUnit,ScaleOut,
1423497097265,0.0157,EventProcessingUnit,ScaleOut,
1423497102259,0.0255,EventProcessingUnit,ScaleOut,
1423497107261,0.0134,EventProcessingUnit,ScaleOut,
1423497112261,0.0211,EventProcessingUnit,ScaleOut,
1423497117260,0.02,EventProcessingUnit,ScaleOut,
1423497122262,0.0134,EventProcessingUnit,ScaleOut,
1423497127261,0.026,EventProcessingUnit,ScaleOut,
1423497132272,0.0146,EventProcessingUnit,ScaleOut,
1423497137276,0.0142,EventProcessingUnit,ScaleOut,
1423497142273,0.0255,EventProcessingUnit,ScaleOut,
1423497147274,0.0133,EventProcessingUnit,ScaleOut,
1423497152274,0.0204,EventProcessingUnit,ScaleOut,
1423497157274,0.0226,EventProcessingUnit,ScaleOut,
1423497162273,0.0134,EventProcessingUnit,ScaleOut,
1423497167288,0.0197,EventProcessingUnit,ScaleOut,
1423497172285,0.0214,EventProcessingUnit,ScaleOut,
1423497177286,0.0139,EventProcessingUnit,ScaleOut,
1423497182286,0.026,EventProcessingUnit,ScaleOut,
1423497187286,0.0165,EventProcessingUnit,ScaleOut,
1423497192297,0.0133,EventProcessingUnit,ScaleOut,
1423497197292,0.0255,EventProcessingUnit,ScaleOut,
1423497202294,0.0134,EventProcessingUnit,ScaleOut,
1423497207294,0.0182,EventProcessingUnit,ScaleOut,
1423497212295,0.024,EventProcessingUnit,ScaleOut,
1423497217294,0.0134,EventProcessingUnit,ScaleOut,
1423497222294,0.026,EventProcessingUnit,ScaleOut,
1423497227295,0.0172,EventProcessingUnit,ScaleOut,
1423497232295,0.0171,EventProcessingUnit,ScaleOut,
1423497237298,0.1944,EventProcessingUnit,ScaleOut,
1423497242296,0.0225,EventProcessingUnit,ScaleOut,
1423497247297,0.0213,EventProcessingUnit,ScaleOut,
1423497252317,0.0222,EventProcessingUnit,ScaleOut,
1423497257331,0.0213,EventProcessingUnit,ScaleOut,
1423497262332,0.0216,EventProcessingUnit,ScaleOut,
1423497267331,0.0225,EventProcessingUnit,ScaleOut,
1423497272332,0.0213,EventProcessingUnit,ScaleOut,
1423497277331,0.0222,EventProcessingUnit,ScaleOut,
1423497282332,0.0225,EventProcessingUnit,ScaleOut,
1423497287332,0.021,EventProcessingUnit,ScaleOut,
1423497292334,0.0225,
1423497297334,0.0213,
1423497302333,0.0225,
1423497307333,0.0222,
1423497312334,0.0213,
1423497317334,0.0225,
1423497322335,0.0213,
1423497327334,0.021,
1423497332337,0.0225,
1423497337336,0.0213,
1423497342336,0.0222,
1423497347335,0.0222,
1423497352337,0.0213,
1423497357337,0.0222,
1423497362337,0.019,
1423497367338,0.021,
1423497372338,0.0229,
1423497377338,0.0213,
1423497382338,0.0222,
1423497387339,0.0222,
1423497392339,0.021,
1423497397338,0.0222,
1423497402339,0.021,
1423497407339,0.0213,
1423497412340,0.0222,
1423497417340,0.021,
1423497422341,0.0219,
1423497427340,0.0225,
1423497432341,0.0213,
1423497437341,0.0216,
1423497442344,0.0213,EventProcessingUnit,ScaleIn,
1423497447341,0.0225,EventProcessingUnit,ScaleIn,
1423497452345,0.0219,EventProcessingUnit,ScaleIn,
1423497457343,0.037,EventProcessingUnit,ScaleIn,
1423497462343,0.0249,EventProcessingUnit,ScaleIn,
1423497467342,0.0249,EventProcessingUnit,ScaleIn,
1423497472343,0.0161,EventProcessingUnit,ScaleIn,
1423497477343,0.0136,
1423497482344,0.0349,
1423497487344,0.0155,
1423497492344,0.0139,
1423497497344,0.0244,
1423497502344,0.0136,
1423497507345,0.0188,
1423497512345,0.0226,
1423497517345,0.0134,
1423497522345,0.0244,
1423497527345,0.0161,
1423497532346,0.0136,
1423497537345,0.0244,
1423497542349,0.0136,
1423497547348,0.0165,
1423497552347,0.0421,
1423497557348,0.0136,
1423497562348,0.0165,
1423497567349,0.0244,
1423497572348,0.0136,
1423497577355,0.0235,
1423497582352,0.0175,
1423497587350,0.0137,
1423497592351,0.0266,
1423497597352,0.0142,
1423497602351,0.0144,
1423497607351,0.0249,
1423497612352,0.0137,
1423497617354,0.0182,
1423497622360,0.024,
1423497627356,0.0136,EventProcessingUnit,ScaleOut,
1423497632355,0.0194,EventProcessingUnit,ScaleOut,
1423497637356,0.0218,EventProcessingUnit,ScaleOut,
1423497642359,0.0139,EventProcessingUnit,ScaleOut,
1423497647357,0.024,EventProcessingUnit,ScaleOut,
1423497652356,0.0163,EventProcessingUnit,ScaleOut,
1423497657356,0.0137,EventProcessingUnit,ScaleOut,
1423497662359,0.024,EventProcessingUnit,ScaleOut,
1423497667358,0.0136,EventProcessingUnit,ScaleOut,
1423497672359,0.0159,EventProcessingUnit,ScaleOut,
1423497677362,0.0255,EventProcessingUnit,ScaleOut,
1423497682360,0.0136,EventProcessingUnit,ScaleOut,
1423497687358,0.0214,EventProcessingUnit,ScaleOut,
1423497692358,0.0204,EventProcessingUnit,ScaleOut,
1423497697360,0.0136,EventProcessingUnit,ScaleOut,
1423497702360,0.0211,EventProcessingUnit,ScaleOut,
1423497707360,0.0197,EventProcessingUnit,ScaleOut,
1423497712360,0.0137,EventProcessingUnit,ScaleOut,
1423497717360,0.0255,EventProcessingUnit,ScaleOut,
1423497722360,0.0155,EventProcessingUnit,ScaleOut,
1423497727361,0.0139,EventProcessingUnit,ScaleOut,
1423497732361,0.0244,EventProcessingUnit,ScaleOut,
1423497737365,0.0137,EventProcessingUnit,ScaleOut,
1423497742362,0.0175,EventProcessingUnit,ScaleOut,
1423497747361,0.0235,EventProcessingUnit,ScaleOut,
1423497752362,0.0136,EventProcessingUnit,ScaleOut,
1423497757363,0.0249,EventProcessingUnit,ScaleOut,
1423497762362,0.0172,EventProcessingUnit,ScaleOut,
1423497767363,0.0134,EventProcessingUnit,ScaleOut,
1423497772363,0.024,EventProcessingUnit,ScaleOut,
1423497777364,0.0172,EventProcessingUnit,ScaleOut,
1423497782363,0.0136,EventProcessingUnit,ScaleOut,
1423497787365,0.0249,EventProcessingUnit,ScaleOut,
1423497792365,0.0137,EventProcessingUnit,ScaleOut,
1423497797364,0.0155,EventProcessingUnit,ScaleOut,
1423497802365,0.0249,EventProcessingUnit,ScaleOut,
1423497807368,0.0134,EventProcessingUnit,ScaleOut,
1423497812365,0.02,EventProcessingUnit,ScaleOut,
1423497817365,0.0211,EventProcessingUnit,ScaleOut,
1423497822368,0.0137,EventProcessingUnit,ScaleOut,
1423497827367,0.0249,EventProcessingUnit,ScaleOut,
1423497832368,0.0157,EventProcessingUnit,ScaleOut,
1423497837368,0.0134,EventProcessingUnit,ScaleOut,
1423497842368,0.0255,EventProcessingUnit,ScaleOut,
1423497847369,0.0161,EventProcessingUnit,ScaleOut,
1423497852369,0.0134,EventProcessingUnit,ScaleOut,
1423497857369,0.024,EventProcessingUnit,ScaleOut,
1423497862370,0.0137,EventProcessingUnit,ScaleOut,
1423497867369,0.0172,EventProcessingUnit,ScaleOut,
1423497872370,0.024,EventProcessingUnit,ScaleOut,
1423497877371,0.0136,EventProcessingUnit,ScaleOut,
1423497882371,0.0235,EventProcessingUnit,ScaleOut,
1423497887372,0.0182,EventProcessingUnit,ScaleOut,
1423497892371,0.0134,EventProcessingUnit,ScaleOut,
1423497897370,0.0249,EventProcessingUnit,ScaleOut,
1423497902371,0.0139,EventProcessingUnit,ScaleOut,
1423497907373,0.0139,EventProcessingUnit,ScaleOut,
1423497912373,0.0266,EventProcessingUnit,ScaleOut,
1423497917372,0.0147,EventProcessingUnit,ScaleOut,
1423497922374,0.0139,EventProcessingUnit,ScaleOut,
1423497927374,0.0305,EventProcessingUnit,ScaleOut,
1423497932373,0.0171,EventProcessingUnit,ScaleOut,
1423497937374,0.0225,EventProcessingUnit,ScaleOut,
1423497942376,0.0288,EventProcessingUnit,ScaleOut,
1423497947375,0.0171,EventProcessingUnit,ScaleOut,
1423497952376,0.0294,EventProcessingUnit,ScaleOut,
1423497957376,0.0243,EventProcessingUnit,ScaleOut,
1423497962375,0.0171,EventProcessingUnit,ScaleOut,
1423497967376,0.0294,EventProcessingUnit,ScaleOut,
1423497972376,0.0173,EventProcessingUnit,ScaleOut,
1423497977377,0.0216,EventProcessingUnit,ScaleOut,
1423497982376,0.0346,EventProcessingUnit,ScaleOut,
1423497987377,0.0169,
1423497992377,0.0299,
1423497997377,0.0192,
1423498002378,0.0173,
1423498007378,0.0299,
