Time ,totalPendingRequests ,avgPendingRequests ,totalThroughput ,avgThroughput ,cpuUsage ,instances ,cost ,avgResponseTime , ongoingAction, targetedNodeID,,,
1.42348E+12,0,0,0,0,1.7,1,0.12,0,,,0,,5
1.42348E+12,0,0,0,0,1.7,1,0.12,0,,,0,,10
1.42348E+12,0,0,0,0,1.7,1,0.12,0,,,0,,15
1.42348E+12,0,0,0,0,1.5,1,0.12,0,,,0,,20
1.42348E+12,0,0,0,0,1.5,1,0.12,0,,,0,,25
1.42348E+12,0,0,0,0,1.5,1,0.12,0,,,0,,30
1.42348E+12,0,0,0,0,1.5,1,0.12,0,,,0,,35
1.42348E+12,0,0,0,0,1.5,1,0.12,0,,,0,,40
1.42348E+12,0,0,0,0,1.5,1,0.12,0,,,0,,45
1.42348E+12,0,0,0,0,1.5,1,0.12,0,,,0,,50
1.42348E+12,0,0,0,0,1.5,1,0.12,0,,,0,,55
1.42348E+12,0,0,0,0,1.5,1,0.12,0,,,0,,60
1.42348E+12,0,0,0,0,1.5,1,0.12,0,,,0,,65
1.42348E+12,0,0,0,0,1.5,1,0.12,0,,,0,,70
1.42348E+12,0,0,0,0,1.5,1,0.12,0,,,0,,75
1.42348E+12,0,0,0,0,1.5,1,0.12,0,,,0,,80
1.42348E+12,0,0,0,0,1.5,1,0.12,0,,,0,,85
1.42348E+12,0,0,0,0,1.5,1,0.12,0,,,0,,90
1.42348E+12,0,0,0,0,1.5,1,0.12,0,,,0,,95
1.42348E+12,0,0,0,0,1.5,1,0.12,0,,,0,,100
1.42348E+12,0,0,0,0,1.5,1,0.12,0,,,0,,105
1.42348E+12,0,0,0,0,1.5,1,0.12,0,,,0,,110
1.42348E+12,0,0,0,0,1.5,1,0.12,0,,,0,,115
1.42348E+12,0,0,0,0,1.5,1,0.12,0,,,0,,120
1.42348E+12,0,0,0,0,1.5,1,0.12,0,,,0,,125
1.42348E+12,0,0,0,0,1.5,1,0.12,0,,,0,,130
1.42348E+12,0,0,0,0,1.5,1,0.12,0,,,0,,135
1.42348E+12,0,0,0,0,1.5,1,0.12,0,,,0,,140
1.42348E+12,0,0,0,0,1.5,1,0.12,0,,,0,,145
1.42348E+12,0,0,0,0,1.5,1,0.12,0,,,0,,150
1.42348E+12,37,37,18,18,1.5,1,0.12,542,,,542,,155
1.42348E+12,1,1,13,13,10.2,1,0.12,13,,,13,,160
1.42348E+12,6,6,87,87,10.2,1,0.12,40,EventProcessingUnit,ScaleOut,40,ECP2 started,165
1.42348E+12,0,0,28,28,10.2,1,0.12,98,EventProcessingUnit,ScaleOut,98,,170
1.42348E+12,7,7,54,54,10.2,1,0.12,45,EventProcessingUnit,ScaleOut,45,,175
1.42348E+12,0,0,57,57,25.5,1,0.12,57,EventProcessingUnit,ScaleOut,57,,180
1.42348E+12,3,3,24,24,25.5,1,0.12,16,EventProcessingUnit,ScaleOut,16,,185
1.42348E+12,0,0,89,89,25.5,1,0.12,47,EventProcessingUnit,ScaleOut,47,,190
1.42348E+12,0,0,15,15,25.5,1,0.12,84,EventProcessingUnit,ScaleOut,84,,195
1.42348E+12,6,6,66,66,21.5,1,0.12,37,EventProcessingUnit,ScaleOut,37,,200
1.42348E+12,0,0,44,44,21.5,1,0.12,57,EventProcessingUnit,ScaleOut,57,,205
1.42348E+12,1,1,37,37,21.5,1,0.12,12,EventProcessingUnit,ScaleOut,12,,210
1.42348E+12,0,0,76,76,21.5,1,0.12,47,EventProcessingUnit,ScaleOut,47,,215
1.42348E+12,1,1,7,7,24.7,1,0.12,22,EventProcessingUnit,ScaleOut,22,,220
1.42348E+12,4,4,83,83,24.7,1,0.12,29,EventProcessingUnit,ScaleOut,29,,225
1.42348E+12,0,0,30,30,24.7,1,0.12,44,EventProcessingUnit,ScaleOut,44,,230
1.42348E+12,3,3,49,49,24.7,1,0.12,19,EventProcessingUnit,ScaleOut,19,,235
1.42348E+12,0,0,64,64,19.1,1,0.12,35,EventProcessingUnit,ScaleOut,35,,240
1.42348E+12,1,1,15,15,19.1,1,0.12,12,EventProcessingUnit,ScaleOut,12,,245
1.42348E+12,5,5,89,89,19.1,1,0.12,32,EventProcessingUnit,ScaleOut,32,,250
1.42348E+12,0,0,23,23,19.1,1,0.12,47,EventProcessingUnit,ScaleOut,47,,255
1.42348E+12,2,2,56,56,19.4,1,0.12,12,EventProcessingUnit,ScaleOut,12,,260
1.42348E+12,0,0,59,59,19.4,1,0.12,42,EventProcessingUnit,ScaleOut,42,,265
1.42348E+12,2,2,19,19,19.4,1,0.12,17,EventProcessingUnit,ScaleOut,17,,270
1.42348E+12,4,4,90,90,19.4,1,0.12,29,EventProcessingUnit,ScaleOut,29,,275
1.42348E+12,0,0,19,19,19.5,1,0.12,58,EventProcessingUnit,ScaleOut,58,,280
1.42348E+12,4,4,61,61,19.5,1,0.12,21,EventProcessingUnit,ScaleOut,21,,285
1.42348E+12,0,0,53,53,19.5,1,0.12,54,EventProcessingUnit,ScaleOut,54,,290
1.42348E+12,2,2,29,29,19.5,1,0.12,16,EventProcessingUnit,ScaleOut,16,,295
1.42348E+12,0,0,85,85,28.1,1,0.12,33,EventProcessingUnit,ScaleOut,33,,300
1.42348E+12,0,0,8,8,28.1,1,0.12,31,EventProcessingUnit,ScaleOut,31,,305
1.42348E+12,4,4,69,69,28.1,1,0.12,32,EventProcessingUnit,ScaleOut,32,,310
1.42348E+12,0,0,44,44,28.1,1,0.12,49,EventProcessingUnit,ScaleOut,49,,315
1.42348E+12,2,2,36,36,20.4,1,0.12,15,EventProcessingUnit,ScaleOut,15,,320
1.42348E+12,0,0,77,77,20.4,1,0.12,23,EventProcessingUnit,ScaleOut,23,,325
1.42348E+12,1,1,2,2,20.4,1,0.12,28,EventProcessingUnit,ScaleOut,28,,330
1.42348E+12,3,3,78,78,20.4,1,0.12,24,EventProcessingUnit,ScaleOut,24,,335
1.42348E+12,0,0,35,35,17,1,0.12,35,EventProcessingUnit,ScaleOut,35,,340
1.42348E+12,2,2,44,44,17,1,0.12,13,EventProcessingUnit,ScaleOut,13,,345
1.42348E+12,0,0,69,69,17,1,0.12,12,EventProcessingUnit,ScaleOut,12,,350
1.42348E+12,1,1,8,8,17,1,0.12,12,EventProcessingUnit,ScaleOut,12,,355
1.42348E+12,3,3,86,86,14.9,1,0.12,22,EventProcessingUnit,ScaleOut,22,,360
1.42348E+12,0,0,28,28,14.9,1,0.12,24,EventProcessingUnit,ScaleOut,24,,365
1.42348E+12,3,3,51,51,14.9,1,0.12,19,EventProcessingUnit,ScaleOut,19,,370
1.42348E+12,0,0,61,61,14.9,1,0.12,26,EventProcessingUnit,ScaleOut,26,,375
1.42348E+12,1,1,18,18,14.9,1,0.12,13,EventProcessingUnit,ScaleOut,13,,380
1.42348E+12,2,2,92,92,14.9,1,0.12,18,EventProcessingUnit,ScaleOut,18,,385
1.42348E+12,0,0,19,19,14.9,1,0.12,34,EventProcessingUnit,ScaleOut,34,,390
1.42348E+12,1,1,59,59,14.9,1,0.12,15,EventProcessingUnit,ScaleOut,15,,395
1.42348E+12,0,0,56,56,14.9,1,0.12,28,EventProcessingUnit,ScaleOut,28,,400
1.42348E+12,2,2,21,21,14.9,1,0.12,13,EventProcessingUnit,ScaleOut,13,,405
1.42348E+12,0,0,91,91,14.9,1,0.12,26,EventProcessingUnit,ScaleOut,26,,410
1.42348E+12,0,0,13,13,14.9,1,0.12,60,EventProcessingUnit,ScaleOut,60,,415
1.42348E+12,3,3,70,70,14.9,1,0.12,18,EventProcessingUnit,ScaleOut,18,,420
1.42348E+12,0,0,46,46,14.9,1,0.12,45,EventProcessingUnit,ScaleOut,45,,425
1.42348E+12,4,4,34,34,14.9,1,0.12,27,EventProcessingUnit,ScaleOut,27,,430
1.42348E+12,0,0,78,78,14.9,1,0.12,26,EventProcessingUnit,ScaleOut,26,,435
1.42348E+12,0,0,2,2,14.9,1,0.12,16,EventProcessingUnit,ScaleOut,16,,440
1.42348E+12,5,5,75,75,14.9,1,0.12,28,EventProcessingUnit,ScaleOut,28,,445
1.42348E+12,0,0,34,34,15.5,1,0.12,46,EventProcessingUnit,ScaleOut,46,,450
1.42348E+12,3,3,48,48,15.5,1,0.12,19,EventProcessingUnit,ScaleOut,19,,455
1.42348E+12,0,0,62,62,15.5,1,0.12,32,EventProcessingUnit,ScaleOut,32,,460
1.42348E+12,2,2,15,15,15.5,1,0.12,17,EventProcessingUnit,ScaleOut,17,,465
1.42348E+12,4,4,90,90,15.5,1,0.12,23,EventProcessingUnit,ScaleOut,23,,470
1.42348E+12,0,0,24,24,15.5,1,0.12,34,EventProcessingUnit,ScaleOut,34,,475
1.42348E+12,1,1,52,52,15.8,1,0.12,14,EventProcessingUnit,ScaleOut,14,,480
1.42348E+12,0,0,57,57,15.8,1,0.12,12,EventProcessingUnit,ScaleOut,12,,485
1.42348E+12,2,2,21,21,15.8,1,0.12,13,EventProcessingUnit,ScaleOut,13,,490
1.42348E+12,0,0,90,90,15.8,1,0.12,45,EventProcessingUnit,ScaleOut,45,,495
1.42348E+12,0,0,9,9,16.2,1,0.12,45,EventProcessingUnit,ScaleOut,45,,500
1.42348E+12,2,2,70,70,16.2,1,0.12,22,EventProcessingUnit,ScaleOut,22,,505
1.42348E+12,0,0,43,43,32.65,2,0.24,33,EventProcessingUnit,ScaleOut,33,,510
1.42348E+12,2,1,36,18,29.95,2,0.24,7.5,EventProcessingUnit,ScaleOut,7.5,,515
1.42348E+12,0,0,81,40.5,28.95,2,0.24,10,EventProcessingUnit,ScaleOut,10,,520
1.42348E+12,0,0,5,2.5,28.95,2,0.24,10,EventProcessingUnit,ScaleOut,10,,525
1.42348E+12,1,0.5,80,40,28.95,2,0.24,10,EventProcessingUnit,ScaleOut,10,,530
1.42348E+12,0,0,34,17,24.55,2,0.24,10,EventProcessingUnit,ScaleOut,10,,535
1.42348E+12,0,0,46,23,22,2,0.24,10,EventProcessingUnit,ScaleOut,10,,540
1.42348E+12,0,0,68,34,22,2,0.24,10,EventProcessingUnit,ScaleOut,10,,545
1.42348E+12,2,1,12,6,22,2,0.24,10.5,EventProcessingUnit,ScaleOut,10.5,,550
1.42348E+12,1,0.5,90,45,15.6,2,0.24,10,EventProcessingUnit,ScaleOut,10,,555
1.42348E+12,0,0,23,11.5,15.7,2,0.24,10,EventProcessingUnit,ScaleOut,10,,560
1.42348E+12,0,0,60,30,15.7,2,0.24,10,EventProcessingUnit,ScaleOut,10,,565
1.42348E+12,0,0,56,28,15.7,2,0.24,10,EventProcessingUnit,ScaleOut,10,ECP2 ended,570
1.42348E+12,2,1,24,12,11.9,2,0.24,10,,,10,,575
1.42348E+12,0,0,88,44,11.15,2,0.24,10,,,10,,580
1.42348E+12,0,0,9,4.5,11.15,2,0.24,10,,,10,,585
1.42348E+12,1,0.5,72,36,11.15,2,0.24,10,,,10,,590
1.42348E+12,0,0,41,20.5,11.8,2,0.24,10,,,10,,595
1.42348E+12,1,0.5,38,19,11.8,2,0.24,10,,,10,,600
1.42348E+12,0,0,75,37.5,11.8,2,0.24,10,,,10,,605
1.42348E+12,0,0,5,2.5,11.8,2,0.24,10.5,,,10.5,,610
1.42348E+12,2,1,83,41.5,11.8,2,0.24,10,,,10,,615
1.42348E+12,1,0.5,49,24.5,11.8,2,0.24,10,,,10,,620
1.42348E+12,0,0,65,32.5,11.8,2,0.24,10,,,10,,625
1.42348E+12,2,1,14,7,11.8,2,0.24,10.5,,,10.5,,630
1.42348E+12,0,0,92,46,11.8,2,0.24,10,,,10,,635
1.42348E+12,0,0,20,10,11.8,2,0.24,10,,,10,,640
1.42348E+12,0,0,60,30,11.8,2,0.24,10,,,10,,645
1.42348E+12,0,0,56,28,9.85,2,0.24,10,,,10,,650
1.42348E+12,0,0,24,12,9.85,2,0.24,10,,,10,,655
1.42348E+12,0,0,90,45,9.85,2,0.24,10,,,10,,660
1.42348E+12,0,0,0,0,10.2,2,0.24,0,,,0,,665
1.42348E+12,0,0,0,0,10.2,2,0.24,0,,,0,,670
1.42348E+12,0,0,0,0,7.9,2,0.24,0,,,0,,675
1.42348E+12,0,0,0,0,6.05,2,0.24,0,,,0,,680
1.42348E+12,0,0,0,0,6.05,2,0.24,0,,,0,,685
1.42348E+12,0,0,0,0,6.05,2,0.24,0,,,0,,690
1.42348E+12,0,0,0,0,6.05,2,0.24,0,,,0,,695
1.42348E+12,0,0,0,0,4.35,2,0.24,0,,,0,,700
1.42348E+12,0,0,0,0,4.35,2,0.24,0,,,0,,705
1.42348E+12,0,0,0,0,4.35,2,0.24,0,,,0,,710
1.42348E+12,0,0,0,0,2.25,2,0.24,0,,,0,,715
1.42348E+12,0,0,0,0,2.25,2,0.24,0,,,0,,720
1.42348E+12,0,0,0,0,2.25,2,0.24,0,,,0,,725
1.42348E+12,0,0,0,0,2.25,2,0.24,0,,,0,,730
1.42348E+12,0,0,0,0,2.25,2,0.24,0,,,0,,735
1.42348E+12,0,0,0,0,2.25,2,0.24,0,,,0,,740
1.42348E+12,0,0,0,0,2.25,2,0.24,0,,,0,,745
1.42348E+12,0,0,0,0,2.25,2,0.24,0,,,0,,750
1.42348E+12,0,0,0,0,3.15,2,0.24,0,,,0,,755
1.42348E+12,0,0,0,0,3.15,2,0.24,0,,,0,,760
1.42348E+12,0,0,0,0,3.15,2,0.24,0,,,0,,765
1.42348E+12,0,0,0,0,3.15,2,0.24,0,,,0,,770
1.42348E+12,0,0,0,0,2.3,2,0.24,0,,,0,,775
1.42348E+12,0,0,0,0,2.3,2,0.24,0,,,0,,780
1.42348E+12,0,0,0,0,2.3,2,0.24,0,,,0,,785
1.42348E+12,0,0,0,0,2.5,2,0.24,0,,,0,,790
1.42348E+12,0,0,0,0,2.5,2,0.24,0,,,0,,795
1.42348E+12,0,0,0,0,2.5,2,0.24,0,,,0,,800
1.42348E+12,0,0,0,0,2.5,2,0.24,0,,,0,,805
1.42348E+12,0,0,0,0,2.5,2,0.24,0,,,0,,810
1.42348E+12,0,0,0,0,2.5,2,0.24,0,,,0,,815
1.42348E+12,0,0,0,0,2.5,2,0.24,0,,,0,,820
1.42348E+12,0,0,0,0,2.5,2,0.24,0,,,0,,825
1.42348E+12,0,0,0,0,2.5,2,0.24,0,,,0,,830
1.42348E+12,0,0,0,0,2.5,2,0.24,0,,,0,,835
1.42348E+12,0,0,0,0,2.5,2,0.24,0,,,0,,840
1.42348E+12,0,0,0,0,2.5,2,0.24,0,,,0,,845
1.42348E+12,0,0,0,0,2.5,2,0.24,0,,,0,,850
1.42348E+12,0,0,0,0,2.5,2,0.24,0,,,0,,855
1.42348E+12,0,0,0,0,2.5,2,0.24,0,,,0,,860
1.42348E+12,0,0,0,0,2.65,2,0.24,0,,,0,,865
1.42348E+12,0,0,0,0,2.65,2,0.24,0,,,0,,870
1.42348E+12,0,0,0,0,2.65,2,0.24,0,,,0,,875
1.42348E+12,0,0,0,0,2.55,2,0.24,0,,,0,,880
1.42348E+12,0,0,0,0,2.55,2,0.24,0,,,0,,885
1.42348E+12,0,0,0,0,2.55,2,0.24,0,,,0,,890
1.42348E+12,0,0,0,0,2.55,2,0.24,0,,,0,,895
1.42348E+12,0,0,0,0,2.55,2,0.24,0,,,0,,900
1.42348E+12,0,0,0,0,2.55,2,0.24,0,,,0,,905
1.42348E+12,0,0,0,0,2.55,2,0.24,0,,,0,,910
1.42348E+12,0,0,0,0,2.55,2,0.24,0,,,0,,915
1.42348E+12,0,0,0,0,2.55,2,0.24,0,,,0,,920
1.42348E+12,0,0,0,0,2.55,2,0.24,0,,,0,,925
1.42348E+12,0,0,0,0,2.55,2,0.24,0,,,0,,930
1.42348E+12,0,0,0,0,2.55,2,0.24,0,,,0,,935
1.42348E+12,0,0,0,0,3.05,2,0.24,0,,,0,,940
1.42348E+12,0,0,0,0,3.05,2,0.24,0,EventProcessingUnit,ScaleIn,0,ECP1 started,945
1.42348E+12,0,0,0,0,3.05,2,0.24,0,EventProcessingUnit,ScaleIn,0,,950
1.42348E+12,0,0,0,0,4.85,2,0.24,0,EventProcessingUnit,ScaleIn,0,,955
1.42348E+12,0,0,0,0,2.6,1,0.12,0,EventProcessingUnit,ScaleIn,0,,960
1.42348E+12,0,0,0,0,2.6,1,0.12,0,EventProcessingUnit,ScaleIn,0,,965
1.42348E+12,0,0,0,0,2.6,1,0.12,0,EventProcessingUnit,ScaleIn,0,ECP1 ended,970
1.42348E+12,0,0,0,0,2.6,1,0.12,0,,,0,,975
1.42348E+12,0,0,0,0,2.6,1,0.12,0,,,0,,980
1.42348E+12,0,0,0,0,2.6,1,0.12,0,,,0,,985
1.42348E+12,0,0,0,0,2.6,1,0.12,0,,,0,,990
1.42348E+12,0,0,0,0,2.6,1,0.12,0,,,0,,995
1.42348E+12,0,0,0,0,1.5,1,0.12,0,,,0,,1000
1.42348E+12,0,0,0,0,1.5,1,0.12,0,,,0,,1005
1.42348E+12,0,0,0,0,1.5,1,0.12,0,,,0,,1010
1.42348E+12,0,0,0,0,1.5,1,0.12,0,,,0,,1015
1.42348E+12,0,0,0,0,1.5,1,0.12,0,,,0,,1020
1.42348E+12,0,0,0,0,1.5,1,0.12,0,,,0,,1025
1.42348E+12,0,0,0,0,1.5,1,0.12,0,,,0,,1030
1.42348E+12,0,0,0,0,1.5,1,0.12,0,,,0,,1035
1.42348E+12,0,0,0,0,1.5,1,0.12,0,,,0,,1040
1.42348E+12,0,0,0,0,1.5,1,0.12,0,,,0,,1045
1.42348E+12,0,0,0,0,1.5,1,0.12,0,,,0,,1050
1.42348E+12,0,0,0,0,1.5,1,0.12,0,,,0,,1055
1.42348E+12,0,0,0,0,1.5,1,0.12,0,,,0,,1060
1.42348E+12,0,0,0,0,1.5,1,0.12,0,,,0,,1065
1.42348E+12,0,0,0,0,1.5,1,0.12,0,,,0,,1070
1.42348E+12,0,0,0,0,1.5,1,0.12,0,,,0,,1075
1.42348E+12,0,0,0,0,1.5,1,0.12,0,,,0,,1080
1.42348E+12,0,0,0,0,1.5,1,0.12,0,,,0,,1085
1.42348E+12,0,0,0,0,1.7,1,0.12,0,,,0,,1090
1.42348E+12,0,0,0,0,1.7,1,0.12,0,,,0,,1095
1.42348E+12,0,0,0,0,1.7,1,0.12,0,,,0,,1100
1.42348E+12,0,0,0,0,1.7,1,0.12,0,,,0,,1105
1.42348E+12,0,0,0,0,1.7,1,0.12,0,,,0,,1110
1.42348E+12,0,0,0,0,1.7,1,0.12,0,,,0,,1115
1.42348E+12,0,0,0,0,1.7,1,0.12,0,,,0,,1120
1.42348E+12,0,0,0,0,1.7,1,0.12,0,,,0,,1125
1.42348E+12,0,0,0,0,1.7,1,0.12,0,,,0,,1130
1.42348E+12,0,0,0,0,1.7,1,0.12,0,,,0,,1135
1.42348E+12,0,0,0,0,1.7,1,0.12,0,,,0,,1140
1.42348E+12,0,0,0,0,1.7,1,0.12,0,,,0,,1145
1.42348E+12,0,0,0,0,1.7,1,0.12,0,,,0,,1150
1.42348E+12,0,0,0,0,1.7,1,0.12,0,,,0,,1155
1.42348E+12,0,0,0,0,1.7,1,0.12,0,,,0,,1160
1.42348E+12,0,0,0,0,1.7,1,0.12,0,,,0,,1165
1.42348E+12,0,0,0,0,1.7,1,0.12,0,,,0,,1170
1.42348E+12,0,0,0,0,1.7,1,0.12,0,,,0,,1175
1.42348E+12,0,0,0,0,1.5,1,0.12,0,,,0,,1180
1.42348E+12,0,0,0,0,1.5,1,0.12,0,,,0,,1185
1.42348E+12,0,0,0,0,1.5,1,0.12,0,,,0,,1190
1.42348E+12,0,0,0,0,1.5,1,0.12,0,,,0,,1195
1.42348E+12,0,0,0,0,1.5,1,0.12,0,,,0,,1200
1.42348E+12,0,0,0,0,1.5,1,0.12,0,,,0,,1205
1.42348E+12,0,0,0,0,1.5,1,0.12,0,,,0,,1210
1.42348E+12,0,0,0,0,1.5,1,0.12,0,,,0,,1215
1.42348E+12,75,75,61,61,1.5,1,0.12,1103,,,1103,,1220
1.42348E+12,95,95,75,75,1.5,1,0.12,1869,,,1869,,1225
1.42348E+12,127,127,15,15,1.5,1,0.12,17899,,,2007.9495,,1230
1.42348E+12,127,127,15,15,1.5,1,0.12,17899,,,2007.9495,,1235
1.42348E+12,200,200,26,26,1.5,1,0.12,13649,,,2005.8245,,1240
1.42348E+12,199,199,0,0,1.5,1,0.12,14826,,,2006.413,,1245
1.42348E+12,200,200,15,15,1.5,1,0.12,99768,,,2048.884,,1250
1.42348E+12,200,200,0,0,1.5,1,0.12,10604,,,2004.302,,1255
1.42348E+12,199,199,0,0,21.8,1,0.12,17767,,,2007.8835,,1260
1.42348E+12,199,199,0,0,21.8,1,0.12,17767,,,2007.8835,,1265
1.42348E+12,199,199,0,0,21.8,1,0.12,17767,,,2007.8835,,1270
1.42348E+12,199,199,0,0,21.8,1,0.12,17767,,,2007.8835,,1275
1.42348E+12,199,199,0,0,21.8,1,0.12,17767,,,2007.8835,,1280
1.42348E+12,199,199,0,0,21.8,1,0.12,17767,,,2007.8835,,1285
1.42348E+12,198,198,0,0,21.8,1,0.12,12324,,,2005.162,,1290
1.42348E+12,198,198,0,0,21.8,1,0.12,12324,,,2005.162,,1295
1.42348E+12,198,198,0,0,21.8,1,0.12,12324,,,2005.162,,1300
1.42348E+12,198,198,0,0,21.8,1,0.12,12324,,,2005.162,,1305
1.42348E+12,198,198,0,0,21.8,1,0.12,12324,,,2005.162,,1310
1.42348E+12,198,198,0,0,21.8,1,0.12,12324,,,2005.162,,1315
1.42348E+12,198,198,0,0,21.8,1,0.12,12324,,,2005.162,,1320
1.42348E+12,197,197,0,0,32.8,1,0.12,10963,,,2004.4815,,1325
1.42348E+12,198,198,44,44,32.8,1,0.12,542216,,,2270.108,,1330
1.42348E+12,198,198,4,4,32.8,1,0.12,508846,,,2253.423,,1335
1.42348E+12,197,197,0,0,32.8,1,0.12,10208,,,2004.104,,1340
1.42348E+12,197,197,0,0,32.8,1,0.12,10208,,,2004.104,,1345
1.42348E+12,197,197,0,0,32.8,1,0.12,10208,,,2004.104,,1350
1.42348E+12,197,197,0,0,32.8,1,0.12,10208,,,2004.104,,1355
1.42348E+12,200,200,45,45,32.8,1,0.12,16898,,,2007.449,,1360
1.42348E+12,199,199,24,24,26.1,1,0.12,12518,,,2005.259,,1365
1.42348E+12,200,200,0,0,26.1,1,0.12,10806,,,2004.403,,1370
1.42348E+12,200,200,0,0,26.1,1,0.12,10806,,,2004.403,,1375
1.42348E+12,200,200,0,0,26.1,1,0.12,10806,,,2004.403,,1380
1.42348E+12,200,200,0,0,26.1,1,0.12,10806,,,2004.403,,1385
1.42348E+12,199,199,11,11,26.1,1,0.12,538146,,,2268.073,,1390
1.42348E+12,200,200,45,45,21.4,1,0.12,519436,,,2258.718,,1395
1.42348E+12,200,200,45,45,21.4,1,0.12,519436,,,2258.718,,1400
1.42348E+12,200,200,45,45,21.4,1,0.12,519436,,,2258.718,,1405
1.42348E+12,200,200,45,45,21.4,1,0.12,519436,,,2258.718,,1410
1.42348E+12,199,199,0,0,21.4,1,0.12,10475,,,2004.2375,,1415
1.42348E+12,199,199,0,0,21.4,1,0.12,10475,,,2004.2375,,1420
1.42348E+12,199,199,39,39,21.4,1,0.12,9987,,,2003.9935,,1425
1.42348E+12,199,199,39,39,21.4,1,0.12,9987,,,2003.9935,,1430
1.42348E+12,199,199,39,39,21.4,1,0.12,9987,,,2003.9935,,1435
1.42348E+12,199,199,39,39,21.4,1,0.12,9987,,,2003.9935,,1440
1.42348E+12,199,199,39,39,21.4,1,0.12,9987,,,2003.9935,,1445
1.42348E+12,199,199,39,39,21.4,1,0.12,9987,,,2003.9935,,1450
1.42348E+12,199,199,39,39,21.4,1,0.12,9987,,,2003.9935,,1455
1.42348E+12,199,199,39,39,21.4,1,0.12,9987,,,2003.9935,,1460
1.42348E+12,199,199,39,39,21.4,1,0.12,9987,,,2003.9935,,1465
1.42348E+12,199,199,39,39,21.4,1,0.12,9987,,,2003.9935,,1470
1.42348E+12,199,199,39,39,21.4,1,0.12,9987,,,2003.9935,,1475
1.42348E+12,199,199,39,39,21.4,1,0.12,9987,,,2003.9935,,1480
1.42348E+12,199,199,39,39,21.4,1,0.12,9987,,,2003.9935,,1485
1.42348E+12,199,199,0,0,21.4,1,0.12,10847,,,2004.4235,,1490
1.42348E+12,197,197,0,0,20.7,1,0.12,9901,,,2003.9505,,1495
1.42348E+12,197,197,0,0,20.7,1,0.12,9901,,,2003.9505,,1500
1.42348E+12,197,197,30,30,20.7,1,0.12,10026,,,2004.013,,1505
1.42348E+12,198,198,45,45,20.7,1,0.12,9834,,,2003.917,,1510
1.42348E+12,198,198,45,45,20.7,1,0.12,9834,,,2003.917,,1515
1.42348E+12,200,200,0,0,20.7,1,0.12,518601,,,2258.3005,,1520
1.42348E+12,30,30,28,28,20.7,1,0.12,4704,,,2001.352,,1525
1.42348E+12,0,0,77,77,20.7,1,0.12,19,,,19,,1530
1.42348E+12,1,1,1,1,20.7,1,0.12,14,,,14,,1535
1.42348E+12,4,4,79,79,12.5,1,0.12,30,,,30,,1540
1.42348E+12,0,0,34,34,12.5,1,0.12,24,,,24,,1545
1.42348E+12,1,1,45,45,12.5,1,0.12,11,,,11,,1550
1.42348E+12,0,0,70,70,12.5,1,0.12,13,,,13,,1555
1.42348E+12,1,1,6,6,12.5,1,0.12,12,,,12,,1560
1.42348E+12,2,2,84,84,12.5,1,0.12,13,,,13,,1565
1.42348E+12,0,0,28,28,12.5,1,0.12,13,,,13,,1570
1.42348E+12,1,1,51,51,12.5,1,0.12,13,,,13,,1575
1.42348E+12,0,0,63,63,12.5,1,0.12,18,,,18,,1580
1.42348E+12,2,2,49,49,12.5,1,0.12,305,,,305,,1585
1.42348E+12,46,46,92,92,12.5,1,0.12,223,,,223,,1590
1.42348E+12,0,0,68,68,12.5,1,0.12,444,,,444,,1595
1.42348E+12,35,35,62,62,16.2,1,0.12,190,,,190,,1600
1.42348E+12,5,5,93,93,16.2,1,0.12,391,,,391,,1605
1.42348E+12,15,15,54,54,16.2,1,0.12,215,,,215,,1610
1.42348E+12,31,31,92,92,16.2,1,0.12,305,,,305,,1615
1.42348E+12,1,1,57,57,17.7,1,0.12,292,,,292,,1620
1.42348E+12,27,27,81,81,17.7,1,0.12,172,,,172,,1625
1.42348E+12,1,1,74,74,17.7,1,0.12,244,,,244,,1630
1.42348E+12,17,17,65,65,17.7,1,0.12,66,EventProcessingUnit,ScaleOut,66,ECP2 started,1635
1.42348E+12,0,0,91,91,16.8,1,0.12,148,EventProcessingUnit,ScaleOut,148,,1640
1.42348E+12,2,2,52,52,16.8,1,0.12,33,EventProcessingUnit,ScaleOut,33,,1645
1.42348E+12,5,5,86,86,16.8,1,0.12,46,EventProcessingUnit,ScaleOut,46,,1650
1.42348E+12,1,1,69,69,16.8,1,0.12,23,EventProcessingUnit,ScaleOut,23,,1655
1.42348E+12,1,1,64,64,16.8,1,0.12,11,EventProcessingUnit,ScaleOut,11,,1660
1.42348E+12,3,3,93,93,16.8,1,0.12,56,EventProcessingUnit,ScaleOut,56,,1665
1.42348E+12,2,2,52,52,16.8,1,0.12,83,EventProcessingUnit,ScaleOut,83,,1670
1.42348E+12,20,20,88,88,16.8,1,0.12,57,EventProcessingUnit,ScaleOut,57,,1675
1.42348E+12,0,0,76,76,16.8,1,0.12,203,EventProcessingUnit,ScaleOut,203,,1680
1.42348E+12,10,10,56,56,16.8,1,0.12,28,EventProcessingUnit,ScaleOut,28,,1685
1.42348E+12,13,13,93,93,16.8,1,0.12,237,EventProcessingUnit,ScaleOut,237,,1690
1.42348E+12,1,1,51,51,16.8,1,0.12,219,EventProcessingUnit,ScaleOut,219,,1695
1.42348E+12,44,44,92,92,16.8,1,0.12,242,EventProcessingUnit,ScaleOut,242,,1700
1.42348E+12,0,0,64,64,16.8,1,0.12,447,EventProcessingUnit,ScaleOut,447,,1705
1.42348E+12,37,37,65,65,16.8,1,0.12,199,EventProcessingUnit,ScaleOut,199,,1710
1.42348E+12,1,1,93,93,16.8,1,0.12,375,EventProcessingUnit,ScaleOut,375,,1715
1.42348E+12,18,18,51,51,16.8,1,0.12,211,EventProcessingUnit,ScaleOut,211,,1720
1.42348E+12,18,18,102,102,16.8,1,0.12,307,EventProcessingUnit,ScaleOut,307,,1725
1.42348E+12,1,1,57,57,16.1,1,0.12,276,EventProcessingUnit,ScaleOut,276,,1730
1.42348E+12,24,24,82,82,16.1,1,0.12,172,EventProcessingUnit,ScaleOut,172,,1735
1.42348E+12,1,1,73,73,17.8,1,0.12,207,EventProcessingUnit,ScaleOut,207,,1740
1.42348E+12,16,16,65,65,17.8,1,0.12,69,EventProcessingUnit,ScaleOut,69,,1745
1.42348E+12,1,1,88,88,17.8,1,0.12,120,EventProcessingUnit,ScaleOut,120,,1750
1.42348E+12,3,3,52,52,17.8,1,0.12,16,EventProcessingUnit,ScaleOut,16,,1755
1.42348E+12,3,3,88,88,17.8,1,0.12,32,EventProcessingUnit,ScaleOut,32,,1760
1.42348E+12,1,1,70,70,17.8,1,0.12,28,EventProcessingUnit,ScaleOut,28,,1765
1.42348E+12,1,1,64,64,17.8,1,0.12,11,EventProcessingUnit,ScaleOut,11,,1770
1.42348E+12,1,1,94,94,17.8,1,0.12,67,EventProcessingUnit,ScaleOut,67,,1775
1.42348E+12,1,1,51,51,17.8,1,0.12,78,EventProcessingUnit,ScaleOut,78,,1780
1.42348E+12,23,23,93,93,17.8,1,0.12,67,EventProcessingUnit,ScaleOut,67,,1785
1.42348E+12,0,0,68,68,17.8,1,0.12,206,EventProcessingUnit,ScaleOut,206,,1790
1.42348E+12,13,13,62,62,17.8,1,0.12,38,EventProcessingUnit,ScaleOut,38,,1795
1.42348E+12,9,9,93,93,17.8,1,0.12,269,EventProcessingUnit,ScaleOut,269,,1800
1.42348E+12,5,5,51,51,17.8,1,0.12,220,EventProcessingUnit,ScaleOut,220,,1805
1.42348E+12,39,39,94,94,17.8,1,0.12,271,EventProcessingUnit,ScaleOut,271,,1810
1.42348E+12,0,0,55,55,17.8,1,0.12,482,EventProcessingUnit,ScaleOut,482,,1815
1.42348E+12,43,43,75,75,17.8,1,0.12,240,EventProcessingUnit,ScaleOut,240,,1820
1.42348E+12,0,0,84,84,17.8,1,0.12,401,EventProcessingUnit,ScaleOut,401,,1825
1.42348E+12,24,24,53,53,15.9,1,0.12,112,EventProcessingUnit,ScaleOut,112,,1830
1.42348E+12,15,15,92,92,15.9,1,0.12,344,EventProcessingUnit,ScaleOut,344,,1835
1.42348E+12,5,5,53,53,15.9,1,0.12,213,EventProcessingUnit,ScaleOut,213,,1840
1.42348E+12,26,26,88,88,15.9,1,0.12,198,EventProcessingUnit,ScaleOut,198,,1845
1.42348E+12,0,0,67,67,15.9,1,0.12,209,EventProcessingUnit,ScaleOut,209,,1850
1.42348E+12,18,18,71,71,15.9,1,0.12,95,EventProcessingUnit,ScaleOut,95,,1855
1.42348E+12,1,1,84,84,15.9,1,0.12,136,EventProcessingUnit,ScaleOut,136,,1860
1.42349E+12,6,6,56,56,15.9,1,0.12,20,EventProcessingUnit,ScaleOut,20,,1865
1.42349E+12,5,5,91,91,15.9,1,0.12,42,EventProcessingUnit,ScaleOut,42,,1870
1.42349E+12,0,0,66,66,15.9,1,0.12,28,EventProcessingUnit,ScaleOut,28,,1875
1.42349E+12,2,2,67,67,15.9,1,0.12,15,EventProcessingUnit,ScaleOut,15,,1880
1.42349E+12,1,1,91,91,15.9,1,0.12,85,EventProcessingUnit,ScaleOut,85,,1885
1.42349E+12,1,1,51,51,15.9,1,0.12,48,EventProcessingUnit,ScaleOut,48,,1890
1.42349E+12,24,24,93,93,15.9,1,0.12,91,EventProcessingUnit,ScaleOut,91,,1895
1.42349E+12,0,0,59,59,16.3,1,0.12,239,EventProcessingUnit,ScaleOut,239,,1900
1.42349E+12,17,17,69,69,16.3,1,0.12,60,EventProcessingUnit,ScaleOut,60,,1905
1.42349E+12,4,4,93,93,16.3,1,0.12,299,EventProcessingUnit,ScaleOut,299,,1910
1.42349E+12,12,12,50,50,16.3,1,0.12,221,EventProcessingUnit,ScaleOut,221,,1915
1.42349E+12,39,39,92,92,17.5,1,0.12,344,EventProcessingUnit,ScaleOut,344,,1920
1.42349E+12,1,1,54,54,17.5,1,0.12,526,EventProcessingUnit,ScaleOut,526,,1925
1.42349E+12,44,44,83,83,17.5,1,0.12,228,EventProcessingUnit,ScaleOut,228,,1930
1.42349E+12,0,0,76,38,34.5,2,0.24,197.5,EventProcessingUnit,ScaleOut,197.5,,1935
1.42349E+12,5,2.5,99,49.5,33.8,2,0.24,542,EventProcessingUnit,ScaleOut,542,,1940
1.42349E+12,0,0,87,43.5,33.8,2,0.24,10.5,EventProcessingUnit,ScaleOut,10.5,,1945
1.42349E+12,2,1,36,18,33.8,2,0.24,10,EventProcessingUnit,ScaleOut,10,,1950
1.42349E+12,2,1,114,57,35.5,2,0.24,10.5,EventProcessingUnit,ScaleOut,10.5,,1955
1.42349E+12,1,0.5,44,22,31.9,2,0.24,10,EventProcessingUnit,ScaleOut,10,,1960
1.42349E+12,2,1,91,45.5,31.9,2,0.24,10,EventProcessingUnit,ScaleOut,10,,1965
1.42349E+12,0,0,66,33,31.9,2,0.24,10,EventProcessingUnit,ScaleOut,10,,1970
1.42349E+12,1,0.5,66,33,17.25,2,0.24,10,EventProcessingUnit,ScaleOut,10,,1975
1.42349E+12,1,0.5,93,46.5,17.25,2,0.24,10,EventProcessingUnit,ScaleOut,10,,1980
1.42349E+12,0,0,56,28,17.25,2,0.24,10,EventProcessingUnit,ScaleOut,10,,1985
1.42349E+12,2,1,78,39,17.25,2,0.24,10,EventProcessingUnit,ScaleOut,10,ECP2 ended,1990
1.42349E+12,1,0.5,79,39.5,13.85,2,0.24,10,,,10,,1995
1.42349E+12,1,0.5,51,25.5,13.85,2,0.24,10,,,10,,2000
1.42349E+12,1,0.5,106,53,13.85,2,0.24,10,,,10,,2005
1.42349E+12,1,0.5,28,14,13.85,2,0.24,10,,,10,,2010
1.42349E+12,8,4,107,53.5,17.4,2,0.24,13,,,13,,2015
1.42349E+12,1,0.5,153,76.5,18.7,2,0.24,44.5,,,44.5,,2020
1.42349E+12,2,1,83,41.5,18.7,2,0.24,10,,,10,,2025
1.42349E+12,2,1,159,79.5,18.7,2,0.24,39.5,,,39.5,,2030
1.42349E+12,2,1,82,41,18.7,2,0.24,16,,,16,,2035
1.42349E+12,15,7.5,152,76,19.85,2,0.24,21,,,21,,2040
1.42349E+12,0,0,115,57.5,19.85,2,0.24,29,,,29,,2045
1.42349E+12,2,1,112,56,19.85,2,0.24,10,,,10,,2050
1.42349E+12,1,0.5,135,67.5,18.8,2,0.24,16.5,,,16.5,,2055
1.42349E+12,3,1.5,101,50.5,18.8,2,0.24,10,,,10,,2060
1.42349E+12,1,0.5,145,72.5,18.8,2,0.24,11,,,11,,2065
1.42349E+12,3,1.5,99,49.5,18.8,2,0.24,10.5,,,10.5,,2070
1.42349E+12,2,1,117,58.5,21,2,0.24,10,,,10,,2075
1.42349E+12,1,0.5,142,71,21,2,0.24,15.5,,,15.5,,2080
1.42349E+12,2,1,105,52.5,21,2,0.24,10.5,,,10.5,,2085
1.42349E+12,2,1,134,67,21,2,0.24,12,,,12,,2090
1.42349E+12,26,13,181,90.5,19.5,2,0.24,108,,,108,,2095
1.42349E+12,4,2,161,80.5,20.75,2,0.24,64.5,,,64.5,,2100
1.42349E+12,34,17,179,89.5,20.75,2,0.24,87,,,87,,2105
1.42349E+12,0,0,163,81.5,20.75,2,0.24,105.5,,,105.5,,2110
1.42349E+12,25,12.5,162,81,23.65,2,0.24,68.5,,,68.5,,2115
1.42349E+12,8,4,181,90.5,24.95,2,0.24,107,,,107,,2120
1.42349E+12,17,8.5,153,76.5,24.95,2,0.24,46,,,46,,2125
1.42349E+12,5,2.5,183,91.5,24.95,2,0.24,109,,,109,,2130
1.42349E+12,7,3.5,158,79,22.9,2,0.24,31,,,31,,2135
1.42349E+12,17,8.5,181,90.5,22.9,2,0.24,73.5,,,73.5,,2140
1.42349E+12,3,1.5,167,83.5,22.9,2,0.24,46,,,46,,2145
1.42349E+12,11,5.5,173,86.5,22.9,2,0.24,56.5,,,56.5,,2150
1.42349E+12,5,2.5,162,81,22.1,2,0.24,30,,,30,,2155
1.42349E+12,11,5.5,170,85,22.1,2,0.24,31.5,,,31.5,,2160
1.42349E+12,5,2.5,175,87.5,22.1,2,0.24,29,,,29,,2165
1.42349E+12,2,1,169,84.5,22.1,2,0.24,25,,,25,,2170
1.42349E+12,3,1.5,159,79.5,23.25,2,0.24,13.5,,,13.5,,2175
1.42349E+12,12,6,182,91,23.25,2,0.24,41.5,,,41.5,,2180
1.42349E+12,3,1.5,163,81.5,23.25,2,0.24,32,,,32,,2185
1.42349E+12,15,7.5,176,88,23.25,2,0.24,57.5,,,57.5,,2190
1.42349E+12,90,45,182,91,22.25,2,0.24,639.5,,,639.5,,2195
1.42349E+12,324,162,92,46,22.25,2,0.24,5030.5,,,2001.51525,,2200
1.42349E+12,371,185.5,95,47.5,22.25,2,0.24,7145.5,,,2002.57275,,2205
1.42349E+12,371,185.5,95,47.5,22.45,2,0.24,7145.5,,,2002.57275,,2210
1.42349E+12,399,199.5,56,28,22.45,2,0.24,11188.5,,,2004.59425,,2215
1.42349E+12,399,199.5,56,28,22.45,2,0.24,11188.5,,,2004.59425,,2220
1.42349E+12,399,199.5,56,28,22.45,2,0.24,11188.5,,,2004.59425,,2225
1.42349E+12,399,199.5,56,28,22.45,2,0.24,11188.5,,,2004.59425,,2230
1.42349E+12,399,199.5,56,28,22.45,2,0.24,11188.5,,,2004.59425,,2235
1.42349E+12,399,199.5,56,28,22.45,2,0.24,11188.5,,,2004.59425,,2240
1.42349E+12,399,199.5,56,28,22.45,2,0.24,11188.5,,,2004.59425,,2245
1.42349E+12,399,199.5,56,28,22.45,2,0.24,11188.5,,,2004.59425,,2250
1.42349E+12,399,199.5,56,28,22.45,2,0.24,11188.5,,,2004.59425,,2255
1.42349E+12,399,199.5,56,28,22.45,2,0.24,11188.5,,,2004.59425,,2260
1.42349E+12,399,199.5,56,28,22.45,2,0.24,11188.5,,,2004.59425,,2265
1.42349E+12,399,199.5,56,28,22.45,2,0.24,11188.5,,,2004.59425,,2270
1.42349E+12,399,199.5,56,28,22.45,2,0.24,11188.5,,,2004.59425,,2275
1.42349E+12,399,199.5,56,28,22.45,2,0.24,11188.5,,,2004.59425,,2280
1.42349E+12,399,199.5,45,22.5,22.45,2,0.24,28920,,,2013.46,,2285
1.42349E+12,399,199.5,45,22.5,22.45,2,0.24,28920,,,2013.46,,2290
1.42349E+12,399,199.5,45,22.5,22.45,2,0.24,28920,,,2013.46,,2295
1.42349E+12,399,199.5,45,22.5,22.45,2,0.24,28920,,,2013.46,,2300
1.42349E+12,399,199.5,45,22.5,22.45,2,0.24,28920,,,2013.46,,2305
1.42349E+12,399,199.5,45,22.5,22.45,2,0.24,28920,,,2013.46,,2310
1.42349E+12,399,199.5,45,22.5,22.45,2,0.24,28920,,,2013.46,,2315
1.42349E+12,399,199.5,45,22.5,22.45,2,0.24,28920,,,2013.46,,2320
1.42349E+12,399,199.5,45,22.5,22.45,2,0.24,28920,,,2013.46,,2325
1.42349E+12,399,199.5,45,22.5,22.45,2,0.24,28920,,,2013.46,,2330
1.42349E+12,399,199.5,45,22.5,22.45,2,0.24,28920,,,2013.46,,2335
1.42349E+12,399,199.5,45,22.5,22.45,2,0.24,28920,,,2013.46,,2340
1.42349E+12,399,199.5,45,22.5,22.45,2,0.24,28920,,,2013.46,,2345
1.42349E+12,399,199.5,45,22.5,22.45,2,0.24,28920,,,2013.46,,2350
1.42349E+12,199,199,45,22.5,22.45,2,0.24,285294,,,2141.647,,2355
1.42349E+12,199,199,45,22.5,22.45,2,0.24,285294,,,2141.647,,2360
1.42349E+12,199,199,45,22.5,22.45,2,0.24,285294,,,2141.647,,2365
1.42349E+12,199,199,45,22.5,22.45,2,0.24,285294,,,2141.647,,2370
1.42349E+12,199,199,45,22.5,22.45,2,0.24,285294,,,2141.647,,2375
1.42349E+12,397,198.5,12,6,23.3,2,0.24,33504,,,2015.752,,2380
1.42349E+12,397,198.5,12,6,23.3,2,0.24,33504,,,2015.752,,2385
1.42349E+12,397,198.5,12,6,23.3,2,0.24,33504,,,2015.752,,2390
1.42349E+12,397,198.5,12,6,23.3,2,0.24,33504,,,2015.752,,2395
1.42349E+12,397,198.5,12,6,23.3,2,0.24,33504,,,2015.752,,2400
1.42349E+12,398,199,46,23,23.3,2,0.24,34881,,,2016.4405,,2405
1.42349E+12,398,199,46,23,23.3,2,0.24,34881,,,2016.4405,,2410
1.42349E+12,398,199,46,23,23.3,2,0.24,34881,,,2016.4405,,2415
1.42349E+12,398,199,46,23,23.3,2,0.24,34881,,,2016.4405,,2420
1.42349E+12,398,199,46,23,23.3,2,0.24,34881,,,2016.4405,,2425
1.42349E+12,398,199,46,23,23.3,2,0.24,34881,,,2016.4405,,2430
1.42349E+12,199,199,91,45.5,24.6,2,0.24,265929,,,2131.9645,,2435
1.42349E+12,398,199,46,23,20.8,2,0.24,270368.5,,,2134.18425,,2440
1.42349E+12,398,199,46,23,20.8,2,0.24,270368.5,,,2134.18425,,2445
1.42349E+12,398,199,46,23,20.8,2,0.24,270368.5,,,2134.18425,,2450
1.42349E+12,398,199,70,35,20.8,2,0.24,204867,,,2101.4335,,2455
1.42349E+12,399,199.5,83,41.5,20.8,2,0.24,134742.5,,,2066.37125,,2460
1.42349E+12,399,199.5,92,46,20.5,2,0.24,57741,,,2027.8705,,2465
1.42349E+12,399,199.5,32,16,22,2,0.24,19052,,,2008.526,,2470
1.42349E+12,399,199.5,32,16,22,2,0.24,19052,,,2008.526,,2475
1.42349E+12,399,199.5,32,16,22,2,0.24,19052,,,2008.526,,2480
1.42349E+12,399,199.5,32,16,22,2,0.24,19052,,,2008.526,,2485
1.42349E+12,399,199.5,32,16,22,2,0.24,19052,,,2008.526,,2490
1.42349E+12,399,199.5,32,16,22,2,0.24,19052,,,2008.526,,2495
1.42349E+12,399,199.5,32,16,22,2,0.24,19052,,,2008.526,,2500
1.42349E+12,399,199.5,32,16,22,2,0.24,19052,,,2008.526,,2505
1.42349E+12,399,199.5,32,16,22,2,0.24,19052,,,2008.526,,2510
1.42349E+12,399,199.5,32,16,22,2,0.24,19052,,,2008.526,,2515
1.42349E+12,399,199.5,32,16,22,2,0.24,19052,,,2008.526,,2520
1.42349E+12,399,199.5,32,16,22,2,0.24,19052,,,2008.526,,2525
1.42349E+12,399,199.5,32,16,22,2,0.24,19052,,,2008.526,,2530
1.42349E+12,399,199.5,32,16,22,2,0.24,19052,,,2008.526,,2535
1.42349E+12,399,199.5,74,37,20.95,2,0.24,267296.5,,,2132.64825,,2540
1.42349E+12,399,199.5,74,37,20.95,2,0.24,267296.5,,,2132.64825,,2545
1.42349E+12,398,199,67,33.5,20.95,2,0.24,39062,,,2018.531,,2550
1.42349E+12,398,199,67,33.5,20.95,2,0.24,39062,,,2018.531,,2555
1.42349E+12,398,199,67,33.5,20.95,2,0.24,39062,,,2018.531,,2560
1.42349E+12,398,199,67,33.5,20.95,2,0.24,39062,,,2018.531,,2565
1.42349E+12,398,199,67,33.5,20.95,2,0.24,39062,,,2018.531,,2570
1.42349E+12,398,199,67,33.5,20.95,2,0.24,39062,,,2018.531,,2575
1.42349E+12,398,199,67,33.5,20.95,2,0.24,39062,,,2018.531,,2580
1.42349E+12,397,198.5,32,16,20.95,2,0.24,22421,,,2010.2105,,2585
1.42349E+12,399,199.5,78,39,22.1,2,0.24,276409,,,2137.2045,,2590
1.42349E+12,399,199.5,58,29,22.1,2,0.24,21862,,,2009.931,,2595
1.42349E+12,308,154,72,36,22.3,2,0.24,12034,,,2005.017,,2600
1.42349E+12,108,54,101,50.5,21.15,2,0.24,2425.5,,,2000.21275,,2605
1.42349E+12,0,0,97,48.5,21.15,2,0.24,10.5,,,10.5,,2610
1.42349E+12,4,2,86,43,21.15,2,0.24,11,,,11,,2615
1.42349E+12,2,1,115,57.5,17.5,2,0.24,11,,,11,,2620
1.42349E+12,0,0,83,41.5,13,2,0.24,13,,,13,,2625
1.42349E+12,2,1,96,48,13,2,0.24,12.5,,,12.5,,2630
1.42349E+12,1,0.5,97,48.5,13,2,0.24,10.5,,,10.5,,2635
1.42349E+12,1,0.5,97,48.5,11.85,2,0.24,10.5,,,10.5,,2640
1.42349E+12,1,0.5,106,53,11.85,2,0.24,12,,,12,,2645
1.42349E+12,1,0.5,77,38.5,11.85,2,0.24,10,,,10,,2650
1.42349E+12,1,0.5,113,56.5,11.85,2,0.24,10.5,,,10.5,,2655
1.42349E+12,2,1,94,47,11.85,2,0.24,15,,,15,,2660
1.42349E+12,1,0.5,97,48.5,11.85,2,0.24,10.5,,,10.5,,2665
1.42349E+12,1,0.5,97,48.5,11.85,2,0.24,10.5,,,10.5,,2670
1.42349E+12,3,1.5,82,41,11.85,2,0.24,11.5,,,11.5,,2675
1.42349E+12,1,0.5,116,58,11.85,2,0.24,11.5,,,11.5,,2680
1.42349E+12,1,0.5,86,43,11.85,2,0.24,10.5,,,10.5,,2685
1.42349E+12,0,0,97,48.5,11.85,2,0.24,12,,,12,,2690
1.42349E+12,2,1,96,48,11.85,2,0.24,11,,,11,,2695
1.42349E+12,2,1,94,47,12.1,2,0.24,10.5,,,10.5,,2700
1.42349E+12,2,1,114,57,12.1,2,0.24,13,,,13,,2705
1.42349E+12,1,0.5,77,38.5,12.1,2,0.24,10.5,,,10.5,,2710
1.42349E+12,4,2,99,49.5,11.6,2,0.24,11,,,11,,2715
1.42349E+12,0,0,128,64,11.6,2,0.24,10.5,,,10.5,,2720
1.42349E+12,2,1,115,57.5,11.6,2,0.24,10.5,,,10.5,,2725
1.42349E+12,0,0,133,66.5,11.6,2,0.24,13.5,,,13.5,,2730
1.42349E+12,2,1,104,52,11.6,2,0.24,16.5,,,16.5,,2735
1.42349E+12,2,1,137,68.5,12.65,2,0.24,20,,,20,,2740
1.42349E+12,1,0.5,119,59.5,14.15,2,0.24,28.5,,,28.5,,2745
1.42349E+12,7,3.5,110,55,14.15,2,0.24,35.5,,,35.5,,2750
1.42349E+12,8,4,133,66.5,14.15,2,0.24,85,,,85,,2755
1.42349E+12,12,6,107,53.5,14.45,2,0.24,60,,,60,,2760
1.42349E+12,12,6,142,71,14.45,2,0.24,61,,,61,,2765
1.42349E+12,0,0,102,51,14.45,2,0.24,45.5,,,45.5,,2770
1.42349E+12,2,1,130,65,14.45,2,0.24,41,,,41,,2775
1.42349E+12,5,2.5,149,74.5,14.45,2,0.24,55,,,55,,2780
1.42349E+12,10,5,143,71.5,15.45,2,0.24,32.5,,,32.5,,2785
1.42349E+12,8,4,151,75.5,15.45,2,0.24,47.5,,,47.5,,2790
1.42349E+12,3,1.5,131,65.5,15.45,2,0.24,26,,,26,,2795
1.42349E+12,5,2.5,155,77.5,15.95,2,0.24,33,,,33,,2800
1.42349E+12,2,1,144,72,15.95,2,0.24,31,,,31,,2805
1.42349E+12,5,2.5,143,71.5,15.95,2,0.24,26.5,,,26.5,,2810
1.42349E+12,4,2,149,74.5,15.95,2,0.24,36,,,36,,2815
1.42349E+12,8,4,139,69.5,15.95,2,0.24,19,,,19,,2820
1.42349E+12,8,4,160,80,16.4,2,0.24,29,,,29,,2825
1.42349E+12,2,1,140,70,16.4,2,0.24,21,,,21,,2830
1.42349E+12,0,0,146,73,16.4,2,0.24,21,,,21,,2835
1.42349E+12,1,0.5,146,73,16.4,2,0.24,24,,,24,,2840
1.42349E+12,6,3,143,71.5,16.4,2,0.24,19,,,19,,2845
1.42349E+12,3,1.5,152,76,16.4,2,0.24,27,,,27,,2850
1.42349E+12,2,1,134,67,16.4,2,0.24,15,,,15,,2855
1.42349E+12,3,1.5,150,75,16.4,2,0.24,17.5,,,17.5,,2860
1.42349E+12,2,1,148,74,16.4,2,0.24,21,,,21,,2865
1.42349E+12,2,1,144,72,16.4,2,0.24,21.5,,,21.5,,2870
1.42349E+12,2,1,150,75,16.4,2,0.24,27,,,27,,2875
1.42349E+12,8,4,139,69.5,16.4,2,0.24,14.5,,,14.5,,2880
1.42349E+12,7,3.5,157,78.5,16.4,2,0.24,24,,,24,,2885
1.42349E+12,2,1,142,71,16.95,2,0.24,19,,,19,,2890
1.42349E+12,1,0.5,147,73.5,16.95,2,0.24,16.5,,,16.5,,2895
1.42349E+12,2,1,146,73,16.6,2,0.24,17.5,,,17.5,,2900
1.42349E+12,6,3,143,71.5,16.4,2,0.24,17.5,,,17.5,,2905
1.42349E+12,3,1.5,151,75.5,16.4,2,0.24,29,,,29,,2910
1.42349E+12,3,1.5,133,66.5,16.4,2,0.24,17.5,,,17.5,,2915
1.42349E+12,6,3,152,76,16.4,2,0.24,23.5,,,23.5,,2920
1.42349E+12,1,0.5,145,72.5,16.4,2,0.24,16,,,16,,2925
1.42349E+12,2,1,145,72.5,16.4,2,0.24,17,,,17,,2930
1.42349E+12,2,1,148,74,16.4,2,0.24,17.5,,,17.5,,2935
1.42349E+12,5,2.5,141,70.5,16.4,2,0.24,12.5,,,12.5,,2940
1.42349E+12,7,3.5,150,75,16.4,2,0.24,23.5,,,23.5,,2945
1.42349E+12,1,0.5,143,71.5,16.4,2,0.24,16.5,,,16.5,,2950
1.42349E+12,2,1,146,73,16.4,2,0.24,17.5,,,17.5,,2955
1.42349E+12,2,1,146,73,16.4,2,0.24,17,,,17,,2960
1.42349E+12,2,1,146,73,16.3,2,0.24,15.5,,,15.5,,2965
1.42349E+12,1,0.5,148,74,16.3,2,0.24,17,,,17,,2970
1.42349E+12,2,1,138,69,16.3,2,0.24,11.5,,,11.5,,2975
1.42349E+12,2,1,145,72.5,16.3,2,0.24,13,,,13,,2980
1.42349E+12,2,1,147,73.5,16.3,2,0.24,15.5,,,15.5,,2985
1.42349E+12,2,1,146,73,16.25,2,0.24,14.5,,,14.5,,2990
1.42349E+12,2,1,146,73,16.25,2,0.24,15,,,15,,2995
1.42349E+12,5,2.5,143,71.5,16.25,2,0.24,12.5,,,12.5,,3000
1.42349E+12,4,2,154,77,16.25,2,0.24,18.5,,,18.5,,3005
1.42349E+12,1,0.5,145,72.5,16.25,2,0.24,14,,,14,,3010
1.42349E+12,1,0.5,146,73,16.25,2,0.24,13,,,13,,3015
1.42349E+12,1,0.5,146,73,16.25,2,0.24,15,,,15,,3020
1.42349E+12,3,1.5,144,72,16.25,2,0.24,16,,,16,,3025
1.42349E+12,3,1.5,151,75.5,16.25,2,0.24,28,,,28,,3030
1.42349E+12,2,1,134,67,16.25,2,0.24,15.5,,,15.5,,3035
1.42349E+12,4,2,157,78.5,16.25,2,0.24,18,,,18,,3040
1.42349E+12,2,1,145,72.5,17.95,2,0.24,13.5,,,13.5,,3045
1.42349E+12,2,1,147,73.5,17.95,2,0.24,13.5,,,13.5,,3050
1.42349E+12,2,1,146,73,17.95,2,0.24,13.5,,,13.5,,3055
1.42349E+12,3,1.5,146,73,17.95,2,0.24,12,,,12,,3060
1.42349E+12,1,0.5,148,74,16.6,2,0.24,13.5,,,13.5,,3065
1.42349E+12,2,1,144,72,16.6,2,0.24,11,,,11,,3070
1.42349E+12,2,1,146,73,16.6,2,0.24,11,,,11,,3075
1.42349E+12,2,1,145,72.5,16.95,2,0.24,11,,,11,,3080
1.42349E+12,3,1.5,146,73,16.95,2,0.24,11,,,11,,3085
1.42349E+12,4,2,143,71.5,16.95,2,0.24,11.5,,,11.5,,3090
1.42349E+12,2,1,152,76,16.95,2,0.24,17,,,17,,3095
1.42349E+12,1,0.5,140,70,17.25,2,0.24,12,,,12,,3100
1.42349E+12,3,1.5,150,75,16.45,2,0.24,11.5,,,11.5,,3105
1.42349E+12,3,1.5,145,72.5,16.45,2,0.24,11.5,,,11.5,,3110
1.42349E+12,2,1,147,73.5,16.45,2,0.24,11.5,,,11.5,,3115
1.42349E+12,1,0.5,146,73,16.45,2,0.24,11.5,,,11.5,,3120
1.42349E+12,12,6,151,75.5,16.45,2,0.24,22,,,22,,3125
1.42349E+12,78,39,182,91,16.45,2,0.24,494.5,,,494.5,,3130
1.42349E+12,121,60.5,139,69.5,16.45,2,0.24,1278,,,1278,,3135
1.42349E+12,185,92.5,109,54.5,17.85,2,0.24,2725.5,,,2000.36275,,3140
1.42349E+12,231,115.5,55,27.5,20,2,0.24,7560,,,2002.78,,3145
1.42349E+12,303,151.5,51,25.5,20,2,0.24,13859.5,,,2005.92975,,3150
1.42349E+12,345,172.5,13,6.5,20,2,0.24,62486.5,,,2030.24325,,3155
1.42349E+12,393,196.5,35,17.5,20.9,2,0.24,44051.5,,,2021.02575,,3160
1.42349E+12,399,199.5,45,22.5,20.9,2,0.24,262738,,,2130.369,,3165
1.42349E+12,400,200,59,29.5,20.9,2,0.24,24193,,,2011.0965,,3170
1.42349E+12,399,199.5,7,3.5,20.9,2,0.24,17225,,,2007.6125,,3175
1.42349E+12,400,200,21,10.5,20.9,2,0.24,287184,,,2142.592,,3180
1.42349E+12,392,196,1,0.5,20.9,2,0.24,528940,,,2263.47,,3185
1.42349E+12,24,12,127,63.5,20.9,2,0.24,1293,,,1293,,3190
1.42349E+12,1,0.5,84,42,20.9,2,0.24,10,,,10,,3195
1.42349E+12,1,0.5,110,55,16.9,2,0.24,10.5,,,10.5,,3200
1.42349E+12,1,0.5,69,34.5,12.35,2,0.24,10.5,,,10.5,,3205
1.42349E+12,1,0.5,93,46.5,12.35,2,0.24,10.5,,,10.5,,3210
1.42349E+12,3,1.5,76,38,12.35,2,0.24,10.5,,,10.5,,3215
1.42349E+12,29,14.5,142,71,11.45,2,0.24,123.5,,,123.5,,3220
1.42349E+12,22,11,160,80,12.8,2,0.24,167,,,167,,3225
1.42349E+12,19,9.5,129,64.5,12.8,2,0.24,117,,,117,,3230
1.42349E+12,21,10.5,165,82.5,12.8,2,0.24,129.5,,,129.5,,3235
1.42349E+12,7,3.5,129,64.5,15.55,2,0.24,84.5,,,84.5,,3240
1.42349E+12,14,7,163,81.5,17.5,2,0.24,72,,,72,,3245
1.42349E+12,0,0,141,70.5,17.5,2,0.24,56,,,56,,3250
1.42349E+12,4,2,146,73,17.5,2,0.24,29.5,,,29.5,,3255
1.42349E+12,2,1,147,73.5,17.5,2,0.24,19,,,19,,3260
1.42349E+12,2,1,146,73,17.5,2,0.24,16.5,,,16.5,,3265
1.42349E+12,2,1,147,73.5,17.5,2,0.24,11.5,,,11.5,,3270
1.42349E+12,1,0.5,148,74,17.5,2,0.24,12,,,12,,3275
1.42349E+12,2,1,135,67.5,17.5,2,0.24,12.5,,,12.5,,3280
1.42349E+12,5,2.5,155,77.5,17.5,2,0.24,19.5,,,19.5,,3285
1.42349E+12,1,0.5,145,72.5,17.5,2,0.24,28,,,28,,3290
1.42349E+12,8,4,140,70,17.5,2,0.24,34,,,34,,3295
1.42349E+12,15,7.5,152,76,17.5,2,0.24,80.5,,,80.5,,3300
1.42349E+12,16,8,166,83,17.5,2,0.24,88.5,,,88.5,,3305
1.42349E+12,26,13,178,89,17.5,2,0.24,136.5,,,136.5,,3310
1.42349E+12,11,5.5,169,84.5,17.5,2,0.24,129,,,129,,3315
1.42349E+12,33,16.5,171,85.5,18.55,2,0.24,151,,,151,,3320
1.42349E+12,19,9.5,170,85,19.7,2,0.24,220,,,220,,3325
1.42349E+12,41,20.5,171,85.5,19.7,2,0.24,166.5,,,166.5,,3330
1.42349E+12,30,15,170,85,19.7,2,0.24,296,,,296,,3335
1.42349E+12,35,17.5,166,83,19.7,2,0.24,212.5,,,212.5,,3340
1.42349E+12,39,19.5,182,91,19.7,2,0.24,254,,,254,,3345
1.42349E+12,20,10,162,81,19.7,2,0.24,185,,,185,,3350
1.42349E+12,46,23,170,85,19.7,2,0.24,214.5,,,214.5,,3355
1.42349E+12,12,6,173,86.5,19.7,2,0.24,216,,,216,,3360
1.42349E+12,42,21,171,85.5,19.7,2,0.24,158,,,158,,3365
1.42349E+12,20,10,174,87,19.7,2,0.24,213,,,213,,3370
1.42349E+12,26,13,170,85,19.7,2,0.24,139,,,139,,3375
1.42349E+12,22,11,177,88.5,19.7,2,0.24,173,,,173,,3380
1.42349E+12,19,9.5,167,83.5,19.7,2,0.24,100.5,,,100.5,,3385
1.42349E+12,15,7.5,178,89,19.7,2,0.24,115,,,115,,3390
1.42349E+12,9,4.5,165,82.5,19.7,2,0.24,47.5,,,47.5,,3395
1.42349E+12,6,3,176,88,19.7,2,0.24,43.5,,,43.5,,3400
1.42349E+12,5,2.5,168,84,19.7,2,0.24,17.5,,,17.5,,3405
1.42349E+12,4,2,176,88,19.05,2,0.24,19.5,,,19.5,,3410
1.42349E+12,2,1,165,82.5,18.8,2,0.24,25.5,,,25.5,,3415
1.42349E+12,8,4,175,87.5,18.8,2,0.24,50.5,,,50.5,,3420
1.42349E+12,11,5.5,170,85,18.8,2,0.24,49,,,49,,3425
1.42349E+12,15,7.5,171,85.5,18.8,2,0.24,95,,,95,,3430
1.42349E+12,14,7,162,81,18.8,2,0.24,92,,,92,,3435
1.42349E+12,28,14,173,86.5,18.8,2,0.24,123.5,,,123.5,,3440
1.42349E+12,11,5.5,170,85,18.8,2,0.24,165,,,165,,3445
1.42349E+12,40,20,162,81,18.8,2,0.24,157.5,,,157.5,,3450
1.42349E+12,25,12.5,170,85,18.8,2,0.24,233,,,233,,3455
1.42349E+12,39,19.5,166,83,18.8,2,0.24,198.5,,,198.5,,3460
1.42349E+12,43,21.5,183,91.5,18.8,2,0.24,264,,,264,,3465
1.42349E+12,22,11,164,82,18.8,2,0.24,214.5,,,214.5,,3470
1.42349E+12,44,22,173,86.5,18.8,2,0.24,214,,,214,,3475
1.42349E+12,17,8.5,170,85,18.8,2,0.24,215.5,,,215.5,,3480
1.42349E+12,37,18.5,172,86,19,2,0.24,156.5,,,156.5,,3485
1.42349E+12,19,9.5,173,86.5,19,2,0.24,198.5,,,198.5,,3490
1.42349E+12,24,12,170,85,19,2,0.24,122.5,EventProcessingUnit,ScaleOut,122.5,ECP2 started,3495
1.42349E+12,20,10,176,88,19,2,0.24,166.5,EventProcessingUnit,ScaleOut,166.5,,3500
1.42349E+12,20,10,168,84,19,2,0.24,98,EventProcessingUnit,ScaleOut,98,,3505
1.42349E+12,16,8,177,88.5,19,2,0.24,124.5,EventProcessingUnit,ScaleOut,124.5,,3510
1.42349E+12,9,4.5,166,83,19,2,0.24,61,EventProcessingUnit,ScaleOut,61,,3515
1.42349E+12,12,6,173,86.5,19,2,0.24,49.5,EventProcessingUnit,ScaleOut,49.5,,3520
1.42349E+12,3,1.5,170,85,19,2,0.24,23.5,EventProcessingUnit,ScaleOut,23.5,,3525
1.42349E+12,4,2,173,86.5,19,2,0.24,18,EventProcessingUnit,ScaleOut,18,,3530
1.42349E+12,1,0.5,173,86.5,19,2,0.24,21,EventProcessingUnit,ScaleOut,21,,3535
1.42349E+12,2,1,172,86,19,2,0.24,29,EventProcessingUnit,ScaleOut,29,,3540
1.42349E+12,12,6,172,86,19,2,0.24,37,EventProcessingUnit,ScaleOut,37,,3545
1.42349E+12,11,5.5,173,86.5,19,2,0.24,82.5,EventProcessingUnit,ScaleOut,82.5,,3550
1.42349E+12,11,5.5,162,81,19,2,0.24,67.5,EventProcessingUnit,ScaleOut,67.5,,3555
1.42349E+12,22,11,180,90,19,2,0.24,100,EventProcessingUnit,ScaleOut,100,,3560
1.42349E+12,4,2,170,85,19,2,0.24,116,EventProcessingUnit,ScaleOut,116,,3565
1.42349E+12,30,15,169,84.5,19,2,0.24,103,EventProcessingUnit,ScaleOut,103,,3570
1.42349E+12,15,7.5,171,85.5,18.9,2,0.24,179,EventProcessingUnit,ScaleOut,179,,3575
1.42349E+12,30,15,169,84.5,18.9,2,0.24,125,EventProcessingUnit,ScaleOut,125,,3580
1.42349E+12,31,15.5,178,89,18.9,2,0.24,209,EventProcessingUnit,ScaleOut,209,,3585
1.42349E+12,21,10.5,157,78.5,19.3,2,0.24,169.5,EventProcessingUnit,ScaleOut,169.5,,3590
1.42349E+12,37,18.5,176,88,19.3,2,0.24,207,EventProcessingUnit,ScaleOut,207,,3595
1.42349E+12,18,9,169,84.5,19.3,2,0.24,195,EventProcessingUnit,ScaleOut,195,,3600
1.42349E+12,36,18,172,86,19.3,2,0.24,160,EventProcessingUnit,ScaleOut,160,,3605
1.42349E+12,18,9,171,85.5,19.3,2,0.24,215.5,EventProcessingUnit,ScaleOut,215.5,,3610
1.42349E+12,32,16,169,84.5,19.3,2,0.24,133.5,EventProcessingUnit,ScaleOut,133.5,,3615
1.42349E+12,25,12.5,176,88,19.3,2,0.24,186,EventProcessingUnit,ScaleOut,186,,3620
1.42349E+12,21,10.5,167,83.5,19.3,2,0.24,112,EventProcessingUnit,ScaleOut,112,,3625
1.42349E+12,18,9,176,88,19.3,2,0.24,131,EventProcessingUnit,ScaleOut,131,,3630
1.42349E+12,9,4.5,168,84,19.3,2,0.24,80.5,EventProcessingUnit,ScaleOut,80.5,,3635
1.42349E+12,23,11.5,173,86.5,19.3,2,0.24,76.5,EventProcessingUnit,ScaleOut,76.5,,3640
1.42349E+12,4,2,175,87.5,19.3,2,0.24,71.5,EventProcessingUnit,ScaleOut,71.5,,3645
1.42349E+12,7,3.5,167,83.5,19.3,2,0.24,27.5,EventProcessingUnit,ScaleOut,27.5,,3650
1.42349E+12,2,1,177,88.5,19.3,2,0.24,17.5,EventProcessingUnit,ScaleOut,17.5,,3655
1.42349E+12,4,2,166,83,19.3,2,0.24,21.5,EventProcessingUnit,ScaleOut,21.5,,3660
1.42349E+12,9,4.5,170,85,19.2,2,0.24,25,EventProcessingUnit,ScaleOut,25,,3665
1.42349E+12,9,4.5,171,85.5,19.2,2,0.24,60.5,EventProcessingUnit,ScaleOut,60.5,,3670
1.42349E+12,9,4.5,165,82.5,19.2,2,0.24,41.5,EventProcessingUnit,ScaleOut,41.5,,3675
1.42349E+12,15,7.5,184,92,19.5,2,0.24,75,EventProcessingUnit,ScaleOut,75,,3680
1.42349E+12,3,1.5,169,84.5,20.4,2,0.24,86,EventProcessingUnit,ScaleOut,86,,3685
1.42349E+12,23,11.5,171,85.5,20.4,2,0.24,85,EventProcessingUnit,ScaleOut,85,,3690
1.42349E+12,13,6.5,172,86,20.4,2,0.24,150.5,EventProcessingUnit,ScaleOut,150.5,,3695
1.42349E+12,29,14.5,169,84.5,20.4,2,0.24,109,EventProcessingUnit,ScaleOut,109,,3700
1.42349E+12,26,13,176,88,20.4,2,0.24,183,EventProcessingUnit,ScaleOut,183,,3705
1.42349E+12,20,10,160,80,20.4,2,0.24,148,EventProcessingUnit,ScaleOut,148,,3710
1.42349E+12,33,16.5,177,88.5,20.4,2,0.24,195.5,EventProcessingUnit,ScaleOut,195.5,,3715
1.42349E+12,13,6.5,172,86,20.4,2,0.24,163.5,EventProcessingUnit,ScaleOut,163.5,,3720
1.42349E+12,33,16.5,171,85.5,20.4,2,0.24,150,EventProcessingUnit,ScaleOut,150,,3725
1.42349E+12,15,7.5,171,85.5,20.4,2,0.24,179.5,EventProcessingUnit,ScaleOut,179.5,,3730
1.42349E+12,30,15,168,84,20.4,2,0.24,123,EventProcessingUnit,ScaleOut,123,,3735
1.42349E+12,22,11,177,88.5,20.4,2,0.24,165.5,EventProcessingUnit,ScaleOut,165.5,,3740
1.42349E+12,19,9.5,167,83.5,20.4,2,0.24,102.5,EventProcessingUnit,ScaleOut,102.5,,3745
1.42349E+12,15,7.5,178,89,20.4,2,0.24,121,EventProcessingUnit,ScaleOut,121,,3750
1.42349E+12,8,4,169,84.5,20.4,2,0.24,73.5,EventProcessingUnit,ScaleOut,73.5,,3755
1.42349E+12,20,10,172,86,20.4,2,0.24,75.5,EventProcessingUnit,ScaleOut,75.5,,3760
1.42349E+12,5,2.5,175,87.5,20.4,2,0.24,85,EventProcessingUnit,ScaleOut,85,,3765
1.42349E+12,9,4.5,167,83.5,19.35,2,0.24,43.5,EventProcessingUnit,ScaleOut,43.5,,3770
1.42349E+12,6,3,178,89,18.25,2,0.24,44,EventProcessingUnit,ScaleOut,44,,3775
1.42349E+12,5,2.5,166,83,18.25,2,0.24,33.5,EventProcessingUnit,ScaleOut,33.5,,3780
1.42349E+12,9,4.5,173,86.5,18.25,2,0.24,42.5,EventProcessingUnit,ScaleOut,42.5,,3785
1.42349E+12,7,3.5,170,85,18.25,2,0.24,70.5,EventProcessingUnit,ScaleOut,70.5,,3790
1.42349E+12,15,7.5,170,85,18.25,2,0.24,47.5,EventProcessingUnit,ScaleOut,47.5,,3795
1.42349E+12,16,8,180,90,18.25,2,0.24,88.5,EventProcessingUnit,ScaleOut,88.5,,3800
1.42349E+12,8,4,162,81,18.25,2,0.24,73,EventProcessingUnit,ScaleOut,73,,3805
1.42349E+12,16,8,178,89,18.25,2,0.24,70.5,EventProcessingUnit,ScaleOut,70.5,,3810
1.42349E+12,7,3.5,169,84.5,18.25,2,0.24,109.5,EventProcessingUnit,ScaleOut,109.5,,3815
1.42349E+12,21,10.5,174,87,19.6,2,0.24,78.5,EventProcessingUnit,ScaleOut,78.5,,3820
1.42349E+12,19,9.5,170,85,20.25,2,0.24,152,EventProcessingUnit,ScaleOut,152,,3825
1.42349E+12,22,11,162,81,20.25,2,0.24,112.5,EventProcessingUnit,ScaleOut,112.5,,3830
1.42349E+12,24,12,185,92.5,20.25,2,0.24,158.5,EventProcessingUnit,ScaleOut,158.5,,3835
1.42349E+12,15,7.5,166,83,20.25,2,0.24,133.5,EventProcessingUnit,ScaleOut,133.5,,3840
1.42349E+12,32,16,172,86,19.5,2,0.24,151.5,EventProcessingUnit,ScaleOut,151.5,,3845
1.42349E+12,15,7.5,169,84.5,19.5,2,0.24,156,EventProcessingUnit,ScaleOut,156,,3850
1.42349E+12,29,14.5,166,83,19.5,2,0.24,119,EventProcessingUnit,ScaleOut,119,,3855
1.42349E+12,20,10,177,88.5,19.5,2,0.24,151,EventProcessingUnit,ScaleOut,151,,3860
1.42349E+12,18,9,165,82.5,19.5,2,0.24,83.5,EventProcessingUnit,ScaleOut,83.5,,3865
1.42349E+12,16,8,178,89,19.5,2,0.24,119.5,EventProcessingUnit,ScaleOut,119.5,,3870
1.42349E+12,9,4.5,170,85,38.7,3,0.36,83,EventProcessingUnit,ScaleOut,83,,3875
1.42349E+12,0,0,125,41.6667,29.5667,3,0.36,6.6667,EventProcessingUnit,ScaleOut,6.6667,,3880
1.42349E+12,0,0,109,36.3333,29.0333,3,0.36,6.6667,EventProcessingUnit,ScaleOut,6.6667,,3885
1.42349E+12,125,41.6667,119,39.6667,29.0333,3,0.36,22963.3333,EventProcessingUnit,ScaleOut,2010.481667,,3890
1.42349E+12,163,54.3333,146,48.6667,29.0333,3,0.36,5308,EventProcessingUnit,ScaleOut,2001.654,,3895
1.42349E+12,185,61.6667,134,44.6667,43.2667,3,0.36,5381.6667,EventProcessingUnit,ScaleOut,2001.690833,,3900
1.42349E+12,81,27,149,49.6667,41.9667,3,0.36,2823.6667,EventProcessingUnit,ScaleOut,2000.411833,ECP2 ended,3905
1.42349E+12,2,0.6667,157,52.3333,41.9667,3,0.36,10,EventProcessingUnit,ScaleOut,10,,3910
1.42349E+12,3,1,167,55.6667,41.9667,3,0.36,10,EventProcessingUnit,ScaleOut,10,,3915
1.42349E+12,2,0.6667,187,62.3333,28.6667,3,0.36,10,EventProcessingUnit,ScaleOut,10,,3920
1.42349E+12,3,1,146,48.6667,28.6667,3,0.36,10,EventProcessingUnit,ScaleOut,10,,3925
1.42349E+12,3,1,197,65.6667,28.6667,3,0.36,10.6667,EventProcessingUnit,ScaleOut,10.6667,,3930
1.42349E+12,2,0.6667,145,48.3333,28.6667,3,0.36,10.3333,,,10.3333,,3935
1.42349E+12,2,0.6667,198,66,18.9333,3,0.36,10.6667,,,10.6667,,3940
1.42349E+12,2,0.6667,154,51.3333,18.9333,3,0.36,10,,,10,,3945
1.42349E+12,4,1.3333,170,56.6667,18.9333,3,0.36,10.6667,,,10.6667,,3950
1.42349E+12,3,1,185,61.6667,18.9333,3,0.36,11,,,11,,3955
1.42349E+12,2,0.6667,152,50.6667,17.7667,3,0.36,10.6667,,,10.6667,,3960
1.42349E+12,2,0.6667,200,66.6667,17.7667,3,0.36,10.6667,,,10.6667,,3965
1.42349E+12,4,1.3333,146,48.6667,17.7667,3,0.36,10.3333,,,10.3333,,3970
1.42349E+12,4,1.3333,206,68.6667,17.7667,3,0.36,10.3333,,,10.3333,,3975
1.42349E+12,1,0.3333,144,48,17.7667,3,0.36,10.6667,,,10.6667,,3980
1.42349E+12,3,1,187,62.3333,17.7667,3,0.36,10,,,10,,3985
1.42349E+12,1,0.3333,173,57.6667,17.8,3,0.36,11,,,11,,3990
1.42349E+12,2,0.6667,165,55,17.8667,3,0.36,10,,,10,,3995
1.42349E+12,1,0.3333,191,63.6667,17.8667,3,0.36,11,,,11,,4000
1.42349E+12,2,0.6667,141,47,17.8667,3,0.36,10.3333,,,10.3333,,4005
1.42349E+12,1,0.3333,200,66.6667,17.8667,3,0.36,10.3333,,,10.3333,,4010
1.42349E+12,0,0,150,50,17.8667,3,0.36,10,,,10,,4015
1.42349E+12,3,1,177,59,16.2667,3,0.36,10.3333,,,10.3333,,4020
1.42349E+12,1,0.3333,171,57,16.2667,3,0.36,10,,,10,,4025
1.42349E+12,3,1,168,56,16.2667,3,0.36,10,,,10,,4030
1.42349E+12,2,0.6667,180,60,16.2667,3,0.36,10,,,10,,4035
1.42349E+12,1,0.3333,159,53,15.6667,3,0.36,10,,,10,,4040
1.42349E+12,1,0.3333,181,60.3333,15.6667,3,0.36,10,,,10,,4045
1.42349E+12,3,1,173,57.6667,15.6667,3,0.36,10,,,10,,4050
1.42349E+12,1,0.3333,158,52.6667,15.6667,3,0.36,10,,,10,,4055
1.42349E+12,2,0.6667,185,61.6667,16.7333,3,0.36,10.3333,,,10.3333,,4060
1.42349E+12,2,0.6667,156,52,16.7333,3,0.36,10,,,10,,4065
1.42349E+12,3,1,189,63,16.7333,3,0.36,10,,,10,,4070
1.42349E+12,2,0.6667,155,51.6667,16.7333,3,0.36,10,,,10,,4075
1.42349E+12,3,1,174,58,15.3667,3,0.36,10,,,10,,4080
1.42349E+12,1,0.3333,180,60,15.0667,3,0.36,11.3333,,,11.3333,,4085
1.42349E+12,3,1,151,50.3333,15.0667,3,0.36,10.6667,,,10.6667,,4090
1.42349E+12,3,1,197,65.6667,15.0667,3,0.36,11,,,11,,4095
1.42349E+12,2,0.6667,139,46.3333,15.0667,3,0.36,10,,,10,,4100
1.42349E+12,2,0.6667,203,67.6667,15.0667,3,0.36,10.3333,,,10.3333,,4105
1.42349E+12,2,0.6667,139,46.3333,15.0667,3,0.36,10.3333,,,10.3333,,4110
1.42349E+12,2,0.6667,189,63,15.0667,3,0.36,10.3333,,,10.3333,,4115
1.42349E+12,1,0.3333,174,58,15.0667,3,0.36,10.6667,,,10.6667,,4120
1.42349E+12,2,0.6667,162,54,15.0667,3,0.36,10.3333,,,10.3333,,4125
1.42349E+12,4,1.3333,193,64.3333,15.0667,3,0.36,10.6667,,,10.6667,,4130
1.42349E+12,3,1,143,47.6667,15.0667,3,0.36,10,,,10,,4135
1.42349E+12,4,1.3333,202,67.3333,15.7667,3,0.36,10.6667,,,10.6667,,4140
1.42349E+12,2,0.6667,146,48.6667,15.7667,3,0.36,10,,,10,,4145
1.42349E+12,2,0.6667,184,61.3333,15.7667,3,0.36,10.3333,,,10.3333,,4150
1.42349E+12,2,0.6667,170,56.6667,15.7667,3,0.36,10,,,10,,4155
1.42349E+12,3,1,170,56.6667,15.7667,3,0.36,10.6667,,,10.6667,,4160
1.42349E+12,2,0.6667,179,59.6667,15.7667,3,0.36,10,,,10,,4165
1.42349E+12,1,0.3333,160,53.3333,15.9667,3,0.36,10.3333,,,10.3333,,4170
1.42349E+12,2,0.6667,183,61,16.3,3,0.36,10,,,10,,4175
1.42349E+12,1,0.3333,167,55.6667,17.9667,3,0.36,10,,,10,,4180
1.42349E+12,2,0.6667,166,55.3333,17.9667,3,0.36,10,,,10,,4185
1.42349E+12,2,0.6667,181,60.3333,17.9667,3,0.36,10.3333,,,10.3333,,4190
1.42349E+12,3,1,158,52.6667,17.9667,3,0.36,10,,,10,,4195
1.42349E+12,2,0.6667,189,63,17.5,3,0.36,10.6667,,,10.6667,,4200
1.42349E+12,1,0.3333,153,51,17.5,3,0.36,10.3333,,,10.3333,,4205
1.42349E+12,2,0.6667,182,60.6667,17.5,3,0.36,10.6667,,,10.6667,,4210
1.42349E+12,2,0.6667,177,59,17.5,3,0.36,10.3333,,,10.3333,,4215
1.42349E+12,3,1,147,49,16.3667,3,0.36,10.3333,,,10.3333,,4220
1.42349E+12,2,0.6667,199,66.3333,16.3667,3,0.36,12,,,12,,4225
1.42349E+12,1,0.3333,138,46,16.3667,3,0.36,10.3333,,,10.3333,,4230
1.42349E+12,2,0.6667,207,69,16.3667,3,0.36,11,,,11,,4235
1.42349E+12,1,0.3333,143,47.6667,14.3667,3,0.36,10,,,10,,4240
1.42349E+12,4,1.3333,185,61.6667,14.3667,3,0.36,10.6667,,,10.6667,,4245
1.42349E+12,2,0.6667,177,59,14.3667,3,0.36,10.6667,,,10.6667,,4250
1.42349E+12,2,0.6667,157,52.3333,14.3667,3,0.36,10.6667,,,10.6667,,4255
1.42349E+12,2,0.6667,193,64.3333,14.2333,3,0.36,11,,,11,,4260
1.42349E+12,3,1,143,47.6667,14,3,0.36,10.6667,,,10.6667,,4265
1.42349E+12,3,1,206,68.6667,14,3,0.36,10.6667,,,10.6667,,4270
1.42349E+12,3,1,136,45.3333,14,3,0.36,10,,,10,,4275
1.42349E+12,3,1,195,65,14.6667,3,0.36,11,,,11,,4280
1.42349E+12,1,0.3333,162,54,14.6667,3,0.36,10,,,10,,4285
1.42349E+12,2,0.6667,171,57,14.6667,3,0.36,10.3333,,,10.3333,,4290
1.42349E+12,1,0.3333,181,60.3333,14.6667,3,0.36,10,,,10,,4295
1.42349E+12,3,1,153,51,14.1667,3,0.36,10.3333,,,10.3333,,4300
1.42349E+12,3,1,199,66.3333,14.1667,3,0.36,10,,,10,,4305
1.42349E+12,2,0.6667,148,49.3333,14.1667,3,0.36,10.3333,,,10.3333,,4310
1.42349E+12,3,1,172,57.3333,14.1667,3,0.36,10.6667,,,10.6667,,4315
1.42349E+12,2,0.6667,173,57.6667,14.6333,3,0.36,10,,,10,,4320
1.42349E+12,3,1,157,52.3333,15.9667,3,0.36,10,,,10,,4325
1.42349E+12,1,0.3333,181,60.3333,15.9667,3,0.36,10,,,10,,4330
1.42349E+12,3,1,159,53,15.9667,3,0.36,10,,,10,,4335
1.42349E+12,1,0.3333,182,60.6667,15.9333,3,0.36,10,,,10,,4340
1.42349E+12,1,0.3333,173,57.6667,14.6333,3,0.36,10.3333,,,10.3333,,4345
1.42349E+12,2,0.6667,162,54,14.6333,3,0.36,10,,,10,,4350
1.42349E+12,2,0.6667,190,63.3333,14.6333,3,0.36,10.3333,,,10.3333,,4355
1.42349E+12,2,0.6667,154,51.3333,14.6,3,0.36,10,,,10,,4360
1.42349E+12,1,0.3333,191,63.6667,14.6,3,0.36,10.6667,,,10.6667,,4365
1.42349E+12,2,0.6667,151,50.3333,14.6,3,0.36,10,,,10,,4370
1.42349E+12,1,0.3333,190,63.3333,14.6,3,0.36,10.6667,,,10.6667,,4375
1.42349E+12,0,0,173,57.6667,14.6,3,0.36,10.3333,,,10.3333,,4380
1.42349E+12,3,1,154,51.3333,14.6,3,0.36,10.3333,,,10.3333,,4385
1.42349E+12,1,0.3333,195,65,14.6,3,0.36,10.6667,,,10.6667,,4390
1.42349E+12,2,0.6667,142,47.3333,14.6,3,0.36,10.3333,,,10.3333,,4395
1.42349E+12,3,1,207,69,14.9333,3,0.36,11,,,11,,4400
1.42349E+12,3,1,140,46.6667,14.8667,3,0.36,10,,,10,,4405
1.42349E+12,2,0.6667,190,63.3333,14.8667,3,0.36,10.3333,,,10.3333,,4410
1.42349E+12,1,0.3333,172,57.3333,14.8667,3,0.36,11,,,11,,4415
1.42349E+12,4,1.3333,159,53,14.1333,3,0.36,10,,,10,,4420
1.42349E+12,3,1,190,63.3333,14.1333,3,0.36,10.3333,,,10.3333,,4425
1.42349E+12,4,1.3333,146,48.6667,14.1333,3,0.36,10,,,10,,4430
1.42349E+12,1,0.3333,203,67.6667,14.1333,3,0.36,11,,,11,,4435
1.42349E+12,3,1,144,48,14.1333,3,0.36,10,,,10,,4440
1.42349E+12,2,0.6667,185,61.6667,14.1333,3,0.36,10.3333,,,10.3333,,4445
1.42349E+12,2,0.6667,169,56.3333,14.0333,3,0.36,10,,,10,,4450
1.42349E+12,4,1.3333,169,56.3333,14.0333,3,0.36,10,,,10,,4455
1.42349E+12,3,1,177,59,14.0333,3,0.36,10,,,10,,4460
1.42349E+12,3,1,162,54,14.0333,3,0.36,10,,,10,,4465
1.42349E+12,3,1,186,62,14.0333,3,0.36,10,,,10,,4470
1.42349E+12,1,0.3333,162,54,14.0333,3,0.36,10,,,10,,4475
1.42349E+12,3,1,170,56.6667,14.3,3,0.36,10.3333,,,10.3333,,4480
1.42349E+12,3,1,180,60,14.3,3,0.36,10.3333,,,10.3333,,4485
1.42349E+12,1,0.3333,130,43.3333,14.3,3,0.36,10,,,10,,4490
1.42349E+12,1,0.3333,168,56,14.3667,3,0.36,10,,,10,,4495
1.42349E+12,2,0.6667,104,34.6667,14.3667,3,0.36,10,,,10,,4500
1.42349E+12,2,0.6667,126,42,13.5667,3,0.36,10,,,10,,4505
1.42349E+12,0,0,92,30.6667,13.3,3,0.36,10,,,10,,4510
1.42349E+12,1,0.3333,84,28,13.3,3,0.36,10.3333,,,10.3333,,4515
1.42349E+12,0,0,125,41.6667,9.8333,3,0.36,10,,,10,,4520
1.42349E+12,1,0.3333,64,21.3333,8.8667,3,0.36,10,,,10,,4525
1.42349E+12,0,0,137,45.6667,8.8667,3,0.36,10,,,10,,4530
1.42349E+12,1,0.3333,54,18,8.8667,3,0.36,10,,,10,,4535
1.42349E+12,1,0.3333,135,45,8.8667,3,0.36,10,,,10,,4540
1.42349E+12,0,0,79,26.3333,8.8667,3,0.36,10,,,10,,4545
1.42349E+12,1,0.3333,103,34.3333,8.8667,3,0.36,10,,,10,,4550
1.42349E+12,1,0.3333,102,34,8.8667,3,0.36,10,,,10,,4555
1.42349E+12,2,0.6667,83,27.6667,8.8667,3,0.36,10,,,10,,4560
1.42349E+12,0,0,121,40.3333,8.8667,3,0.36,10,,,10,,4565
1.42349E+12,1,0.3333,69,23,8.8667,3,0.36,10,,,10,,4570
1.42349E+12,1,0.3333,117,39,8.8667,3,0.36,10,,,10,,4575
1.42349E+12,0,0,89,29.6667,8.8667,3,0.36,10,,,10,,4580
1.42349E+12,1,0.3333,103,34.3333,8.8667,3,0.36,10,,,10,,4585
1.42349E+12,1,0.3333,97,32.3333,8.8667,3,0.36,10,,,10,,4590
1.42349E+12,1,0.3333,93,31,8.8667,3,0.36,10,,,10,,4595
1.42349E+12,2,0.6667,100,33.3333,8.8667,3,0.36,10,,,10,,4600
1.42349E+12,0,0,107,35.6667,8.8667,3,0.36,10,,,10,,4605
1.42349E+12,1,0.3333,78,26,8.4667,3,0.36,10,,,10,,4610
1.42349E+12,1,0.3333,119,39.6667,8.4667,3,0.36,10,,,10,,4615
1.42349E+12,0,0,74,24.6667,8.9667,3,0.36,10,,,10,,4620
1.42349E+12,0,0,0,0,8.9667,3,0.36,0,,,0,,4625
1.42349E+12,0,0,29,9.6667,8.9667,3,0.36,10,,,10,,4630
1.42349E+12,0,0,25,8.3333,8.9667,3,0.36,10,,,10,,4635
1.42349E+12,0,0,23,7.6667,6.1333,3,0.36,10,,,10,,4640
1.42349E+12,0,0,29,9.6667,4.5333,3,0.36,10,,,10,,4645
1.42349E+12,0,0,18,6,4.5333,3,0.36,10,,,10,,4650
1.42349E+12,1,0.3333,33,11,4.5333,3,0.36,10.3333,,,10.3333,,4655
1.42349E+12,0,0,15,5,4.7667,3,0.36,10,,,10,,4660
1.42349E+12,0,0,36,12,4.7667,3,0.36,10,,,10,,4665
1.42349E+12,0,0,12,4,4.7667,3,0.36,10.3333,,,10.3333,,4670
1.42349E+12,1,0.3333,37,12.3333,4.7667,3,0.36,10,,,10,,4675
1.42349E+12,0,0,15,5,3.5333,3,0.36,10,,,10,,4680
1.42349E+12,0,0,0,0,3.5333,3,0.36,0,,,0,,4685
1.42349E+12,0,0,0,0,3.5333,3,0.36,0,,,0,,4690
1.42349E+12,0,0,0,0,3.5333,3,0.36,0,,,0,,4695
1.42349E+12,0,0,0,0,3.5333,3,0.36,0,,,0,,4700
1.42349E+12,0,0,0,0,3.2667,3,0.36,0,,,0,,4705
1.42349E+12,0,0,0,0,3.2667,3,0.36,0,,,0,,4710
1.42349E+12,0,0,0,0,3.2667,3,0.36,0,EventProcessingUnit,ScaleIn,0,ECP1 started,4715
1.42349E+12,0,0,0,0,2.2,3,0.36,0,EventProcessingUnit,ScaleIn,0,,4720
1.42349E+12,0,0,0,0,2.2,3,0.36,0,EventProcessingUnit,ScaleIn,0,,4725
1.42349E+12,0,0,0,0,2.2,3,0.36,0,EventProcessingUnit,ScaleIn,0,,4730
1.42349E+12,0,0,0,0,2.35,2,0.24,0,EventProcessingUnit,ScaleIn,0,,4735
1.42349E+12,0,0,0,0,2.35,2,0.24,0,EventProcessingUnit,ScaleIn,0,,4740
1.42349E+12,0,0,0,0,2.35,2,0.24,0,EventProcessingUnit,ScaleIn,0,ECP1 ended,4745
1.42349E+12,0,0,0,0,2.35,2,0.24,0,,,0,,4750
1.42349E+12,0,0,0,0,2.35,2,0.24,0,,,0,,4755
1.42349E+12,0,0,0,0,2.35,2,0.24,0,,,0,,4760
1.42349E+12,0,0,0,0,2.35,2,0.24,0,,,0,,4765
1.42349E+12,0,0,36,18,2.35,2,0.24,10,,,10,,4770
1.42349E+12,1,0.5,13,6.5,2.35,2,0.24,10,,,10,,4775
1.42349E+12,0,0,19,9.5,3.3,2,0.24,5,,,5,,4780
1.42349E+12,0,0,7,3.5,4.2,2,0.24,10,,,10,,4785
1.42349E+12,0,0,13,6.5,4.2,2,0.24,10,,,10,,4790
1.42349E+12,0,0,5,2.5,4.2,2,0.24,5,,,5,,4795
1.42349E+12,0,0,15,7.5,4.2,2,0.24,10,,,10,,4800
1.42349E+12,1,0.5,5,2.5,3.4,2,0.24,10,,,10,,4805
1.42349E+12,0,0,15,7.5,3.4,2,0.24,10,,,10,,4810
1.42349E+12,0,0,5,2.5,3.4,2,0.24,10.5,,,10.5,,4815
1.42349E+12,0,0,15,7.5,3.4,2,0.24,10,,,10,,4820
1.42349E+12,0,0,5,2.5,3.4,2,0.24,10,,,10,,4825
1.42349E+12,0,0,0,0,3.4,2,0.24,0,,,0,,4830
1.42349E+12,0,0,1,0.5,3.4,2,0.24,5,,,5,,4835
1.42349E+12,0,0,3,1.5,3.4,2,0.24,10,,,10,,4840
1.42349E+12,0,0,1,0.5,3.4,2,0.24,5.5,,,5.5,,4845
1.42349E+12,0,0,3,1.5,3.4,2,0.24,10,,,10,,4850
1.42349E+12,0,0,1,0.5,3.4,2,0.24,5,,,5,,4855
1.42349E+12,0,0,3,1.5,3.4,2,0.24,10.5,,,10.5,,4860
1.42349E+12,0,0,1,0.5,3.4,2,0.24,5,,,5,,4865
1.42349E+12,0,0,3,1.5,2.55,2,0.24,10,,,10,,4870
1.42349E+12,0,0,1,0.5,2.55,2,0.24,5,,,5,,4875
1.42349E+12,0,0,3,1.5,2.55,2,0.24,10,,,10,,4880
1.42349E+12,0,0,1,0.5,2.55,2,0.24,5,,,5,,4885
1.42349E+12,0,0,3,1.5,2.55,2,0.24,10.5,,,10.5,,4890
1.42349E+12,0,0,1,0.5,2.2,2,0.24,5,,,5,,4895
1.42349E+12,0,0,3,1.5,2.2,2,0.24,10,,,10,,4900
1.42349E+12,0,0,1,0.5,2.2,2,0.24,5.5,,,5.5,,4905
1.42349E+12,0,0,3,1.5,2.2,2,0.24,10,,,10,,4910
1.42349E+12,0,0,1,0.5,2.2,2,0.24,5,,,5,,4915
1.42349E+12,0,0,3,1.5,3.15,2,0.24,10,,,10,,4920
1.42349E+12,0,0,1,0.5,3.15,2,0.24,5,,,5,,4925
1.42349E+12,0,0,4,2,3.15,2,0.24,10,,,10,,4930
1.42349E+12,0,0,1,0.5,3.15,2,0.24,5,,,5,,4935
1.42349E+12,0,0,4,2,2.55,2,0.24,10,,,10,,4940
1.42349E+12,0,0,0,0,2.55,2,0.24,0,,,0,,4945
1.42349E+12,0,0,4,2,2.55,2,0.24,10.5,,,10.5,,4950
1.42349E+12,0,0,0,0,2.55,2,0.24,0,,,0,,4955
1.42349E+12,0,0,4,2,2.55,2,0.24,10,,,10,,4960
1.42349E+12,0,0,0,0,2.55,2,0.24,0,,,0,,4965
1.42349E+12,0,0,0,0,2.55,2,0.24,0,,,0,,4970
1.42349E+12,0,0,1,0.5,2.55,2,0.24,5,,,5,,4975
1.42349E+12,0,0,0,0,2.55,2,0.24,0,,,0,,4980
1.42349E+12,0,0,2,1,2.65,2,0.24,10.5,,,10.5,,4985
1.42349E+12,0,0,0,0,2.65,2,0.24,0,,,0,,4990
1.42349E+12,0,0,2,1,2.65,2,0.24,10,,,10,,4995
1.42349E+12,0,0,0,0,2.65,2,0.24,0,,,0,,5000
1.42349E+12,0,0,2,1,2.65,2,0.24,10,,,10,,5005
1.42349E+12,0,0,0,0,2.65,2,0.24,0,,,0,,5010
1.42349E+12,0,0,2,1,2.65,2,0.24,10,,,10,,5015
1.42349E+12,0,0,0,0,2.95,2,0.24,0,,,0,,5020
1.42349E+12,0,0,2,1,2.95,2,0.24,10.5,,,10.5,,5025
1.42349E+12,0,0,0,0,2.95,2,0.24,0,,,0,,5030
1.42349E+12,0,0,2,1,2.95,2,0.24,10,,,10,,5035
1.42349E+12,0,0,0,0,2.2,2,0.24,0,,,0,,5040
1.42349E+12,0,0,2,1,2.2,2,0.24,10,,,10,,5045
1.42349E+12,0,0,0,0,2.2,2,0.24,0,,,0,,5050
1.42349E+12,0,0,0,0,2.2,2,0.24,0,,,0,,5055
1.42349E+12,0,0,0,0,2.2,2,0.24,0,,,0,,5060
1.42349E+12,0,0,0,0,2.2,2,0.24,0,,,0,,5065
1.42349E+12,0,0,0,0,2.2,2,0.24,0,,,0,,5070
1.42349E+12,0,0,0,0,2.2,2,0.24,0,,,0,,5075
1.42349E+12,0,0,0,0,2.2,2,0.24,0,EventProcessingUnit,ScaleIn,0,ECP1 started,5080
1.42349E+12,0,0,0,0,2.2,2,0.24,0,EventProcessingUnit,ScaleIn,0,,5085
1.42349E+12,0,0,0,0,2.2,2,0.24,0,EventProcessingUnit,ScaleIn,0,,5090
1.42349E+12,0,0,0,0,2.2,2,0.24,0,EventProcessingUnit,ScaleIn,0,,5095
1.42349E+12,0,0,0,0,2.5,1,0.12,0,EventProcessingUnit,ScaleIn,0,,5100
1.42349E+12,0,0,0,0,2.5,1,0.12,0,EventProcessingUnit,ScaleIn,0,,5105
1.42349E+12,0,0,0,0,2.5,1,0.12,0,EventProcessingUnit,ScaleIn,0,ECP1 ended,5110
1.42349E+12,0,0,0,0,2.5,1,0.12,0,,,0,,5115
1.42349E+12,0,0,0,0,2.5,1,0.12,0,,,0,,5120
1.42349E+12,0,0,0,0,2.5,1,0.12,0,,,0,,5125
1.42349E+12,0,0,0,0,2.1,1,0.12,0,,,0,,5130
1.42349E+12,0,0,0,0,2.1,1,0.12,0,,,0,,5135
1.42349E+12,0,0,0,0,2.1,1,0.12,0,,,0,,5140
1.42349E+12,0,0,0,0,2.1,1,0.12,0,,,0,,5145
1.42349E+12,0,0,0,0,2.1,1,0.12,0,,,0,,5150
1.42349E+12,0,0,0,0,2.1,1,0.12,0,,,0,,5155
1.42349E+12,0,0,0,0,2.1,1,0.12,0,,,0,,5160
1.42349E+12,0,0,0,0,2.1,1,0.12,0,,,0,,5165
1.42349E+12,0,0,0,0,2.1,1,0.12,0,,,0,,5170
1.42349E+12,0,0,0,0,2.1,1,0.12,0,,,0,,5175
1.42349E+12,0,0,0,0,2.1,1,0.12,0,,,0,,5180
1.42349E+12,0,0,0,0,2.1,1,0.12,0,,,0,,5185
1.42349E+12,0,0,0,0,2.1,1,0.12,0,,,0,,5190
1.42349E+12,0,0,0,0,2.1,1,0.12,0,,,0,,5195
1.42349E+12,0,0,0,0,2.1,1,0.12,0,,,0,,5200
1.42349E+12,0,0,0,0,2.1,1,0.12,0,,,0,,5205
1.42349E+12,0,0,0,0,2.1,1,0.12,0,,,0,,5210
1.42349E+12,0,0,0,0,2.1,1,0.12,0,,,0,,5215
1.42349E+12,0,0,0,0,2,1,0.12,0,,,0,,5220
1.42349E+12,0,0,0,0,2,1,0.12,0,,,0,,5225
1.42349E+12,0,0,0,0,2,1,0.12,0,,,0,,5230
1.42349E+12,0,0,0,0,2,1,0.12,0,,,0,,5235
1.42349E+12,0,0,0,0,2,1,0.12,0,,,0,,5240
1.42349E+12,0,0,0,0,2,1,0.12,0,,,0,,5245
1.42349E+12,0,0,0,0,2,1,0.12,0,,,0,,5250
1.42349E+12,0,0,0,0,2,1,0.12,0,,,0,,5255
1.42349E+12,0,0,0,0,2,1,0.12,0,,,0,,5260
1.42349E+12,0,0,0,0,2,1,0.12,0,,,0,,5265
1.42349E+12,0,0,0,0,2,1,0.12,0,,,0,,5270
1.42349E+12,0,0,0,0,2,1,0.12,0,,,0,,5275
1.42349E+12,0,0,0,0,2,1,0.12,0,,,0,,5280
1.42349E+12,0,0,0,0,2,1,0.12,0,,,0,,5285
1.42349E+12,0,0,0,0,2,1,0.12,0,,,0,,5290
1.42349E+12,0,0,0,0,2,1,0.12,0,,,0,,5295
1.42349E+12,0,0,0,0,2.6,1,0.12,0,,,0,,5300
1.42349E+12,0,0,0,0,2.6,1,0.12,0,,,0,,5305
1.42349E+12,0,0,0,0,2.6,1,0.12,0,,,0,,5310
1.42349E+12,0,0,0,0,2.6,1,0.12,0,,,0,,5315
1.42349E+12,0,0,0,0,2.6,1,0.12,0,,,0,,5320
1.42349E+12,0,0,0,0,2.6,1,0.12,0,,,0,,5325
1.42349E+12,0,0,0,0,2.6,1,0.12,0,,,0,,5330
1.42349E+12,0,0,0,0,2.6,1,0.12,0,,,0,,5335
1.42349E+12,0,0,0,0,2.9,1,0.12,0,,,0,,5340
1.42349E+12,0,0,0,0,2.9,1,0.12,0,,,0,,5345
1.42349E+12,0,0,0,0,2.9,1,0.12,0,,,0,,5350
1.42349E+12,0,0,0,0,2.9,1,0.12,0,,,0,,5355
1.42349E+12,0,0,0,0,2.9,1,0.12,0,,,0,,5360
1.42349E+12,0,0,0,0,2.9,1,0.12,0,,,0,,5365
1.42349E+12,0,0,0,0,2.9,1,0.12,0,,,0,,5370
1.42349E+12,0,0,0,0,2.9,1,0.12,0,,,0,,5375
1.42349E+12,0,0,0,0,2.9,1,0.12,0,,,0,,5380
1.42349E+12,0,0,0,0,2.9,1,0.12,0,,,0,,5385
1.42349E+12,0,0,0,0,2.9,1,0.12,0,,,0,,5390
1.42349E+12,0,0,0,0,2.9,1,0.12,0,,,0,,5395
1.42349E+12,0,0,0,0,2.9,1,0.12,0,,,0,,5400
1.42349E+12,0,0,0,0,2.9,1,0.12,0,,,0,,5405
1.42349E+12,0,0,0,0,2.9,1,0.12,0,,,0,,5410
1.42349E+12,0,0,0,0,2.9,1,0.12,0,,,0,,5415
1.42349E+12,0,0,0,0,2.9,1,0.12,0,,,0,,5420
1.42349E+12,0,0,0,0,2.9,1,0.12,0,,,0,,5425
